7.46269e-05 315.651 0.709582 -0.00619475 1.15101e-26 0 0 
0.000674732 2574.19 6.41562 0.0324133 -2.63266e-13 0 0 
0.00127484 4632.45 12.1217 0.0340478 -9.44954e-06 0 0 
0.00187494 6544.14 17.8277 0.0249884 -0.00169997 0 0 
0.00247505 8326.32 23.5337 0.0221935 -0.00353331 0 0 
0.00307515 9988.85 29.2398 0.0192502 0.00019251 6.43345e-317 0 
0.00367526 11538.8 34.9458 0.015609 0.00293242 3.67785e-304 0 
0.00427536 12981.8 40.6519 0.0170133 5.7821e-05 7.24605e-292 0 
0.00487547 14322.6 46.3579 0.0154823 -0.00334328 -6.07502e-279 0 
0.00547557 15565.6 52.064 0.0178426 -0.00194122 -6.80288e-266 0 
0.00607568 16714.7 57.77 0.017581 0.0035395 -3.00768e-253 0 
0.00667578 17773.8 63.476 0.0167861 0.00475224 -2.00294e-241 0 
0.00727589 18746.3 69.1821 0.0150718 0.00431973 7.24058e-228 0 
0.00787599 19635.7 74.8881 0.0108782 0.000212432 5.4712e-215 0 
0.0084761 20445.3 80.5942 0.00824149 -0.00234276 1.71414e-202 0 
0.0090762 21178.5 86.3002 0.00509594 -0.00303966 -3.25455e-190 0 
0.00967631 21838.2 92.0062 0.00454028 -0.00104101 -6.71907e-177 0 
0.0102764 22427.7 97.7123 0.0054984 0.00240056 -3.49218e-164 0 
0.0108765 22950 103.418 0.00718882 0.00444754 -5.00237e-152 0 
0.0114766 23408.1 109.124 0.00963795 0.00520804 5.82407e-139 0 
0.0120767 23804.9 114.83 0.0102224 0.00293234 4.90971e-126 0 
0.0126768 24143.4 120.536 0.00990216 0.000433158 1.57727e-113 0 
0.0132769 24426.3 126.242 0.00772671 -0.00219363 -2.61226e-101 0 
0.013877 24656.6 131.949 0.00489198 -0.00272551 -5.49625e-88 0 
0.0144771 24836.9 137.655 0.00265178 -0.00145806 -2.64469e-75 0 
0.0150773 24969.9 143.361 0.00122573 0.000872661 -2.24545e-63 0 
0.0156774 25058.4 149.067 0.00180252 0.00338702 5.07912e-50 0 
0.0162775 25104.9 154.773 0.00329085 0.00427254 3.47442e-37 0 
0.0168776 25112.1 160.479 0.00535613 0.00380608 7.70913e-25 0 
0.0174777 25082.4 166.185 0.00688911 0.00171324 -6.36543e-12 0 
0.0180778 25018.2 171.891 0.00702803 -0.000551372 3.25757e-09 0 
0.0186779 24922.1 177.597 0.0060241 -0.00209024 1.09784e-07 0 
0.019278 24796.3 183.303 0.0038923 -0.00228507 2.43983e-06 0 
0.0198781 24643.1 189.009 0.00182404 -0.000922004 3.52976e-05 0 
0.0204782 24464.8 194.715 0.000434758 0.000981704 0.000323604 0 
0.0210783 24263.6 200.421 0.00022543 0.00280883 0.00178573 0 
0.0216784 24041.6 206.127 0.00128495 0.00350008 0.00532529 0 
0.0222785 23800.9 211.833 0.00285768 0.00291503 0.00627226 0 
0.0228786 23543.4 217.539 0.00441413 0.00137583 -0.00192325 0 
0.0234787 23271.2 223.245 0.00510442 -0.000473342 -0.00290956 0 
0.0240788 22986 228.951 0.00471335 -0.00165793 0.00433327 0 
0.0246789 22689.8 234.657 0.00343119 -0.00185265 -0.0037352 0 
0.025279 22384.3 240.363 0.00171815 -0.000916189 0.00298723 0 
0.0258791 22071.1 246.069 0.000380157 0.000593534 -0.00253414 0 
0.0264793 21752 251.775 -0.000194909 0.00198146 0.00253293 0 
0.0270794 21428.6 257.481 0.000226128 0.00268268 -0.00274226 0 
0.0276795 21102.2 263.187 0.00134415 0.0023583 0.00293828 0 
0.0282796 20774.5 268.894 0.00260873 0.00128758 -0.00271454 0 
0.0288797 20446.7 274.6 0.00350396 -8.67235e-05 0.00181066 0 
0.0294798 20120.3 280.306 0.00360015 -0.00111919 -0.000217194 0 
0.0300799 19796.6 286.012 0.00293787 -0.00140525 -0.00146369 0 
0.03068 19476.7 291.718 0.00178575 -0.000901175 0.00225442 0 
0.0312801 19161.5 297.424 0.000638501 0.000142564 -0.00146871 0 
0.0318802 18851.5 303.13 -4.51635e-05 0.00119644 -0.00049243 0 
0.0324803 18546.9 308.836 -7.26519e-05 0.00183743 0.00174988 0 
0.0330804 18248.1 314.542 0.000517747 0.00181109 -0.00133429 0 
0.0336805 17955.4 320.248 0.00138752 0.00118797 -0.000728264 0 
0.0342806 17669 325.954 0.00215252 0.000292918 0.00157646 0 
0.0348807 17389.1 331.66 0.0024998 -0.000498199 -0.000302123 0 
0.0354808 17115.9 337.366 0.00230817 -0.000856202 -0.0011506 0 
0.0360809 16849.4 343.072 0.00171315 -0.000702581 0.000833258 0 
0.036681 16589.9 348.778 0.000964221 -0.000155659 0.000762305 0 
0.0372811 16337.3 354.484 0.000368639 0.000514709 -0.000890394 0 
0.0378812 16091.7 360.19 0.000117702 0.0010175 -0.000470631 0 
0.0384814 15853.1 365.896 0.00024658 0.00118633 0.00084242 0 
0.0390815 15621.6 371.602 0.000649407 0.000989408 0.000409156 0 
0.0396816 15397 377.308 0.00111867 0.000559551 -0.000683896 0 
0.0402817 15179.4 383.014 0.00147342 8.39509e-05 -0.000403008 0 
0.0408818 14968.6 388.72 0.00159198 -0.000261954 0.000536458 0 
0.0414819 14764.7 394.426 0.00146432 -0.000376564 0.000474347 0 
0.042082 14567.5 400.132 0.00116581 -0.000266536 -0.000294424 0 
0.0426821 14377 405.838 0.000806586 2.55043e-08 -0.000488029 0 
0.0432822 14192.9 411.545 0.000502743 0.000310146 3.77814e-05 0 
0.0438823 14015.1 417.251 0.000323629 0.000566033 0.000463952 0 
0.0444824 13843.6 422.957 0.000300432 0.000700661 0.000246187 0 
0.0450825 13678.2 428.663 0.00041955 0.000683889 -0.000273407 0 
0.0456826 13518.6 434.369 0.000635499 0.000530083 -0.000406744 0 
0.0462827 13364.8 440.075 0.000886391 0.000278367 -1.39154e-05 0 
0.0468828 13216.5 445.781 0.00109338 -5.74997e-08 0.000427177 0 
0.0474829 13073.6 451.487 0.00118753 -0.00022293 0.000354043 0 
0.048083 12935.8 457.193 0.00112032 -0.000312825 -0.000175326 0 
0.0486831 12803 462.899 0.000891379 -0.000223214 -0.000511271 0 
0.0492832 12674.9 468.605 0.000560358 2.9891e-05 -0.000211151 0 
0.0498833 12551.4 474.311 0.000233228 0.000368731 0.000403556 0 
0.0504835 12432.1 480.017 3.48728e-05 0.000664805 0.000566913 0 
0.0510836 12316.9 485.723 5.19866e-05 0.00079165 4.41741e-05 0 
0.0516837 12205.5 491.429 0.000294828 0.000678189 -0.000566546 0 
0.0522838 12097.7 497.135 0.000677547 0.000347656 -0.000517731 0 
0.0528839 11993.2 502.841 0.00104542 -7.71184e-05 0.000168749 0 
0.053484 11891.8 508.547 0.00123629 -0.0004231 0.000702689 0 
0.0540841 11793.2 514.253 0.00115127 -0.000535424 0.000453564 0 
0.0546842 11697.2 519.959 0.000806019 -0.000353453 -0.000319238 0 
0.0552843 11603.4 525.665 0.000331003 5.72603e-05 -0.000749065 0 
0.0558844 11511.7 531.371 -7.83767e-05 0.000525425 -0.000351455 0 
0.0564845 11421.7 537.077 -0.000246824 0.000846436 0.000449307 0 
0.0570846 11333.2 542.783 -9.85209e-05 0.000874067 0.000787019 0 
0.0576847 11245.8 548.49 0.000304906 0.000588524 0.000305 0 
0.0582848 11159.3 554.196 0.000787864 0.000109678 -0.00048783 0 
0.0588849 11073.3 559.902 0.00113736 -0.000354836 -0.000769183 0 
0.059485 10987.7 565.608 0.00119756 -0.000602196 -0.000266287 0 
0.0600851 10902 571.314 0.000941047 -0.00052678 0.000499618 0 
0.0606852 10816 577.02 0.00047904 -0.000166858 0.000767313 0 
0.0612853 10729.4 582.726 1.27098e-05 0.000312558 0.000299681 0 
0.0618855 10642.3 588.432 -0.000260794 0.000698643 -0.000424602 0 
0.0624856 10554.6 594.138 -0.000234729 0.000826798 -0.000714617 0 
0.0630857 10466.5 599.844 6.25175e-05 0.000652863 -0.000331332 0 
0.0636858 10378 605.55 0.000487128 0.000266845 0.000332561 0 
0.0642859 10289.1 611.256 0.000849443 -0.000155176 0.000666927 0 
0.064886 10199.9 616.962 0.000998973 -0.000432958 0.000406621 0 
0.0654861 10110.5 622.668 0.000887038 -0.000462274 -0.000171003 0 
0.0660862 10020.9 628.374 0.000578989 -0.000252728 -0.000549989 0 
0.0666863 9931.14 634.08 0.000215798 8.67817e-05 -0.000436904 0 
0.0672864 9841.28 639.786 -5.33927e-05 0.00040434 2.15953e-05 0 
0.0678865 9751.36 645.492 -0.000133907 0.000574039 0.000420775 0 
0.0684866 9661.45 651.198 -1.874e-05 0.000545347 0.000457867 0 
0.0690867 9571.57 656.904 0.000221079 0.000353443 0.000152564 0 
0.0696868 9481.77 662.61 0.000476019 9.25158e-05 -0.000221332 0 
0.0702869 9392.1 668.316 0.000647993 -0.000131506 -0.000383667 0 
0.070887 9302.6 674.022 0.000685709 -0.000243764 -0.000253558 0 
0.0714871 9213.31 679.728 0.000594785 -0.000223021 3.5365e-05 0 
0.0720872 9124.26 685.434 0.000424255 -9.79192e-05 0.00026893 0 
0.0726873 9035.5 691.141 0.000238181 7.51725e-05 0.000309011 0 
0.0732874 8947.07 696.847 9.35147e-05 0.000235975 0.000160074 0 
0.0738876 8859 702.553 2.33964e-05 0.00034055 -6.60051e-05 0 
0.0744877 8771.33 708.259 3.7888e-05 0.000365645 -0.000233963 0 
0.0750878 8684.08 713.965 0.000126482 0.000309521 -0.000254961 0 
0.0756879 8597.31 719.671 0.000263872 0.000187566 -0.000121591 0 
0.076288 8511.04 725.377 0.000413097 3.03652e-05 9.3687e-05 0 
0.0768881 8425.29 731.083 0.000529394 -0.000118562 0.000269113 0 
0.0774882 8340.11 736.789 0.000569947 -0.000210346 0.00029313 0 
0.0780883 8255.53 742.495 0.000508006 -0.000205096 0.000133183 0 
0.0786884 8171.56 748.201 0.000349368 -9.02887e-05 -0.000127781 0 
0.0792885 8088.25 753.907 0.000139039 0.000105089 -0.000325114 0 
0.0798886 8005.62 759.613 -4.70604e-05 0.000313088 -0.000314475 0 
0.0804887 7923.69 765.319 -0.000130331 0.00044815 -7.83796e-05 0 
0.0810888 7842.5 771.025 -6.38079e-05 0.000442807 0.000241463 0 
0.0816889 7762.07 776.731 0.000139947 0.000282129 0.000425828 0 
0.082289 7682.42 782.437 0.000405862 1.88922e-05 0.000330905 0 
0.0828891 7603.57 788.143 0.000621223 -0.00024085 4.56787e-07 0 
0.0834892 7525.56 793.849 0.000685102 -0.00038246 -0.000348829 0 
0.0840893 7448.4 799.555 0.000555339 -0.000333445 -0.000470186 0 
0.0846894 7372.11 805.261 0.000274679 -0.000103012 -0.000264564 0 
0.0852896 7296.72 810.967 -4.26995e-05 0.000216486 0.00014015 0 
0.0858897 7222.24 816.673 -0.000257597 0.000485115 0.000469996 0 
0.0864898 7148.7 822.379 -0.000270915 0.000579882 0.000491887 0 
0.0870899 7076.11 828.086 -7.07023e-05 0.000450589 0.00018201 0 
0.08769 7004.5 833.792 0.000257396 0.000148466 -0.000254195 0 
0.0882901 6933.87 839.498 0.000567849 -0.000196233 -0.000519895 0 
0.0888902 6864.26 845.204 0.000722813 -0.000430975 -0.000433027 0 
0.0894903 6795.67 850.91 0.000657964 -0.000451171 -5.16207e-05 0 
0.0900904 6728.12 856.616 0.000404843 -0.00024254 0.00036684 0 
0.0906905 6661.62 862.322 6.84045e-05 0.000108775 0.000542357 0 
0.0912906 6596.2 868.028 -0.000226321 0.000449997 0.000363311 0 
0.0918907 6531.85 873.734 -0.000370483 0.000616071 -4.3234e-05 0 
0.0924908 6468.56 879.44 -0.000293008 0.000508887 -0.000403937 0 
0.0930909 6406.31 885.146 5.82222e-06 0.000169725 -0.000486639 0 
0.093691 6345.1 890.852 0.000409351 -0.000216056 -0.000252044 0 
0.0942911 6284.9 896.558 0.000712239 -0.000432786 0.000133027 0 
0.0948912 6225.71 902.264 0.000758463 -0.000389897 0.000414962 0 
0.0954913 6167.51 907.97 0.00057092 -0.000163793 0.000424326 0 
0.0960914 6110.29 913.676 0.000300724 0.00011748 0.000176059 0 
0.0966915 6054.02 919.382 7.1774e-05 0.000365991 -0.000154686 0 
0.0972917 5998.71 925.088 -6.31493e-05 0.000503444 -0.000358162 0 
0.0978918 5944.32 930.794 -6.22794e-05 0.000448917 -0.000323991 0 
0.0984919 5890.85 936.5 7.24914e-05 0.000219986 -9.8777e-05 0 
0.099092 5838.29 942.206 0.000233226 -4.79931e-05 0.000160976 0 
0.0996921 5786.6 947.912 0.000298885 -0.000240658 0.000298688 0 
0.100292 5735.79 953.618 0.000253083 -0.000327528 0.00025166 0 
0.100892 5685.84 959.324 0.000121994 -0.000289146 7.53947e-05 0 
0.101492 5636.72 965.03 -7.3025e-05 -0.000138651 -0.000109967 0 
0.102092 5588.42 970.737 -0.000256608 2.89941e-05 -0.000200529 0 
0.102693 5540.94 976.443 -0.000352208 0.000140659 -0.000166999 0 
0.103293 5494.24 982.149 -0.000371427 0.000197957 -5.45136e-05 0 
0.103893 5448.32 987.855 -0.000342259 0.000197265 6.06187e-05 0 
0.104493 5403.15 993.561 -0.000273713 0.000147573 0.000123033 0 
0.105093 5358.73 999.267 -0.000216423 0.000106397 0.000121222 0 
0.105693 5315.04 1004.97 -0.000193045 8.37348e-05 7.82897e-05 0 
0.106293 5272.05 1010.68 -0.000177555 6.24851e-05 2.37673e-05 0 
0.106893 5229.76 1016.38 -0.000178439 5.9131e-05 -2.58147e-05 0 
0.107493 5188.15 1022.09 -0.000197431 6.3068e-05 -6.64182e-05 0 
0.108094 5147.19 1027.8 -0.000218012 6.54663e-05 -9.21203e-05 0 
0.108694 5106.88 1033.5 -0.000263337 9.53202e-05 -8.84312e-05 0 
0.109294 5067.19 1039.21 -0.000327398 0.000141304 -4.07741e-05 0 
0.109894 5028.11 1044.92 -0.000376347 0.000182116 4.51644e-05 0 
0.110494 4989.63 1050.62 -0.000401043 0.000207937 0.000133794 0 
0.111094 4951.72 1056.33 -0.000365268 0.000172847 0.00017101 0 
0.111694 4914.37 1062.03 -0.000264862 7.40879e-05 0.00011994 0 
0.112294 4877.56 1067.74 -0.000142685 -5.90366e-05 -9.13015e-06 0 
0.112894 4841.28 1073.45 -3.32871e-05 -0.000193883 -0.000151524 0 
0.113494 4805.5 1079.15 1.49395e-06 -0.000259223 -0.000221923 0 
0.114095 4770.22 1084.86 -6.37458e-05 -0.000225709 -0.000166548 0 
0.114695 4735.41 1090.56 -0.000198789 -0.000104946 -2.52689e-06 0 
0.115295 4701.05 1096.27 -0.000358982 6.47716e-05 0.000183583 0 
0.115895 4667.14 1101.98 -0.000456969 0.000192979 0.000281117 0 
0.116495 4633.65 1107.68 -0.000443177 0.00022494 0.000221596 0 
0.117095 4600.56 1113.39 -0.000315683 0.000136814 3.10105e-05 0 
0.117695 4567.86 1119.09 -0.000114241 -4.12849e-05 -0.000180294 0 
0.118295 4535.54 1124.8 6.31015e-05 -0.000218651 -0.000294237 0 
0.118895 4503.56 1130.51 0.000146202 -0.000320582 -0.000248364 0 
0.119496 4471.93 1136.21 9.08446e-05 -0.000284604 -5.28566e-05 0 
0.120096 4440.61 1141.92 -7.85794e-05 -0.000122922 0.00019317 0 
0.120696 4409.59 1147.62 -0.00027839 9.5512e-05 0.000327694 0 
0.121296 4378.86 1153.33 -0.000423771 0.000282523 0.000265102 0 
0.121896 4348.4 1159.04 -0.000436469 0.00034897 6.62597e-05 0 
0.122496 4318.21 1164.74 -0.000318436 0.000280475 -0.000154194 0 
0.123096 4288.27 1170.45 -0.000117207 0.000107111 -0.000287906 0 
0.123696 4258.6 1176.15 7.48013e-05 -8.08565e-05 -0.000255987 0 
0.124296 4229.19 1181.86 0.000173021 -0.000196655 -8.53804e-05 0 
0.124896 4200.03 1187.57 0.0001446 -0.000190291 0.000122476 0 
0.125497 4171.13 1193.27 4.31101e-06 -6.35443e-05 0.000265112 0 
0.126097 4142.47 1198.98 -0.000170104 0.000116556 0.000258999 0 
0.126697 4114.06 1204.68 -0.000305114 0.000276327 0.000114024 0 
0.127297 4085.9 1210.39 -0.000337167 0.000342105 -7.62804e-05 0 
0.127897 4057.98 1216.1 -0.000263329 0.000299908 -0.000213916 0 
0.128497 4030.3 1221.8 -0.000121505 0.000174271 -0.000221469 0 
0.129097 4002.85 1227.51 2.22363e-05 3.0026e-05 -0.000108317 0 
0.129697 3975.64 1233.21 0.000106859 -7.07926e-05 4.79303e-05 0 
0.130297 3948.65 1238.92 0.000108766 -9.27174e-05 0.000166622 0 
0.130898 3921.9 1244.63 3.5903e-05 -3.65143e-05 0.000183308 0 
0.131498 3895.36 1250.33 -6.40102e-05 5.79675e-05 0.000110053 0 
0.132098 3869.05 1256.04 -0.000149829 0.00014835 -2.07649e-06 0 
0.132698 3842.95 1261.74 -0.000182932 0.000192376 -9.23489e-05 0 
0.133298 3817.07 1267.45 -0.000165439 0.000185479 -0.000116221 0 
0.133898 3791.4 1273.16 -0.000108946 0.000134252 -8.40888e-05 0 
0.134498 3765.94 1278.86 -4.8326e-05 7.23882e-05 -2.00391e-05 0 
0.135098 3740.68 1284.57 -1.38062e-07 1.71237e-05 3.44217e-05 0 
0.135698 3715.62 1290.27 2.08794e-05 -1.28002e-05 6.16747e-05 0 
0.136298 3690.76 1295.98 2.38495e-05 -2.51241e-05 6.36121e-05 0 
0.136899 3666.09 1301.69 1.35269e-05 -2.20592e-05 4.90495e-05 0 
0.137499 3641.62 1307.39 -1.84405e-07 -1.51312e-05 3.339e-05 0 
0.138099 3617.33 1313.1 -1.98793e-05 -4.53821e-07 1.08994e-05 0 
0.138699 3593.22 1318.81 -4.51362e-05 2.0239e-05 -1.49909e-05 0 
0.139299 3569.3 1324.51 -7.63745e-05 5.03654e-05 -4.8282e-05 0 
0.139899 3545.55 1330.22 -0.000101383 7.68468e-05 -7.02774e-05 0 
0.140499 3521.97 1335.92 -0.000106779 8.79923e-05 -6.57319e-05 0 
0.141099 3498.57 1341.63 -7.81742e-05 6.51361e-05 -2.29803e-05 0 
0.141699 3475.33 1347.34 -1.85744e-05 9.40145e-06 4.64606e-05 0 
0.1423 3452.26 1353.04 5.52154e-05 -6.74502e-05 0.000108173 0 
0.1429 3429.34 1358.75 0.00011041 -0.000132014 0.000127499 0 
0.1435 3406.58 1364.45 0.000118953 -0.000155009 8.00614e-05 0 
0.1441 3383.97 1370.16 6.83919e-05 -0.000117051 -1.35854e-05 0 
0.1447 3361.5 1375.87 -2.47652e-05 -3.00769e-05 -0.000113357 0 
0.1453 3339.19 1381.57 -0.000121821 7.23164e-05 -0.000157661 0 
0.1459 3317.01 1387.28 -0.000175625 0.000140152 -0.000121591 0 
0.1465 3294.97 1392.98 -0.000157272 0.000140605 -1.1297e-05 0 
0.1471 3273.07 1398.69 -6.54903e-05 6.27169e-05 0.000112915 0 
0.1477 3251.29 1404.4 5.92269e-05 -5.78859e-05 0.000188613 0 
0.148301 3229.64 1410.1 0.00016693 -0.000174291 0.000166841 0 
0.148901 3208.11 1415.81 0.000201474 -0.000225373 5.86043e-05 0 
0.149501 3186.7 1421.51 0.000150726 -0.000191266 -8.47287e-05 0 
0.150101 3165.41 1427.22 2.98811e-05 -7.85172e-05 -0.000182696 0 
0.150701 3144.23 1432.93 -0.000101607 5.84745e-05 -0.000186067 0 
0.151301 3123.15 1438.63 -0.000187096 0.000161473 -8.64532e-05 0 
0.151901 3102.18 1444.34 -0.000183768 0.000181183 5.77322e-05 0 
0.152501 3081.32 1450.04 -9.51995e-05 0.000111728 0.000175793 0 
0.153101 3060.56 1455.75 4.05768e-05 -1.59624e-05 0.000199397 0 
0.153702 3039.91 1461.46 0.00015896 -0.000139322 0.000123695 0 
0.154302 3019.37 1467.16 0.000212058 -0.00020617 -1.44255e-05 0 
0.154902 2998.95 1472.87 0.000174088 -0.000183279 -0.000136678 0 
0.155502 2978.64 1478.57 7.17161e-05 -8.82426e-05 -0.000183948 0 
0.156102 2958.46 1484.28 -5.0588e-05 3.73276e-05 -0.000132951 0 
0.156702 2938.41 1489.99 -0.000134721 0.00013642 -1.68886e-05 0 
0.157302 2918.48 1495.69 -0.000145821 0.000166284 0.000103214 0 
0.157902 2898.68 1501.4 -8.79137e-05 0.000125752 0.000164383 0 
0.158502 2879.01 1507.1 1.5398e-05 3.11451e-05 0.000144043 0 
0.159102 2859.48 1512.81 0.000106625 -6.09108e-05 5.43425e-05 0 
0.159703 2840.09 1518.52 0.000158126 -0.000119603 -4.78293e-05 0 
0.160303 2820.84 1524.22 0.000144407 -0.000115464 -0.000119244 0 
0.160903 2801.73 1529.93 8.5139e-05 -6.06467e-05 -0.000121353 0 
0.161503 2782.77 1535.63 1.04126e-05 1.5145e-05 -6.97325e-05 0 
0.162103 2763.96 1541.34 -4.91301e-05 8.30535e-05 9.71691e-06 0 
0.162703 2745.29 1547.05 -6.51515e-05 0.000110109 7.26868e-05 0 
0.163303 2726.79 1552.75 -4.66237e-05 0.000101807 9.41375e-05 0 
0.163903 2708.43 1558.46 -4.99063e-07 6.28489e-05 7.61355e-05 0 
0.164503 2690.24 1564.16 4.46629e-05 1.96354e-05 2.95429e-05 0 
0.165104 2672.2 1569.87 7.33976e-05 -9.42877e-06 -1.12642e-05 0 
0.165704 2654.33 1575.58 8.3071e-05 -2.11966e-05 -4.03028e-05 0 
0.166304 2636.63 1581.28 7.19575e-05 -1.12684e-05 -4.38151e-05 0 
0.166904 2619.09 1586.99 5.77439e-05 3.37914e-06 -3.59078e-05 0 
0.167504 2601.72 1592.69 4.09829e-05 2.10758e-05 -2.18102e-05 0 
0.168104 2584.52 1598.4 2.72621e-05 3.70901e-05 -5.22138e-06 0 
0.168704 2567.5 1604.11 1.60328e-05 5.01928e-05 9.35385e-06 0 
0.169304 2550.65 1609.81 7.78298e-07 6.82149e-05 2.99603e-05 0 
0.169904 2533.98 1615.52 -7.00281e-06 7.99017e-05 4.45275e-05 0 
0.170504 2517.49 1621.23 -8.47616e-06 8.56153e-05 5.09065e-05 0 
0.171105 2501.19 1626.93 8.47215e-06 7.39034e-05 3.68495e-05 0 
0.171705 2485.07 1632.64 4.27274e-05 4.2356e-05 1.67377e-06 0 
0.172305 2469.13 1638.34 7.98755e-05 5.58176e-06 -3.81239e-05 0 
0.172905 2453.38 1644.05 0.000111351 -2.91787e-05 -6.90764e-05 0 
0.173505 2437.82 1649.76 0.000109977 -3.36048e-05 -6.38053e-05 0 
0.174105 2422.46 1655.46 7.88671e-05 -6.95193e-06 -2.53163e-05 0 
0.174705 2407.28 1661.17 2.24075e-05 4.73387e-05 3.53637e-05 0 
0.175305 2392.31 1666.87 -3.65506e-05 0.000110161 8.82174e-05 0 
0.175905 2377.53 1672.58 -6.419e-05 0.000145343 9.90492e-05 0 
0.176506 2362.95 1678.29 -5.33209e-05 0.000143488 6.4532e-05 0 
0.177106 2348.57 1683.99 5.96796e-06 9.12084e-05 -1.16278e-05 0 
0.177706 2334.4 1689.7 8.16202e-05 1.59377e-05 -8.37774e-05 0 
0.178306 2320.42 1695.4 0.000143875 -5.10644e-05 -0.000120218 0 
0.178906 2306.66 1701.11 0.000164324 -8.14062e-05 -9.66951e-05 0 
0.179506 2293.1 1706.82 0.000124295 -5.09006e-05 -1.90379e-05 0 
0.180106 2279.76 1712.52 4.94106e-05 1.8413e-05 6.88992e-05 0 
0.180706 2266.62 1718.23 -3.62112e-05 0.000104291 0.000132668 0 
0.181306 2253.7 1723.93 -8.47846e-05 0.000160881 0.000129182 0 
0.181906 2241 1729.64 -7.46712e-05 0.000162304 6.78896e-05 0 
0.182507 2228.5 1735.35 -1.42992e-05 0.000114204 -2.55695e-05 0 
0.183107 2216.22 1741.05 7.2283e-05 3.29426e-05 -0.00010442 0 
0.183707 2204.15 1746.76 0.000132931 -3.46143e-05 -0.00012563 0 
0.184307 2192.27 1752.46 0.000150909 -7.06111e-05 -8.86684e-05 0 
0.184907 2180.58 1758.17 0.000120532 -6.20474e-05 -4.84014e-06 0 
0.185507 2169.09 1763.88 6.37512e-05 -1.56248e-05 7.36459e-05 0 
0.186107 2157.77 1769.58 8.8189e-06 4.6906e-05 0.00011429 0 
0.186707 2146.63 1775.29 -3.33075e-05 0.000110634 9.76261e-05 0 
0.187307 2135.66 1780.99 -3.99777e-05 0.000139388 3.31632e-05 3.13732e-321 
0.187908 2124.85 1786.7 -1.14057e-05 0.000121666 -3.8337e-05 -5.18784e-308 
0.188508 2114.21 1792.41 4.51455e-05 6.44152e-05 -8.93147e-05 -2.33446e-295 
0.189108 2103.71 1798.11 9.92112e-05 -2.13467e-07 -8.91186e-05 2.64081e-282 
0.189708 2093.36 1803.82 0.000115548 -3.40422e-05 -4.80803e-05 1.29244e-269 
0.190308 2083.16 1809.52 9.55443e-05 -3.61778e-05 1.32883e-05 -1.38131e-256 
0.190908 2073.09 1815.23 5.07212e-05 -1.1163e-05 6.51497e-05 -6.62006e-244 
0.191508 2063.15 1820.94 7.0862e-06 2.33427e-05 8.11717e-05 7.54802e-231 
0.192108 2053.33 1826.64 -2.35076e-05 5.49557e-05 6.46403e-05 3.5209e-218 
0.192708 2043.63 1832.35 -3.02266e-05 6.93734e-05 2.19223e-05 -4.05981e-205 
0.193308 2034.05 1838.05 -2.76091e-06 5.3355e-05 -1.91184e-05 -1.94058e-192 
0.193909 2024.58 1843.76 4.07291e-05 2.4935e-05 -4.40676e-05 2.07672e-179 
0.194509 2015.21 1849.47 8.18942e-05 -2.60165e-07 -4.61762e-05 1.03819e-166 
0.195109 2005.93 1855.17 0.000106571 -1.24332e-05 -2.82139e-05 -1.02764e-153 
0.195709 1996.75 1860.88 0.000117091 -1.25025e-05 -6.89998e-06 -5.28514e-141 
0.196309 1987.65 1866.58 0.000115659 -1.76003e-06 1.2692e-05 5.03092e-128 
0.196909 1978.64 1872.29 0.00010031 1.99663e-05 2.09666e-05 2.6123e-115 
0.197509 1969.7 1878 8.50709e-05 3.67091e-05 2.23812e-05 -2.46197e-102 
0.198109 1960.82 1883.7 7.27926e-05 4.67324e-05 1.98091e-05 -1.27308e-89 
0.198709 1952.02 1889.41 5.91017e-05 5.54907e-05 1.40137e-05 1.20083e-76 
0.19931 1943.27 1895.12 4.29961e-05 6.21053e-05 7.60217e-06 6.2004e-64 
0.19991 1934.58 1900.82 2.98388e-05 6.28443e-05 -4.61863e-06 -6.51248e-51 
0.20051 1925.93 1906.53 2.46228e-05 5.50935e-05 -1.74747e-05 -4.07528e-40 
0.20111 1917.33 1912.23 2.43689e-05 4.08531e-05 -2.76683e-05 9.62537e-28 
0.20171 1908.76 1917.94 3.44005e-05 1.42847e-05 -2.74152e-05 1.69377e-18 
0.20231 1900.23 1923.65 5.07601e-05 -1.9414e-05 -1.17756e-05 -1.42718e-16 
0.20291 1891.72 1929.35 5.72451e-05 -4.34931e-05 1.46529e-05 -1.01506e-15 
0.20351 1883.23 1935.06 4.75081e-05 -5.19515e-05 4.46796e-05 -7.09341e-15 
0.20411 1874.76 1940.76 2.00877e-05 -4.06012e-05 6.10735e-05 -4.65325e-14 
0.20471 1866.31 1946.47 -2.13986e-05 -1.06219e-05 5.14746e-05 -2.86031e-13 
0.205311 1857.85 1952.18 -6.37289e-05 2.40158e-05 1.48435e-05 -1.64608e-12 
0.205911 1849.4 1957.88 -8.60867e-05 4.2862e-05 -3.19422e-05 -8.85835e-12 
0.206511 1840.94 1963.59 -7.98455e-05 3.63655e-05 -6.21933e-05 -4.45081e-11 
0.207111 1832.47 1969.29 -4.96082e-05 5.77007e-06 -6.43623e-05 -2.08374e-10 
0.207711 1823.99 1975 -4.41778e-06 -4.15119e-05 -3.93022e-05 -9.06768e-10 
0.208311 1815.48 1980.71 3.16086e-05 -8.09832e-05 3.99928e-06 -3.65645e-09 
0.208911 1806.95 1986.41 3.82269e-05 -9.22518e-05 5.24826e-05 -1.36102e-08 
0.209511 1798.39 1992.12 1.2733e-05 -7.06908e-05 8.09829e-05 -4.65356e-08 
0.210111 1789.79 1997.82 -3.70524e-05 -2.09219e-05 6.66038e-05 -1.45223e-07 
0.210712 1781.15 2003.53 -9.14292e-05 3.73999e-05 1.59057e-05 -4.10035e-07 
0.211312 1772.47 2009.24 -0.000123745 7.69227e-05 -4.27483e-05 -1.03428e-06 
0.211912 1763.73 2014.94 -0.000119983 8.23723e-05 -7.99793e-05 -2.28448e-06 
0.212512 1754.94 2020.65 -8.393e-05 5.38022e-05 -7.90619e-05 -4.26097e-06 
0.213112 1746.09 2026.35 -2.92404e-05 2.93172e-06 -3.69562e-05 -6.17625e-06 
0.213712 1737.19 2032.06 1.79185e-05 -4.39039e-05 2.51355e-05 -5.05621e-06 
0.214312 1728.24 2037.77 3.49514e-05 -6.3736e-05 7.23166e-05 5.35026e-06 
0.214912 1719.25 2043.47 1.80685e-05 -5.01498e-05 8.48507e-05 3.30173e-05 
0.215512 1710.22 2049.18 -2.5862e-05 -7.2564e-06 6.08928e-05 8.02894e-05 
0.216112 1701.16 2054.88 -7.66069e-05 4.51088e-05 1.16905e-05 0.000131718 
0.216713 1692.06 2060.59 -0.000108879 8.17282e-05 -3.78338e-05 0.000148978 
0.217313 1682.95 2066.3 -0.000111864 9.0234e-05 -6.22674e-05 9.25601e-05 
0.217913 1673.81 2072 -8.5293e-05 6.74823e-05 -5.4815e-05 -2.83188e-05 
0.218513 1664.65 2077.71 -4.12418e-05 2.46022e-05 -2.30888e-05 -0.000125993 
0.219113 1655.48 2083.41 -2.28651e-06 -1.63433e-05 1.85038e-05 -9.66754e-05 
0.219713 1646.31 2089.12 1.73443e-05 -4.06171e-05 4.82537e-05 4.445e-05 
0.220313 1637.13 2094.83 1.17064e-05 -3.98176e-05 5.28046e-05 0.000129645 
0.220913 1627.95 2100.53 -1.52397e-05 -1.67133e-05 3.5493e-05 3.6416e-05 
0.221513 1618.78 2106.24 -4.71936e-05 1.32407e-05 5.03158e-06 -0.000103597 
0.222114 1609.62 2111.94 -7.08674e-05 3.71247e-05 -2.45108e-05 -6.69963e-05 
0.222714 1600.47 2117.65 -7.79346e-05 4.49664e-05 -3.8543e-05 8.26109e-05 
0.223314 1591.33 2123.36 -6.62419e-05 3.38214e-05 -3.53996e-05 7.22776e-05 
0.223914 1582.22 2129.06 -4.5354e-05 1.24203e-05 -2.01772e-05 -7.18684e-05 
0.224514 1573.14 2134.77 -2.41986e-05 -1.09545e-05 4.11176e-07 -5.56439e-05 
0.225114 1564.08 2140.47 -1.0093e-05 -2.7937e-05 1.56493e-05 7.51647e-05 
0.225714 1555.06 2146.18 -7.63035e-06 -3.35865e-05 2.13235e-05 2.80945e-05 
0.226314 1546.08 2151.89 -1.23343e-05 -3.17407e-05 2.04005e-05 -7.32639e-05 
0.226914 1537.14 2157.59 -2.08686e-05 -2.50645e-05 1.37587e-05 1.17034e-05 
0.227514 1528.25 2163.3 -2.90838e-05 -1.82787e-05 6.19267e-06 5.53972e-05 
0.228115 1519.4 2169.01 -3.38102e-05 -1.43862e-05 4.34251e-07 -4.38877e-05 
0.228715 1510.61 2174.71 -3.78329e-05 -1.08854e-05 -5.90574e-06 -1.16988e-05 
0.229315 1501.88 2180.42 -3.9922e-05 -9.19907e-06 -1.07039e-05 4.60387e-05 
0.229915 1493.21 2186.12 -4.06426e-05 -8.29702e-06 -1.30406e-05 -3.21192e-05 
0.230515 1484.6 2191.83 -3.89086e-05 -9.6756e-06 -1.14811e-05 -4.36912e-06 
0.231115 1476.07 2197.54 -3.0868e-05 -1.70942e-05 -2.06873e-06 3.40378e-05 
0.231715 1467.6 2203.24 -1.86474e-05 -2.88378e-05 1.22844e-05 -3.77312e-05 
0.232315 1459.22 2208.95 -4.23669e-06 -4.3518e-05 2.68967e-05 1.74733e-05 
0.232915 1450.91 2214.65 6.08436e-06 -5.45552e-05 3.53838e-05 1.67208e-05 
0.233516 1442.69 2220.36 5.69855e-06 -5.5384e-05 2.97608e-05 -4.3501e-05 
0.234116 1434.55 2226.07 -5.9266e-06 -4.45098e-05 1.13225e-05 4.62857e-05 
0.234716 1426.51 2231.77 -2.71006e-05 -2.28847e-05 -1.40048e-05 -1.8334e-05 
0.235316 1418.56 2237.48 -4.75599e-05 -5.42953e-07 -3.57629e-05 -2.51911e-05 
0.235916 1410.71 2243.18 -5.77336e-05 1.30655e-05 -4.12661e-05 6.02789e-05 
0.236516 1402.96 2248.89 -5.14308e-05 1.05326e-05 -2.77611e-05 -6.39991e-05 
0.237116 1395.32 2254.6 -2.82271e-05 -9.43285e-06 6.63133e-07 3.29869e-05 
0.237716 1387.79 2260.3 1.5194e-06 -3.74508e-05 3.13554e-05 1.9091e-05 
0.238316 1380.37 2266.01 2.63589e-05 -6.23751e-05 4.80055e-05 -6.58518e-05 
0.238916 1373.07 2271.71 3.35506e-05 -7.05668e-05 4.31036e-05 8.61683e-05 
0.239517 1365.88 2277.42 1.92868e-05 -5.72861e-05 1.63564e-05 -7.02558e-05 
0.240117 1358.82 2283.13 -1.00265e-05 -2.73756e-05 -1.97301e-05 2.59721e-05 
0.240717 1351.89 2288.83 -4.25679e-05 7.76611e-06 -4.73904e-05 2.98064e-05 
0.241317 1345.08 2294.54 -6.17527e-05 3.14087e-05 -5.44147e-05 -7.62364e-05 
0.241917 1338.41 2300.24 -5.95134e-05 3.44309e-05 -3.55378e-05 9.94475e-05 
0.242517 1331.87 2305.95 -3.54815e-05 1.4803e-05 -5.95576e-07 -9.34461e-05 
0.243117 1325.48 2311.66 -5.78054e-07 -1.73724e-05 3.42935e-05 6.29866e-05 
0.243717 1319.22 2317.36 2.94371e-05 -4.68701e-05 5.30641e-05 -1.76552e-05 
0.244317 1313.09 2323.07 4.22789e-05 -6.05019e-05 4.67035e-05 -2.97178e-05 
0.244918 1307.08 2328.77 3.15816e-05 -5.07104e-05 2.06378e-05 6.92429e-05 
0.245518 1301.21 2334.48 4.46897e-06 -2.33059e-05 -1.31509e-05 -9.36957e-05 
0.246118 1295.45 2340.19 -2.72099e-05 1.06316e-05 -3.72893e-05 0.000101379 
0.246718 1289.8 2345.89 -4.84106e-05 3.56605e-05 -4.10689e-05 -9.32251e-05 
0.247318 1284.27 2351.6 -5.05168e-05 4.24418e-05 -2.45833e-05 7.35941e-05 
0.247918 1278.84 2357.3 -3.36283e-05 2.95892e-05 4.14905e-06 -4.68584e-05 
0.248518 1273.52 2363.01 -5.82127e-06 4.44831e-06 2.97146e-05 1.81702e-05 
0.249118 1268.3 2368.72 1.9406e-05 -1.98764e-05 4.16423e-05 9.12461e-06 
0.249718 1263.17 2374.42 3.27785e-05 -3.35197e-05 3.49829e-05 -3.20398e-05 
0.250318 1258.14 2380.13 2.89097e-05 -3.01581e-05 1.50809e-05 4.96546e-05 
0.250919 1253.19 2385.83 1.23834e-05 -1.35284e-05 -7.41021e-06 -6.12834e-05 
0.251519 1248.33 2391.54 -8.68883e-06 8.91863e-06 -2.27312e-05 6.77451e-05 
0.252119 1243.54 2397.25 -2.44779e-05 2.70329e-05 -2.41003e-05 -6.95675e-05 
0.252719 1238.84 2402.95 -2.90185e-05 3.45197e-05 -1.41143e-05 6.81744e-05 
0.253319 1234.2 2408.66 -2.24588e-05 3.05812e-05 1.65069e-06 -6.43078e-05 
0.253919 1229.64 2414.36 -8.52393e-06 1.85929e-05 1.44956e-05 5.92478e-05 
0.254519 1225.14 2420.07 5.08104e-06 5.99291e-06 1.9403e-05 -5.34579e-05 
0.255119 1220.7 2425.78 1.43511e-05 -2.92624e-06 1.57827e-05 4.7808e-05 
0.255719 1216.32 2431.48 1.61062e-05 -4.572e-06 6.37754e-06 -4.23948e-05 
0.25632 1211.99 2437.19 1.27316e-05 -1.00807e-06 -2.99118e-06 3.77097e-05 
0.25692 1207.71 2442.9 6.56496e-06 5.70743e-06 -9.88511e-06 -3.35646e-05 
0.25752 1203.48 2448.6 1.06747e-06 1.19371e-05 -1.18064e-05 3.02004e-05 
0.25812 1199.29 2454.31 -2.78327e-06 1.67333e-05 -1.09512e-05 -2.72668e-05 
0.25872 1195.14 2460.01 -5.0995e-06 1.99084e-05 -8.13991e-06 2.48551e-05 
0.25932 1191.03 2465.72 -6.18255e-06 2.19084e-05 -4.77688e-06 -2.25489e-05 
0.25992 1186.94 2471.43 -6.69924e-06 2.32673e-05 -6.90703e-07 2.03659e-05 
0.26052 1182.89 2477.13 -4.88466e-06 2.23789e-05 4.66157e-06 -1.78711e-05 
0.26112 1178.86 2482.84 -5.99005e-07 1.89002e-05 1.00842e-05 1.5068e-05 
0.26172 1174.84 2488.54 7.20956e-06 1.16486e-05 1.42973e-05 -1.15516e-05 
0.262321 1170.85 2494.25 1.54357e-05 3.52368e-06 1.3469e-05 7.35101e-06 
0.262921 1166.87 2499.96 2.16927e-05 -3.14378e-06 7.15059e-06 -2.15404e-06 
0.263521 1162.9 2505.66 2.14161e-05 -3.56982e-06 -4.42407e-06 -3.9002e-06 
0.264121 1158.93 2511.37 1.39931e-05 3.17895e-06 -1.59766e-05 1.09516e-05 
0.264721 1154.96 2517.07 9.34908e-07 1.61195e-05 -2.24238e-05 -1.86591e-05 
0.265321 1151 2522.78 -1.18909e-05 2.94943e-05 -1.87661e-05 2.68945e-05 
0.265921 1147.03 2528.49 -1.8651e-05 3.75111e-05 -5.18285e-06 -3.50297e-05 
0.266521 1143.05 2534.19 -1.49038e-05 3.51342e-05 1.33978e-05 4.26189e-05 
0.267121 1139.06 2539.9 -9.23563e-07 2.21669e-05 2.92049e-05 -4.87578e-05 
0.267721 1135.05 2545.6 1.76964e-05 3.54593e-06 3.4133e-05 5.27788e-05 
0.268322 1131.02 2551.31 3.31815e-05 -1.29106e-05 2.56537e-05 -5.3684e-05 
0.268922 1126.97 2557.02 3.78762e-05 -1.93242e-05 6.3755e-06 5.09014e-05 
0.269522 1122.89 2562.72 2.95481e-05 -1.26138e-05 -1.41936e-05 -4.37742e-05 
0.270122 1118.79 2568.43 1.08223e-05 5.2258e-06 -2.72867e-05 3.2346e-05 
0.270722 1114.64 2574.13 -9.40799e-06 2.57834e-05 -2.55889e-05 -1.68651e-05 
0.271322 1110.47 2579.84 -2.27554e-05 4.03511e-05 -1.06056e-05 -1.52126e-06 
0.271922 1106.25 2585.55 -2.22074e-05 4.12561e-05 1.11725e-05 2.13079e-05 
0.272522 1101.98 2591.25 -8.27181e-06 2.81416e-05 2.84275e-05 -4.02052e-05 
0.273122 1097.67 2596.96 1.43682e-05 5.36311e-06 3.32888e-05 5.58465e-05 
0.273723 1093.32 2602.66 3.51951e-05 -1.62806e-05 2.28211e-05 -6.56691e-05 
0.274323 1088.91 2608.37 4.5604e-05 -2.75817e-05 2.4421e-06 6.78238e-05 
0.274923 1084.47 2614.08 3.91982e-05 -2.18822e-05 -1.82536e-05 -6.11541e-05 
0.275523 1079.98 2619.78 1.90091e-05 -2.63872e-06 -2.9404e-05 4.6001e-05 
0.276123 1075.46 2625.49 -6.17836e-06 2.09861e-05 -2.60429e-05 -2.40079e-05 
0.276723 1070.9 2631.19 -2.22691e-05 3.53151e-05 -1.0486e-05 -1.57587e-06 
0.277323 1066.31 2636.9 -2.12121e-05 3.37912e-05 9.83749e-06 2.66902e-05 
0.277923 1061.69 2642.61 -3.68141e-06 1.81257e-05 2.48524e-05 -4.67073e-05 
0.278523 1057.05 2648.31 1.87989e-05 -7.90542e-07 2.83956e-05 5.78211e-05 
0.279123 1052.37 2654.02 3.50171e-05 -1.41713e-05 1.89739e-05 -5.75898e-05 
0.279724 1047.68 2659.72 3.87065e-05 -1.7669e-05 2.27984e-06 4.59758e-05 
0.280324 1042.97 2665.43 3.20542e-05 -1.34011e-05 -1.45502e-05 -2.53459e-05 
0.280924 1038.24 2671.14 1.88616e-05 -3.33754e-06 -2.36685e-05 5.17368e-07 
0.281524 1033.5 2676.84 3.87184e-06 8.98638e-06 -2.27533e-05 2.27701e-05 
0.282124 1028.74 2682.55 -8.56926e-06 1.93672e-05 -1.30075e-05 -3.87492e-05 
0.282724 1023.98 2688.25 -1.18691e-05 2.10605e-05 -5.95536e-07 4.36776e-05 
0.283324 1019.21 2693.96 -4.20117e-06 1.30505e-05 9.65096e-06 -3.66388e-05 
0.283924 1014.44 2699.67 1.01747e-05 8.78102e-08 1.32485e-05 2.04081e-05 
0.284524 1009.66 2705.37 2.2662e-05 -9.78224e-06 1.09084e-05 -2.0473e-07 
0.285125 1004.89 2711.08 3.00516e-05 -1.46143e-05 4.47847e-06 -1.73951e-05 
0.285725 1000.11 2716.79 3.23239e-05 -1.4612e-05 -1.45017e-06 2.69875e-05 
0.286325 995.346 2722.49 3.07987e-05 -1.08799e-05 -5.23265e-06 -2.60779e-05 
0.286925 990.588 2728.2 2.46024e-05 -2.93506e-06 -5.14232e-06 1.60855e-05 
0.287525 985.84 2733.9 1.66948e-05 5.19035e-06 -3.08415e-06 -1.8751e-06 
0.288125 981.104 2739.61 1.02815e-05 1.02433e-05 1.0113e-07 -1.03409e-05 
0.288725 976.384 2745.32 6.73745e-06 1.15236e-05 2.32925e-06 1.55899e-05 
0.289325 971.682 2751.02 3.06827e-06 1.23997e-05 4.43233e-06 -1.21119e-05 
0.289925 967 2756.73 2.61753e-08 1.19419e-05 6.14071e-06 2.7019e-06 
0.290525 962.339 2762.43 -3.97357e-07 8.77691e-06 8.35254e-06 7.1335e-06 
0.291126 957.704 2768.14 3.2193e-06 2.42127e-06 8.99975e-06 -1.15549e-05 
0.291726 953.095 2773.85 8.04464e-06 -4.13689e-06 7.41844e-06 7.73249e-06 
0.292326 948.515 2779.55 1.42525e-05 -1.14671e-05 2.52322e-06 2.40412e-06 
0.292926 943.967 2785.26 2.06198e-05 -1.80381e-05 -2.93888e-06 -1.2812e-05 
0.293526 939.453 2790.96 2.47637e-05 -2.09805e-05 -7.42332e-06 1.67014e-05 
0.294126 934.975 2796.67 2.29587e-05 -1.68302e-05 -9.03353e-06 -1.02185e-05 
0.294726 930.535 2802.38 1.81637e-05 -8.83266e-06 -8.06544e-06 -4.35196e-06 
0.295326 926.135 2808.08 1.36088e-05 2.40334e-08 -2.10449e-06 1.92604e-05 
0.295926 921.778 2813.79 1.21933e-05 6.70222e-06 8.54515e-06 -2.51493e-05 
0.296527 917.466 2819.49 1.52301e-05 8.88244e-06 2.00083e-05 1.6852e-05 
0.297127 913.201 2825.2 2.51083e-05 3.60762e-06 2.33253e-05 2.9063e-06 
0.297727 908.985 2830.91 3.79345e-05 -5.39792e-06 1.54177e-05 -2.3622e-05 
0.298327 904.821 2836.61 4.77279e-05 -1.25251e-05 7.69224e-07 3.27327e-05 
0.298927 900.71 2842.32 5.01887e-05 -1.38242e-05 -1.13647e-05 -2.30942e-05 
0.299527 896.655 2848.02 4.49476e-05 -8.22578e-06 -1.66992e-05 -1.42549e-06 
0.300127 892.657 2853.73 3.2165e-05 4.53591e-06 -1.38313e-05 2.71346e-05 
0.300727 888.72 2859.44 1.66882e-05 1.96087e-05 -3.95165e-06 -3.79749e-05 
0.301327 884.844 2865.14 6.05409e-06 2.94121e-05 9.41081e-06 2.58614e-05 
0.301927 881.033 2870.85 3.88103e-06 3.0514e-05 1.85176e-05 3.11349e-06 
0.302528 877.288 2876.55 9.50496e-06 2.2902e-05 1.82665e-05 -3.12498e-05 
0.303128 873.611 2882.26 2.01465e-05 9.03188e-06 9.93036e-06 4.01883e-05 
0.303728 870.004 2887.97 3.05517e-05 -5.5911e-06 -2.25135e-06 -2.31464e-05 
0.304328 866.465 2893.67 3.32132e-05 -1.31076e-05 -1.41828e-05 -9.26363e-06 
0.304928 862.993 2899.38 2.69593e-05 -1.21432e-05 -2.11993e-05 3.55932e-05 
0.305528 859.585 2905.08 1.38955e-05 -3.98643e-06 -1.87537e-05 -3.7764e-05 
0.306128 856.239 2910.79 -1.50098e-06 7.3222e-06 -8.87121e-06 1.41386e-05 
0.306728 852.953 2916.5 -1.40671e-05 1.63952e-05 3.20831e-06 1.87412e-05 
0.307328 849.727 2922.2 -1.76847e-05 1.70203e-05 1.24189e-05 -3.74948e-05 
0.307929 846.557 2927.91 -1.36158e-05 1.02781e-05 1.64388e-05 2.89962e-05 
0.308529 843.441 2933.61 -4.87071e-06 -1.30579e-06 1.23473e-05 -2.88404e-08 
0.309129 840.379 2939.32 4.22691e-06 -1.35246e-05 3.0398e-06 -2.74359e-05 
0.309729 837.368 2945.03 9.00229e-06 -2.12368e-05 -6.38317e-06 3.30448e-05 
0.310329 834.405 2950.73 6.2091e-06 -2.11757e-05 -1.14446e-05 -1.35994e-05 
0.310929 831.49 2956.44 -1.73526e-06 -1.5381e-05 -1.18194e-05 -1.46445e-05 
0.311529 828.621 2962.14 -1.13898e-05 -6.9733e-06 -6.38877e-06 2.93291e-05 
0.312129 825.795 2967.85 -2.00589e-05 1.23723e-06 1.71181e-06 -1.98916e-05 
0.312729 823.011 2973.56 -2.33802e-05 4.54223e-06 7.92426e-06 -4.23655e-06 
0.313329 820.267 2979.26 -2.16433e-05 3.2359e-06 1.01307e-05 2.23116e-05 
0.31393 817.561 2984.97 -1.68298e-05 -1.09248e-06 8.7518e-06 -2.01761e-05 
0.31453 814.891 2990.68 -1.15802e-05 -5.98976e-06 4.15318e-06 1.74268e-06 
0.31513 812.255 2996.38 -7.60306e-06 -9.4671e-06 -1.71481e-06 1.54579e-05 
0.31573 809.653 3002.09 -7.53332e-06 -8.94706e-06 -5.0427e-06 -1.6929e-05 
0.31633 807.081 3007.79 -9.47229e-06 -6.24825e-06 -6.44946e-06 3.43321e-06 
0.31693 804.538 3013.5 -1.24244e-05 -2.18531e-06 -5.86522e-06 1.05239e-05 
0.31753 802.023 3019.21 -1.57052e-05 2.46958e-06 -3.63155e-06 -1.22669e-05 
0.31813 799.533 3024.91 -1.75302e-05 5.70888e-06 -5.28405e-07 1.96293e-06 
0.31873 797.067 3030.62 -1.82117e-05 8.01694e-06 1.6402e-06 7.8147e-06 
0.319331 794.623 3036.32 -1.86977e-05 1.00868e-05 4.33646e-06 -7.49969e-06 
0.319931 792.199 3042.03 -1.8641e-05 1.15823e-05 6.66249e-06 -1.45415e-06 
0.320531 789.793 3047.74 -1.7693e-05 1.22658e-05 7.6138e-06 6.83279e-06 
0.321131 787.404 3053.44 -1.67322e-05 1.28564e-05 7.3918e-06 -3.05559e-06 
0.321731 785.03 3059.15 -1.38952e-05 1.14419e-05 5.43922e-06 -5.78818e-06 
0.322331 782.669 3064.85 -1.09931e-05 9.87222e-06 1.50022e-06 6.75997e-06 
0.322931 780.319 3070.56 -8.73657e-06 8.71087e-06 -2.33702e-06 1.18054e-06 
0.323531 777.98 3076.27 -8.14893e-06 8.98705e-06 -4.0129e-06 -1.03406e-05 
0.324131 775.647 3081.97 -1.05501e-05 1.23114e-05 -3.42265e-06 6.71759e-06 
0.324731 773.322 3087.68 -1.51863e-05 1.7794e-05 1.43451e-06 5.49732e-06 
0.325332 771 3093.38 -2.00725e-05 2.37343e-05 7.69403e-06 -1.44676e-05 
0.325932 768.681 3099.09 -2.29072e-05 2.77735e-05 1.27715e-05 5.93409e-06 
0.326532 766.363 3104.8 -2.24853e-05 2.84751e-05 1.42462e-05 1.02314e-05 
0.327132 764.045 3110.5 -1.70759e-05 2.40956e-05 1.07455e-05 -1.75816e-05 
0.327732 761.723 3116.21 -1.01315e-05 1.77814e-05 2.80226e-06 3.7731e-06 
0.328332 759.398 3121.91 -3.51099e-06 1.13682e-05 -6.02799e-06 1.52747e-05 
0.328932 757.067 3127.62 -3.33278e-07 8.09564e-06 -1.1709e-05 -1.89775e-05 
0.329532 754.728 3133.33 -3.17443e-06 1.07394e-05 -1.27288e-05 -2.21617e-07 
0.330132 752.38 3139.03 -9.38737e-06 1.68271e-05 -6.93646e-06 2.0144e-05 
0.330733 750.021 3144.74 -1.77459e-05 2.54142e-05 1.49118e-06 -1.79749e-05 
0.331333 747.649 3150.44 -2.34735e-05 3.1613e-05 9.32923e-06 -6.01794e-06 
0.331933 745.262 3156.15 -2.38547e-05 3.25503e-05 1.31991e-05 2.37168e-05 
0.332533 742.86 3161.86 -1.88408e-05 2.80513e-05 1.02135e-05 -1.39692e-05 
0.333133 740.44 3167.56 -1.00437e-05 1.9287e-05 2.91882e-06 -1.2852e-05 
0.333733 738 3173.27 -1.6425e-06 1.05684e-05 -5.88963e-06 2.47123e-05 
0.334333 735.541 3178.97 2.91719e-06 5.3505e-06 -1.17747e-05 -6.9938e-06 
0.334933 733.064 3184.68 1.5622e-06 5.87494e-06 -1.21883e-05 -1.91384e-05 
0.335533 730.569 3190.39 -4.54895e-06 1.14294e-05 -6.87584e-06 2.19108e-05 
0.336133 728.057 3196.09 -1.2857e-05 1.94151e-05 1.18243e-06 2.05069e-06 
0.336734 725.531 3201.8 -1.91723e-05 2.57908e-05 8.37446e-06 -2.28667e-05 
0.337334 722.99 3207.5 -2.05805e-05 2.74497e-05 1.17447e-05 1.50949e-05 
0.337934 720.435 3213.21 -1.72718e-05 2.42721e-05 9.21452e-06 1.10271e-05 
0.338534 717.869 3218.92 -9.8851e-06 1.68522e-05 3.63458e-06 -2.2188e-05 
0.339134 715.291 3224.62 -2.70227e-06 9.23248e-06 -3.12772e-06 5.31032e-06 
0.339734 712.703 3230.33 1.76896e-06 4.10956e-06 -7.69977e-06 1.72684e-05 
0.340334 710.106 3236.03 2.13726e-06 3.01864e-06 -7.43686e-06 -1.65572e-05 
0.340934 707.501 3241.74 -2.13146e-06 6.64701e-06 -4.38974e-06 -4.83373e-06 
0.341534 704.889 3247.45 -7.24425e-06 1.1437e-05 1.11429e-06 1.83774e-05 
0.342135 702.271 3253.15 -1.22433e-05 1.63147e-05 5.1668e-06 -7.1938e-06 
0.342735 699.648 3258.86 -1.40681e-05 1.82255e-05 6.08592e-06 -1.19453e-05 
0.343335 697.021 3264.56 -1.23157e-05 1.65713e-05 4.4162e-06 1.3736e-05 
0.343935 694.391 3270.27 -9.09638e-06 1.33355e-05 -2.82048e-07 2.53492e-06 
0.344535 691.759 3275.98 -4.2141e-06 8.30254e-06 -4.1677e-06 -1.32538e-05 
0.345135 689.126 3281.68 -1.6498e-06 5.44264e-06 -6.91331e-06 5.20728e-06 
0.345735 686.493 3287.39 -5.4698e-07 4.03697e-06 -7.0672e-06 8.52635e-06 
0.346335 683.861 3293.1 -1.15526e-06 4.36501e-06 -4.73584e-06 -8.5234e-06 
0.346935 681.231 3298.8 -3.47006e-06 6.5446e-06 -2.21929e-06 -2.80725e-06 
0.347535 678.604 3304.51 -4.60463e-06 7.62284e-06 8.49254e-07 8.14661e-06 
0.348136 675.981 3310.21 -6.2361e-06 9.29545e-06 2.30091e-06 -9.74702e-07 
0.348736 673.362 3315.92 -6.19132e-06 9.35455e-06 3.04813e-06 -5.85773e-06 
0.349336 670.75 3321.63 -5.9896e-06 9.22414e-06 2.95278e-06 2.54614e-06 
0.349936 668.145 3327.33 -5.90876e-06 9.30231e-06 2.30967e-06 4.05161e-06 
0.350536 665.548 3333.04 -4.72846e-06 8.24426e-06 1.8745e-06 -2.53263e-06 
0.351136 662.959 3338.74 -4.37259e-06 8.07715e-06 5.01741e-07 -3.31307e-06 
0.351736 660.38 3344.45 -2.26595e-06 6.14954e-06 -4.89306e-07 2.7312e-06 
0.352336 657.812 3350.16 -6.80109e-07 4.68461e-06 -2.06679e-06 3.631e-06 
0.352936 655.256 3355.86 7.90339e-07 3.35128e-06 -2.49128e-06 -3.80534e-06 
0.353537 652.712 3361.57 1.70296e-06 2.45851e-06 -1.50307e-06 -3.55793e-06 
0.354137 650.182 3367.27 -2.84902e-08 4.30859e-06 8.0192e-07 6.04377e-06 
0.354737 647.666 3372.98 -1.97043e-06 6.40499e-06 4.97643e-06 2.38282e-06 
0.355337 645.166 3378.69 -5.45553e-06 1.01988e-05 8.15881e-06 -8.24639e-06 
0.355937 642.682 3384.39 -7.25333e-06 1.24934e-05 1.03955e-05 6.28815e-07 
0.356537 640.215 3390.1 -6.8274e-06 1.25662e-05 9.23392e-06 9.5792e-06 
0.357137 637.767 3395.8 -4.48353e-06 1.07902e-05 5.51765e-06 -4.73703e-06 
0.357737 635.337 3401.51 5.57039e-07 6.12114e-06 8.0167e-07 -8.81079e-06 
0.358337 632.928 3407.22 4.26687e-06 2.65048e-06 -3.90896e-06 9.16944e-06 
0.358937 630.539 3412.92 6.86627e-06 1.63766e-07 -5.04653e-06 5.97413e-06 
0.359538 628.172 3418.63 5.74087e-06 1.3209e-06 -3.71606e-06 -1.24455e-05 
0.360138 625.828 3424.33 1.56381e-06 5.70866e-06 7.05944e-07 -1.22767e-06 
0.360738 623.507 3430.04 -3.00957e-06 1.062e-05 5.40216e-06 1.38672e-05 
0.361338 621.211 3435.75 -7.43104e-06 1.56539e-05 7.71854e-06 -4.16783e-06 
0.361938 618.941 3441.45 -7.59482e-06 1.65639e-05 7.41207e-06 -1.27849e-05 
0.362538 616.696 3447.16 -5.03614e-06 1.47326e-05 3.03429e-06 9.3244e-06 
0.363138 614.478 3452.86 1.62047e-07 1.01415e-05 -1.89939e-06 9.67057e-06 
0.363738 612.289 3458.57 5.66898e-06 4.87819e-06 -6.14884e-06 -1.2953e-05 
0.364338 610.128 3464.28 8.12319e-06 2.43242e-06 -7.20951e-06 -4.9836e-06 
0.364939 607.995 3469.98 8.43738e-06 2.02037e-06 -4.1137e-06 1.47631e-05 
0.365539 605.889 3475.69 5.02466e-06 5.57356e-06 6.88533e-07 -6.96305e-08 
0.366139 603.81 3481.39 1.03549e-06 1.02105e-05 6.28704e-06 -1.44064e-05 
0.366739 601.758 3487.1 -2.93247e-06 1.51535e-05 8.87296e-06 4.84638e-06 
0.367339 599.73 3492.81 -5.83598e-06 1.89972e-05 8.16635e-06 1.24399e-05 
0.367939 597.727 3498.51 -5.48766e-06 1.90016e-05 4.36467e-06 -8.41697e-06 
0.368539 595.748 3504.22 -2.90395e-06 1.6123e-05 -1.18619e-06 -9.24667e-06 
0.369139 593.792 3509.92 3.18438e-06 9.63855e-06 -5.13916e-06 1.06608e-05 
0.369739 591.859 3515.63 9.04991e-06 3.92512e-06 -6.85814e-06 5.78889e-06 
0.370339 589.948 3521.34 1.19447e-05 2.05586e-06 -4.99315e-06 -1.14067e-05 
0.37094 588.058 3527.04 1.01707e-05 5.17438e-06 -1.09377e-06 -2.33919e-06 
0.37154 586.189 3532.75 4.04631e-06 1.22016e-05 2.95101e-06 1.11138e-05 
0.37214 584.339 3538.45 -1.41666e-06 1.7824e-05 5.9408e-06 -4.60695e-07 
0.37274 582.509 3544.16 -4.37148e-06 2.04154e-05 6.23193e-06 -9.85157e-06 
0.37334 580.698 3549.87 -3.55404e-06 1.92701e-05 4.74365e-06 2.55772e-06 
0.37394 578.905 3555.57 -9.5997e-07 1.64311e-05 2.10515e-06 8.29272e-06 
0.37454 577.129 3561.28 1.96026e-06 1.33356e-05 -3.19718e-07 -3.77368e-06 
0.37514 575.369 3566.99 5.54996e-06 9.80209e-06 -1.25935e-06 -6.4582e-06 
0.37574 573.626 3572.69 8.428e-06 7.49529e-06 -1.208e-06 4.32563e-06 
0.376341 571.898 3578.4 9.75251e-06 7.37727e-06 -6.76837e-08 4.8855e-06 
0.376941 570.185 3584.1 8.51189e-06 9.89923e-06 1.01002e-06 -4.15761e-06 
0.377541 568.486 3589.81 6.0981e-06 1.32823e-05 1.38224e-06 -3.51566e-06 
0.378141 566.801 3595.52 4.39536e-06 1.54969e-05 1.14149e-06 3.63804e-06 
0.378741 565.128 3601.22 3.20551e-06 1.68628e-05 2.94308e-09 2.6484e-06 
0.379341 563.467 3606.93 1.73714e-06 1.81266e-05 -7.72129e-07 -2.70587e-06 
0.379941 561.819 3612.63 2.49671e-07 1.88485e-05 -1.44558e-06 -2.17017e-06 
0.380541 560.181 3618.34 -1.94673e-07 1.82862e-05 -2.04324e-06 1.78013e-06 
0.381141 558.553 3624.05 1.05096e-06 1.61812e-05 -2.89059e-06 2.22691e-06 
0.381741 556.935 3629.75 2.56973e-06 1.41973e-05 -4.31595e-06 -7.34519e-07 
0.382342 555.326 3635.46 4.30192e-06 1.22653e-05 -4.60524e-06 -2.6312e-06 
0.382942 553.726 3641.16 6.66728e-06 1.0005e-05 -3.81218e-06 -1.06594e-08 
0.383542 552.133 3646.87 8.98315e-06 8.29862e-06 -1.78086e-06 3.40398e-06 
0.384142 550.548 3652.58 1.00883e-05 8.24572e-06 -1.8979e-07 6.71653e-07 
0.384742 548.969 3658.28 8.99439e-06 1.05381e-05 5.1308e-07 -4.31516e-06 
0.385342 547.396 3663.99 7.66819e-06 1.30457e-05 1.37478e-06 -9.4381e-07 
0.385942 545.829 3669.69 6.60227e-06 1.53128e-05 2.47352e-06 5.34513e-06 
0.386542 544.266 3675.4 6.00136e-06 1.69594e-05 3.15588e-06 1.11664e-06 
0.387142 542.707 3681.11 6.0915e-06 1.74259e-05 1.20701e-06 -6.28227e-06 
0.387743 541.152 3686.81 7.37363e-06 1.60974e-05 -2.50282e-06 -9.75575e-07 
0.388343 539.599 3692.52 9.14421e-06 1.38514e-05 -5.36424e-06 7.1693e-06 
0.388943 538.049 3698.22 9.17945e-06 1.28899e-05 -5.04393e-06 8.53031e-07 
0.389543 536.501 3703.93 7.27286e-06 1.34461e-05 -2.04669e-06 -7.86392e-06 
0.390143 534.953 3709.64 4.12983e-06 1.50363e-05 1.63341e-06 -5.40346e-07 
0.390743 533.406 3715.34 5.85182e-07 1.71793e-05 4.65475e-06 8.4594e-06 
0.391343 531.859 3721.05 -2.71437e-06 1.92555e-05 6.00395e-06 3.24849e-07 
0.391943 530.311 3726.75 -3.73365e-06 1.91918e-05 4.55478e-06 -8.84089e-06 
0.392543 528.762 3732.46 -1.69552e-06 1.63655e-05 5.01209e-07 -7.29959e-09 
0.393143 527.211 3738.17 2.37344e-06 1.1833e-05 -3.47318e-06 9.14924e-06 
0.393744 525.657 3743.87 6.5262e-06 7.42581e-06 -4.87459e-06 -1.61654e-07 
0.394344 524.1 3749.58 1.01656e-05 3.71535e-06 -3.09497e-06 -9.21382e-06 
0.394944 522.54 3755.28 1.19938e-05 2.22295e-06 2.73259e-07 3.5073e-07 
0.395544 520.977 3760.99 1.12385e-05 3.70337e-06 4.50267e-06 9.23745e-06 
0.396144 519.411 3766.7 9.13015e-06 6.85236e-06 7.87934e-06 -3.3885e-07 
0.396744 517.843 3772.4 7.67571e-06 9.66733e-06 8.6746e-06 -9.01707e-06 
0.397344 516.273 3778.11 7.73372e-06 1.12821e-05 6.19075e-06 2.52499e-07 
0.397944 514.701 3783.81 9.20458e-06 1.15035e-05 2.41529e-06 8.78751e-06 
0.398544 513.128 3789.52 1.25735e-05 9.69173e-06 -6.53746e-07 4.33241e-09 
0.399145 511.554 3795.23 1.63936e-05 7.28436e-06 -2.46714e-06 -8.31105e-06 
0.399745 509.978 3800.93 1.89365e-05 5.92598e-06 -2.41212e-06 -3.32176e-07 
0.400345 508.403 3806.64 1.93249e-05 6.38198e-06 -3.9468e-07 7.79508e-06 
0.400945 506.826 3812.34 1.82944e-05 8.04013e-06 2.44799e-06 7.59467e-07 
0.401545 505.25 3818.05 1.57024e-05 1.11124e-05 3.77766e-06 -7.0498e-06 
0.402145 503.674 3823.76 1.27975e-05 1.42322e-05 3.51065e-06 -1.12441e-06 
0.402745 502.099 3829.46 1.09673e-05 1.60111e-05 2.02942e-06 6.25276e-06 
0.403345 500.524 3835.17 1.0562e-05 1.61327e-05 -1.5253e-07 1.53259e-06 
0.403945 498.951 3840.88 1.06832e-05 1.54064e-05 -2.48324e-06 -5.33284e-06 
0.404545 497.379 3846.58 1.14392e-05 1.36438e-05 -3.21476e-06 -1.77568e-06 
0.405146 495.809 3852.29 1.20109e-05 1.18201e-05 -2.40532e-06 4.40834e-06 
0.405746 494.24 3857.99 1.14172e-05 1.09189e-05 -8.83492e-07 2.05828e-06 
0.406346 492.674 3863.7 9.85614e-06 1.07558e-05 7.16672e-07 -3.39413e-06 
0.406946 491.111 3869.41 8.09803e-06 1.06719e-05 2.29922e-06 -2.15084e-06 
0.407546 489.55 3875.11 6.09452e-06 1.08083e-05 2.77579e-06 2.40878e-06 
0.408146 487.992 3880.82 4.1397e-06 1.07725e-05 2.24804e-06 2.19697e-06 
0.408746 486.438 3886.52 2.9894e-06 9.90203e-06 1.78416e-06 -1.29952e-06 
0.409346 484.888 3892.23 2.03769e-06 8.84972e-06 1.49954e-06 -2.02414e-06 
0.409946 483.341 3897.94 1.06666e-06 7.80072e-06 1.21651e-06 2.96203e-07 
0.410547 481.799 3903.64 4.10974e-07 6.43073e-06 1.32302e-06 1.65244e-06 
0.411147 480.261 3909.35 -9.7165e-09 4.94508e-06 1.84258e-06 7.15948e-07 
0.411747 478.728 3915.05 -6.8757e-07 3.76292e-06 1.81713e-06 -9.85693e-07 
0.412347 477.199 3920.76 -8.12327e-07 2.08803e-06 1.61497e-06 -1.4626e-06 
0.412947 475.676 3926.47 -8.62356e-07 4.62991e-07 1.56129e-06 2.07692e-07 
0.413547 474.159 3932.17 -1.34187e-06 -6.32527e-07 1.5744e-06 1.99946e-06 
0.414147 472.647 3937.88 -2.28588e-06 -1.19138e-06 1.48928e-06 7.77473e-07 
0.414747 471.142 3943.58 -3.45853e-06 -1.33073e-06 1.94312e-06 -2.2294e-06 
0.415347 469.643 3949.29 -5.32485e-06 -6.08e-07 1.98651e-06 -1.71981e-06 
0.415947 468.15 3955 -6.69789e-06 -2.41037e-07 1.40961e-06 2.24086e-06 
0.416548 466.665 3960.7 -7.28706e-06 -4.64855e-07 5.13386e-07 2.72701e-06 
0.417148 465.186 3966.41 -7.01892e-06 -1.40475e-06 -3.40472e-07 -1.88102e-06 
0.417748 463.715 3972.11 -5.97944e-06 -3.0672e-06 -1.32242e-06 -3.65387e-06 
0.418348 462.252 3977.82 -4.3205e-06 -5.25624e-06 -1.1397e-06 1.28069e-06 
0.418948 460.796 3983.53 -3.57288e-06 -6.4675e-06 1.5183e-08 4.47264e-06 
0.419548 459.349 3989.23 -3.75849e-06 -6.70615e-06 1.66864e-06 -2.69281e-07 
0.420148 457.91 3994.94 -5.07328e-06 -5.67044e-06 3.26041e-06 -4.93728e-06 
0.420748 456.48 4000.64 -7.20894e-06 -3.65764e-06 4.27176e-06 -9.44104e-07 
0.421348 455.058 4006.35 -9.26942e-06 -1.60269e-06 3.52434e-06 5.08236e-06 
0.421949 453.646 4012.06 -1.00049e-05 -7.20532e-07 1.78372e-06 2.27478e-06 
0.422549 452.243 4017.76 -9.69913e-06 -7.94728e-07 -3.836e-07 -4.69092e-06 
0.423149 450.85 4023.47 -7.96744e-06 -2.31407e-06 -2.22148e-06 -3.46112e-06 
0.423749 449.467 4029.17 -5.71905e-06 -4.34216e-06 -2.8268e-06 3.95532e-06 
0.424349 448.094 4034.88 -4.12615e-06 -5.74672e-06 -1.57946e-06 4.52614e-06 
0.424949 446.732 4040.59 -3.86027e-06 -5.85544e-06 3.76763e-07 -2.84621e-06 
0.425549 445.38 4046.29 -4.75094e-06 -4.73859e-06 2.5246e-06 -5.21907e-06 
0.426149 444.037 4052 -6.91762e-06 -2.2675e-06 3.73267e-06 1.50995e-06 
0.426749 442.705 4057.7 -8.7978e-06 -2.15342e-08 3.1669e-06 5.56679e-06 
0.427349 441.383 4063.41 -9.82798e-06 1.47396e-06 1.02455e-06 7.60771e-08 
0.42795 440.07 4069.12 -9.63138e-06 1.75028e-06 -1.59624e-06 -5.36556e-06 
0.42855 438.766 4074.82 -8.19597e-06 7.41997e-07 -4.27582e-06 -1.54603e-06 
0.42915 437.472 4080.53 -6.06686e-06 -9.9696e-07 -5.61004e-06 4.68068e-06 
0.42975 436.186 4086.23 -4.6173e-06 -2.14368e-06 -5.31965e-06 2.79967e-06 
0.43035 434.91 4091.94 -3.83623e-06 -2.68013e-06 -3.87317e-06 -3.50981e-06 
0.43095 433.642 4097.65 -4.4001e-06 -1.85227e-06 -1.91704e-06 -3.58074e-06 
0.43155 432.383 4103.35 -5.754e-06 -2.34256e-07 -9.48866e-08 2.2074e-06 
0.43215 431.132 4109.06 -7.11013e-06 1.42205e-06 4.65266e-07 3.93685e-06 
0.43275 429.889 4114.77 -7.91367e-06 2.56917e-06 2.87376e-07 -8.07513e-07 
0.433351 428.655 4120.47 -8.06061e-06 3.02506e-06 -5.38011e-07 -3.74788e-06 
0.433951 427.428 4126.18 -7.08206e-06 2.33293e-06 -1.52737e-06 -4.60877e-07 
0.434551 426.209 4131.88 -6.01203e-06 1.50027e-06 -2.05509e-06 3.17596e-06 
0.435151 424.998 4137.59 -4.88882e-06 5.30907e-07 -1.84826e-06 1.50758e-06 
0.435751 423.794 4143.3 -4.23178e-06 -2.40295e-09 -1.41978e-06 -2.17581e-06 
0.436351 422.597 4149 -4.26634e-06 1.33653e-07 -4.62291e-07 -1.99686e-06 
0.436951 421.407 4154.71 -4.70629e-06 6.43822e-07 1.81861e-07 1.05901e-06 
0.437551 420.224 4160.41 -5.08932e-06 1.1265e-06 5.46569e-07 1.99432e-06 
0.438151 419.048 4166.12 -5.59718e-06 1.70759e-06 7.67825e-07 -7.668e-09 
0.438751 417.879 4171.83 -5.57107e-06 1.73979e-06 8.92355e-07 -1.51016e-06 
0.439352 416.715 4177.53 -5.48806e-06 1.7061e-06 9.08034e-07 -6.33836e-07 
0.439952 415.559 4183.24 -5.29143e-06 1.51999e-06 1.2735e-06 8.12476e-07 
0.440552 414.408 4188.94 -4.94433e-06 1.15836e-06 1.29878e-06 9.2746e-07 
0.441152 413.263 4194.65 -4.67049e-06 8.69637e-07 1.39578e-06 5.09863e-08 
0.441752 412.124 4200.36 -4.39215e-06 5.24663e-07 1.31037e-06 -7.4253e-07 
0.442352 410.99 4206.06 -3.88661e-06 -3.68708e-08 1.04152e-06 -7.48151e-07 
0.442952 409.862 4211.77 -3.55589e-06 -4.62044e-07 7.93434e-07 1.73162e-07 
0.443552 408.739 4217.47 -3.19681e-06 -9.43108e-07 7.89972e-07 1.13901e-06 
0.444152 407.622 4223.18 -3.13526e-06 -1.13427e-06 6.84887e-07 7.42986e-07 
0.444753 406.509 4228.89 -3.57602e-06 -8.3549e-07 8.6653e-07 -9.35514e-07 
0.445353 405.401 4234.59 -4.06216e-06 -4.91121e-07 6.3649e-07 -1.54586e-06 
0.445953 404.298 4240.3 -4.6582e-06 2.07891e-09 1.20262e-07 2.94798e-07 
0.446553 403.2 4246 -4.81287e-06 3.58059e-08 -5.65566e-07 2.03474e-06 
0.447153 402.105 4251.71 -4.37328e-06 -5.03438e-07 -1.30385e-06 7.1884e-07 
0.447753 401.015 4257.42 -3.49905e-06 -1.50638e-06 -1.59692e-06 -1.97688e-06 
0.448353 399.929 4263.12 -2.36188e-06 -2.81238e-06 -1.12792e-06 -1.75945e-06 
0.448953 398.847 4268.83 -1.36587e-06 -3.99805e-06 -1.27359e-07 1.43741e-06 
0.449553 397.768 4274.53 -1.20771e-06 -4.37886e-06 1.43985e-06 2.69308e-06 
0.450153 396.694 4280.24 -1.55254e-06 -4.25025e-06 2.80228e-06 -3.08808e-07 
0.450754 395.622 4285.95 -2.72851e-06 -3.24945e-06 3.39405e-06 -3.06207e-06 
0.451354 394.554 4291.65 -3.79176e-06 -2.33578e-06 3.165e-06 -1.08736e-06 
0.451954 393.489 4297.36 -4.38458e-06 -1.8469e-06 1.84943e-06 2.73259e-06 
0.452554 392.427 4303.06 -4.15796e-06 -2.16931e-06 3.39342e-07 2.46173e-06 
0.453154 391.367 4308.77 -3.05155e-06 -3.39317e-06 -8.99733e-07 -1.67406e-06 
0.453754 390.311 4314.48 -1.50228e-06 -5.05786e-06 -1.36442e-06 -3.26775e-06 
0.454354 389.257 4320.18 -2.81211e-07 -6.43966e-06 -8.27991e-07 2.67389e-07 
0.454954 388.205 4325.89 3.17373e-07 -7.19989e-06 3.96886e-07 3.41178e-06 
0.455554 387.155 4331.59 -3.30208e-07 -6.74726e-06 1.57516e-06 1.33241e-06 
0.456154 386.108 4337.3 -1.58443e-06 -5.70458e-06 2.49309e-06 -2.77142e-06 
0.456755 385.063 4343.01 -2.79105e-06 -4.67645e-06 2.28497e-06 -2.6229e-06 
0.457355 384.021 4348.71 -3.29971e-06 -4.25389e-06 1.54579e-06 1.53438e-06 
0.457955 382.981 4354.42 -2.58946e-06 -4.90659e-06 3.92151e-07 3.27331e-06 
0.458555 381.943 4360.12 -1.54943e-06 -5.77839e-06 -5.03098e-07 1.31454e-07 
0.459155 380.908 4365.83 -6.59472e-07 -6.58629e-06 -6.71554e-07 -3.02063e-06 
0.459755 379.876 4371.54 -5.46091e-07 -6.84113e-06 -2.17837e-07 -1.53766e-06 
0.460355 378.846 4377.24 -7.67634e-07 -7.03397e-06 6.41877e-07 2.12046e-06 
0.460955 377.819 4382.95 -6.41033e-07 -7.60766e-06 1.51035e-06 2.41531e-06 
0.461555 376.794 4388.66 1.8531e-08 -8.41277e-06 1.77075e-06 -7.48694e-07 
0.462156 375.772 4394.36 5.4932e-07 -8.66609e-06 1.43468e-06 -2.62205e-06 
0.462756 374.753 4400.07 3.4169e-07 -7.91935e-06 4.8788e-07 -5.26081e-07 
0.463356 373.736 4405.77 -9.17579e-07 -6.28545e-06 -7.08357e-07 2.12481e-06 
0.463956 372.722 4411.48 -1.88388e-06 -5.33332e-06 -1.47861e-06 1.52196e-06 
0.464556 371.711 4417.19 -1.99082e-06 -5.55453e-06 -1.88132e-06 -9.73803e-07 
0.465156 370.702 4422.89 -1.11024e-06 -6.80647e-06 -1.44373e-06 -1.9011e-06 
0.465756 369.697 4428.6 -9.44743e-08 -8.04666e-06 -7.99365e-07 -3.83124e-08 
0.466356 368.694 4434.3 3.06133e-07 -8.52103e-06 1.04492e-07 1.52397e-06 
0.466956 367.694 4440.01 7.19583e-07 -8.87844e-06 9.26912e-07 8.22309e-07 
0.467556 366.698 4445.72 1.20063e-06 -9.09243e-06 1.5351e-06 -7.28096e-07 
0.468157 365.704 4451.42 1.82317e-06 -9.23559e-06 1.96721e-06 -1.12418e-06 
0.468757 364.713 4457.13 1.6703e-06 -8.51478e-06 2.1457e-06 1.19005e-07 
0.469357 363.725 4462.83 8.19065e-07 -7.29177e-06 2.09541e-06 7.50476e-07 
0.469957 362.74 4468.54 -5.96463e-09 -6.39028e-06 2.12716e-06 6.02253e-07 
0.470557 361.758 4474.25 -3.79259e-07 -6.11973e-06 2.26038e-06 -1.84696e-07 
0.471157 360.779 4479.95 -5.67053e-07 -6.11793e-06 2.62377e-06 -7.11559e-07 
0.471757 359.803 4485.66 -7.54513e-07 -6.14577e-06 2.79602e-06 -1.41636e-07 
0.472357 358.831 4491.36 -7.06744e-07 -6.45462e-06 2.366e-06 -1.68253e-08 
0.472957 357.861 4497.07 2.42449e-07 -7.53682e-06 1.78709e-06 5.73212e-07 
0.473558 356.895 4502.78 1.51226e-06 -8.67628e-06 1.32074e-06 5.59258e-07 
0.474158 355.932 4508.48 2.35759e-06 -9.13618e-06 1.91665e-06 -2.9484e-07 
0.474758 354.973 4514.19 2.64549e-06 -8.9131e-06 2.72203e-06 -7.72809e-07 
0.475358 354.016 4519.89 2.66339e-06 -8.36665e-06 2.87316e-06 -3.94885e-07 
0.475958 353.063 4525.6 2.80471e-06 -7.86498e-06 1.74048e-06 8.83446e-07 
0.476558 352.113 4531.31 2.3265e-06 -6.76005e-06 1.03665e-07 8.94017e-07 
0.477158 351.167 4537.01 1.74516e-06 -5.73027e-06 -5.68786e-07 -5.87488e-08 
0.477758 350.224 4542.72 1.35279e-06 -5.13685e-06 -1.22918e-07 -1.40711e-06 
0.478358 349.284 4548.42 1.5589e-06 -5.31873e-06 8.53635e-07 -7.7235e-07 
0.478958 348.348 4554.13 1.59392e-06 -5.45419e-06 1.38352e-06 1.15237e-06 
0.479559 347.416 4559.84 1.02054e-06 -5.13418e-06 1.64606e-06 1.46779e-06 
0.480159 346.486 4565.54 5.77399e-07 -5.03325e-06 1.84617e-06 1.68233e-08 
0.480759 345.561 4571.25 1.69551e-07 -4.8734e-06 1.75997e-06 -1.94805e-06 
0.481359 344.639 4576.95 -6.94632e-08 -4.71731e-06 1.05096e-06 -7.87515e-07 
0.481959 343.72 4582.66 -2.56537e-07 -4.45443e-06 7.74371e-08 1.2794e-06 
0.482559 342.805 4588.37 4.37708e-07 -4.92739e-06 -5.06044e-07 1.81444e-06 
0.483159 341.894 4594.07 1.95529e-06 -6.00409e-06 -5.25272e-07 -2.10049e-07 
0.483759 340.986 4599.78 3.56622e-06 -6.98665e-06 -7.35197e-07 -2.13491e-06 
0.484359 340.082 4605.48 4.86527e-06 -7.59765e-06 -1.01402e-06 -8.49037e-07 
0.48496 339.182 4611.19 5.75653e-06 -7.76346e-06 -9.37361e-07 1.22903e-06 
0.48556 338.285 4616.9 6.1172e-06 -7.35955e-06 -6.03279e-07 2.07763e-06 
0.48616 337.392 4622.6 5.45863e-06 -5.92738e-06 -4.78202e-07 -2.18901e-07 
0.48676 336.503 4628.31 4.30898e-06 -4.12858e-06 -9.28877e-07 -1.92142e-06 
0.48736 335.618 4634.01 3.42466e-06 -2.71021e-06 -1.13802e-06 -1.06843e-06 
0.48796 334.736 4639.72 2.92795e-06 -1.79153e-06 -1.23875e-06 1.2245e-06 
0.48856 333.858 4645.43 2.5432e-06 -1.1635e-06 -1.28418e-06 1.95691e-06 
0.48916 332.983 4651.13 2.45228e-06 -1.04766e-06 -1.46488e-06 -1.91021e-07 
0.48976 332.112 4656.84 2.6544e-06 -1.40584e-06 -1.1833e-06 -1.70029e-06 
0.49036 331.244 4662.55 2.57615e-06 -1.57189e-06 -4.09121e-07 -1.19485e-06 
0.490961 330.381 4668.25 1.88072e-06 -1.24714e-06 6.27912e-08 1.11699e-06 
0.491561 329.52 4673.96 1.0789e-06 -8.68565e-07 4.43326e-07 1.6371e-06 
0.492161 328.663 4679.66 4.40514e-07 -6.15041e-07 6.66124e-07 1.2688e-07 
0.492761 327.81 4685.37 -1.53297e-07 -3.25135e-07 9.76944e-07 -1.37959e-06 
0.493361 326.96 4691.08 -3.22103e-07 -4.00966e-07 7.15607e-07 -9.84148e-07 
0.493961 326.113 4696.78 2.16377e-07 -1.09267e-06 3.68031e-07 7.43637e-07 
0.494561 325.27 4702.49 1.17658e-06 -2.03101e-06 2.82565e-07 1.18465e-06 
0.495161 324.43 4708.19 2.00523e-06 -2.72847e-06 8.31984e-08 3.05663e-07 
0.495761 323.594 4713.9 2.9302e-06 -3.39315e-06 -2.33643e-07 -9.89626e-07 
0.496362 322.761 4719.61 3.87816e-06 -3.91967e-06 -6.83908e-07 -7.6638e-07 
0.496962 321.932 4725.31 4.4308e-06 -3.88088e-06 -6.60532e-07 2.17028e-07 
0.497562 321.105 4731.02 4.81669e-06 -3.57024e-06 -8.92064e-07 8.26846e-07 
0.498162 320.282 4736.72 5.36314e-06 -3.31667e-06 -1.11374e-06 3.81723e-07 
0.498762 319.463 4742.43 5.99586e-06 -3.01932e-06 -1.06363e-06 -3.48645e-07 
0.499362 318.646 4748.14 6.47722e-06 -2.54295e-06 -9.01646e-07 -4.48242e-07 
0.499962 317.833 4753.84 7.05628e-06 -2.14623e-06 -8.42566e-07 -1.40954e-07 
0.500562 317.023 4759.55 7.73087e-06 -1.8363e-06 -1.06811e-06 3.17439e-07 
0.501162 316.216 4765.25 8.05567e-06 -1.18572e-06 -9.8066e-07 3.20116e-07 
0.501762 315.413 4770.96 8.28089e-06 -5.15614e-07 -1.24473e-06 1.52589e-07 
0.502363 314.612 4776.67 8.63144e-06 -4.36139e-08 -1.4973e-06 -1.84406e-07 
0.502963 313.815 4782.37 8.793e-06 5.59961e-07 -1.40858e-06 -3.34339e-07 
0.503563 313.021 4788.08 8.72894e-06 1.24569e-06 -9.88598e-07 -2.61761e-07 
0.504163 312.23 4793.78 8.60129e-06 1.88027e-06 -4.32457e-07 1.58385e-07 
0.504763 311.442 4799.49 8.4161e-06 2.46651e-06 2.38079e-08 5.49283e-07 
0.505363 310.657 4805.2 7.75894e-06 3.39852e-06 7.85182e-07 3.50236e-07 
0.505963 309.875 4810.9 7.15419e-06 4.13518e-06 1.00057e-06 -3.04908e-07 
0.506563 309.096 4816.61 6.69132e-06 4.62674e-06 8.59027e-07 -6.76869e-07 
0.507163 308.32 4822.31 6.0912e-06 5.15136e-06 6.57929e-07 -1.62158e-07 
0.507764 307.547 4828.02 5.82608e-06 5.19493e-06 3.32969e-07 6.52655e-07 
0.508364 306.778 4833.73 5.69222e-06 5.00779e-06 2.87054e-08 7.75778e-07 
0.508964 306.011 4839.43 5.60316e-06 4.68136e-06 -7.08598e-08 -1.20311e-07 
0.509564 305.247 4845.14 5.10602e-06 4.64471e-06 2.7981e-07 -9.80431e-07 
0.510164 304.486 4850.84 4.545e-06 4.59954e-06 4.39589e-07 -6.46086e-07 
0.510764 303.727 4856.55 3.72156e-06 4.77768e-06 5.00444e-07 5.6356e-07 
0.511364 302.972 4862.26 2.52788e-06 5.27551e-06 6.34495e-07 1.14476e-06 
0.511964 302.22 4867.96 1.79161e-06 5.28662e-06 4.33652e-07 2.96172e-07 
0.512564 301.47 4873.67 1.1331e-06 5.21478e-06 1.95182e-07 -9.18318e-07 
0.513164 300.723 4879.37 8.20116e-07 4.78342e-06 2.05412e-07 -9.9332e-07 
0.513765 299.979 4885.08 7.94006e-07 4.02184e-06 3.66823e-07 2.35802e-07 
0.514365 299.238 4890.79 9.14368e-07 3.13434e-06 6.49319e-07 1.23695e-06 
0.514965 298.5 4896.49 8.04987e-07 2.46779e-06 9.7716e-07 7.28713e-07 
0.515565 297.764 4902.2 3.0417e-07 2.18829e-06 1.41324e-06 -7.04174e-07 
0.516165 297.031 4907.9 -2.38892e-07 2.01383e-06 1.26593e-06 -1.251e-06 
0.516765 296.3 4913.61 -1.21011e-06 2.29792e-06 9.77597e-07 -2.47193e-07 
0.517365 295.573 4919.32 -2.02586e-06 2.4826e-06 7.21961e-07 1.02112e-06 
0.517965 294.848 4925.02 -2.3495e-06 2.21663e-06 1.88945e-07 1.01057e-06 
0.518565 294.125 4930.73 -2.61866e-06 1.96063e-06 2.43907e-07 -2.10034e-07 
0.519166 293.406 4936.43 -2.4197e-06 1.25235e-06 4.66336e-07 -1.10209e-06 
0.519766 292.688 4942.14 -2.17722e-06 5.41774e-07 1.06267e-06 -6.09122e-07 
0.520366 291.974 4947.85 -2.07748e-06 3.72339e-08 1.50106e-06 6.42678e-07 
0.520966 291.262 4953.55 -2.18522e-06 -2.51786e-07 1.91585e-06 1.08193e-06 
0.521566 290.552 4959.26 -2.60559e-06 -1.48352e-07 1.9969e-06 2.44276e-07 
0.522166 289.845 4964.97 -2.9915e-06 -2.69336e-08 1.29992e-06 -7.9296e-07 
0.522766 289.141 4970.67 -3.71284e-06 4.74692e-07 7.83629e-07 -7.89408e-07 
0.523366 288.439 4976.38 -3.79905e-06 4.09457e-07 -2.52782e-07 1.05494e-07 
0.523966 287.739 4982.08 -3.93528e-06 4.36065e-07 -1.01014e-06 7.76776e-07 
0.524566 287.042 4987.79 -3.87284e-06 3.0221e-07 -1.38681e-06 4.88798e-07 
0.525167 286.347 4993.5 -3.45558e-06 -1.60526e-07 -1.58272e-06 -3.17016e-07 
0.525767 285.654 4999.2 -3.51894e-06 -9.67994e-08 -1.39249e-06 -6.64085e-07 
0.526367 284.964 5004.91 -3.35366e-06 -2.40554e-07 -1.21982e-06 -2.11549e-07 
0.526967 284.277 5010.61 -3.52618e-06 -2.42263e-08 -8.2727e-07 4.28349e-07 
0.527567 283.591 5016.32 -3.66235e-06 2.20806e-07 -7.27862e-07 5.14961e-07 
0.528167 282.908 5022.03 -3.85488e-06 5.12909e-07 -5.86813e-07 8.77524e-08 
0.528767 282.227 5027.73 -4.00987e-06 8.23268e-07 -3.6935e-07 -2.98259e-07 
0.529367 281.548 5033.44 -3.94177e-06 9.31308e-07 -6.01307e-07 -2.72117e-07 
0.529967 280.872 5039.14 -4.08058e-06 1.24744e-06 -3.75428e-07 -2.45568e-09 
0.530568 280.198 5044.85 -3.84759e-06 1.22987e-06 -4.66898e-07 2.05873e-07 
0.531168 279.526 5050.56 -3.82483e-06 1.41296e-06 -5.10097e-07 1.7873e-07 
0.531768 278.856 5056.26 -3.88689e-06 1.70518e-06 -3.6054e-07 2.05833e-08 
0.532368 278.189 5061.97 -3.58491e-06 1.63064e-06 -4.74611e-07 -1.09678e-07 
0.532968 277.523 5067.67 -3.75716e-06 2.05071e-06 -1.79066e-07 -1.55968e-07 
0.533568 276.86 5073.38 -3.49333e-06 2.02792e-06 -7.27041e-08 -1.23218e-07 
0.534168 276.198 5079.09 -3.46132e-06 2.23721e-06 4.55974e-07 2.25303e-08 
0.534768 275.539 5084.79 -3.53183e-06 2.56477e-06 7.57388e-07 2.51316e-07 
0.535368 274.882 5090.5 -3.49382e-06 2.758e-06 1.1374e-06 2.96055e-07 
0.535968 274.227 5096.2 -3.73635e-06 3.25629e-06 1.50243e-06 2.05926e-08 
0.536569 273.574 5101.91 -3.67229e-06 3.44441e-06 1.41797e-06 -3.2308e-07 
0.537169 272.923 5107.62 -3.793e-06 3.79595e-06 1.69552e-06 -3.01394e-07 
0.537769 272.273 5113.32 -3.52635e-06 3.7879e-06 1.60162e-06 1.11329e-07 
0.538369 271.626 5119.03 -3.3392e-06 3.81648e-06 1.59382e-06 4.72093e-07 
0.538969 270.981 5124.73 -3.1043e-06 3.80187e-06 1.78639e-06 3.26893e-07 
0.539569 270.337 5130.44 -2.74536e-06 3.64697e-06 1.60073e-06 -2.49042e-07 
0.540169 269.696 5136.15 -2.86325e-06 3.94597e-06 1.64965e-06 -6.05266e-07 
0.540769 269.056 5141.85 -2.83285e-06 4.10011e-06 1.33348e-06 -2.71888e-07 
0.541369 268.419 5147.56 -3.08073e-06 4.51793e-06 9.20589e-07 4.35562e-07 
0.54197 267.783 5153.26 -3.41468e-06 5.02956e-06 4.57262e-07 6.74607e-07 
0.54257 267.148 5158.97 -3.25497e-06 5.03267e-06 -3.75509e-08 1.44874e-07 
0.54317 266.516 5164.68 -3.33794e-06 5.2776e-06 -9.64523e-08 -5.4738e-07 
0.54377 265.886 5170.38 -2.87399e-06 4.94806e-06 -1.29263e-07 -5.88326e-07 
0.54437 265.257 5176.09 -2.54975e-06 4.7337e-06 4.48138e-07 8.74873e-08 
0.54497 264.63 5181.79 -2.29472e-06 4.58095e-06 8.57847e-07 7.10555e-07 
0.54557 264.004 5187.5 -2.05434e-06 4.41546e-06 1.36395e-06 5.69728e-07 
0.54617 263.381 5193.21 -2.18626e-06 4.63874e-06 1.74179e-06 -2.19025e-07 
0.54677 262.759 5198.91 -2.34461e-06 4.88238e-06 1.62679e-06 -7.51877e-07 
0.54737 262.138 5204.62 -2.71915e-06 5.31191e-06 1.60598e-06 -4.22964e-07 
0.547971 261.52 5210.32 -2.95385e-06 5.59539e-06 1.25489e-06 3.81103e-07 
0.548571 260.903 5216.03 -2.90556e-06 5.53748e-06 9.50397e-07 7.2181e-07 
0.549171 260.288 5221.74 -2.51534e-06 5.15982e-06 9.81458e-07 2.33477e-07 
0.549771 259.674 5227.44 -1.75391e-06 4.44648e-06 8.38131e-07 -4.82116e-07 
0.550371 259.063 5233.15 -1.32346e-06 4.09963e-06 1.09549e-06 -6.33491e-07 
0.550971 258.453 5238.86 -1.25649e-06 4.11396e-06 1.12865e-06 -7.14435e-08 
0.551571 257.845 5244.56 -1.88712e-06 4.71535e-06 1.10664e-06 5.67429e-07 
0.552171 257.238 5250.27 -2.63284e-06 5.30128e-06 9.98259e-07 5.95377e-07 
0.552771 256.634 5255.97 -2.66736e-06 5.12911e-06 7.38036e-07 1.40294e-08 
0.553372 256.031 5261.68 -2.21081e-06 4.55096e-06 6.00776e-07 -5.10084e-07 
0.553972 255.43 5267.39 -1.13939e-06 3.55507e-06 4.89283e-07 -4.0818e-07 
0.554572 254.83 5273.09 -6.76846e-07 3.28356e-06 5.95745e-07 1.2669e-07 
0.555172 254.233 5278.8 -1.00405e-06 3.74684e-06 7.59617e-07 4.68665e-07 
0.555772 253.637 5284.5 -1.63477e-06 4.30675e-06 9.90992e-07 2.86405e-07 
0.556372 253.043 5290.21 -2.19247e-06 4.61301e-06 1.19045e-06 -1.51716e-07 
0.556972 252.451 5295.92 -2.03249e-06 4.15087e-06 1.18158e-06 -3.7576e-07 
0.557572 251.861 5301.62 -1.61917e-06 3.5232e-06 1.1984e-06 -2.1215e-07 
0.558172 251.272 5307.33 -1.3947e-06 3.18645e-06 9.69691e-07 1.2551e-07 
0.558772 250.686 5313.03 -1.05207e-06 2.79033e-06 7.31572e-07 2.8809e-07 
0.559373 250.101 5318.74 -7.69284e-07 2.51304e-06 4.58951e-07 1.61437e-07 
0.559973 249.518 5324.45 -2.58463e-07 2.06743e-06 -1.75423e-08 -6.30249e-08 
0.560573 248.937 5330.15 -1.72903e-07 2.0712e-06 -1.85336e-07 -1.52094e-07 
0.561173 248.358 5335.86 -6.56805e-07 2.56682e-06 -3.20249e-07 -7.52547e-08 
0.561773 247.78 5341.56 -1.31141e-06 3.0588e-06 -1.73942e-07 3.25939e-08 
0.562373 247.205 5347.27 -1.62894e-06 3.10115e-06 -3.95153e-08 1.21348e-07 
0.562973 246.631 5352.98 -1.54268e-06 2.71099e-06 -2.5889e-07 1.5436e-07 
0.563573 246.059 5358.68 -1.29177e-06 2.19464e-06 -4.74519e-07 1.08557e-07 
0.564173 245.489 5364.39 -1.1614e-06 1.84183e-06 -4.58238e-07 -1.97623e-08 
0.564774 244.921 5370.09 -7.61764e-07 1.26464e-06 7.98691e-08 -1.81355e-07 
0.565374 244.355 5375.8 -1.48684e-07 5.9199e-07 9.78356e-07 -1.81023e-07 
0.565974 243.791 5381.51 3.9982e-07 1.10588e-07 1.29919e-06 -4.98909e-09 
0.566574 243.229 5387.21 4.47916e-07 1.78309e-07 1.02189e-06 1.68393e-07 
0.567174 242.668 5392.92 2.60128e-07 4.47644e-07 4.06819e-07 2.26215e-07 
0.567774 242.11 5398.62 7.5351e-08 6.34899e-07 2.98603e-07 6.13654e-08 
0.568374 241.553 5404.33 3.80782e-08 6.25406e-07 8.7193e-07 -2.62899e-07 
0.568974 240.998 5410.04 -2.7502e-07 8.0837e-07 1.52886e-06 -2.6491e-07 
0.569574 240.446 5415.74 -6.6023e-07 9.42868e-07 1.7312e-06 7.85886e-08 
0.570174 239.895 5421.45 -8.97527e-07 8.50435e-07 1.50559e-06 3.0844e-07 
0.570775 239.346 5427.15 -8.57654e-07 4.82418e-07 1.04115e-06 3.31734e-07 
0.571375 238.799 5432.86 -8.085e-07 1.66124e-07 6.09978e-07 3.10555e-08 
0.571975 238.254 5438.57 -7.85976e-07 -6.86743e-08 -4.14625e-08 -3.99044e-07 
0.572575 237.711 5444.27 -4.98691e-07 -5.05683e-07 -6.32673e-07 -2.67817e-07 
0.573175 237.17 5449.98 2.29179e-07 -1.25837e-06 -7.94476e-07 1.51198e-07 
0.573775 236.631 5455.68 8.29876e-07 -1.77609e-06 -4.8527e-07 3.74999e-07 
0.574375 236.094 5461.39 1.29451e-06 -2.10367e-06 -1.8927e-07 2.82944e-07 
0.574975 235.559 5467.1 1.5789e-06 -2.25006e-06 -2.60258e-07 -1.7602e-07 
0.575575 235.026 5472.8 1.8602e-06 -2.39385e-06 -5.97404e-07 -4.4264e-07 
0.576176 234.495 5478.51 1.75743e-06 -2.1641e-06 -7.5572e-07 -2.65567e-07 
0.576776 233.966 5484.21 1.19305e-06 -1.54955e-06 -9.66726e-07 1.75003e-07 
0.577376 233.439 5489.92 5.99993e-07 -1.01238e-06 -1.22699e-06 5.18305e-07 
0.577976 232.913 5495.63 1.93874e-07 -7.28405e-07 -1.37289e-06 2.18661e-07 
0.578576 232.39 5501.33 -1.79266e-07 -5.3947e-07 -1.15047e-06 -2.49678e-07 
0.579176 231.869 5507.04 -4.43016e-07 -5.26805e-07 -7.0044e-07 -3.94075e-07 
0.579776 231.349 5512.75 -5.10338e-07 -7.73815e-07 -4.88764e-07 -1.46397e-07 
0.580376 230.831 5518.45 -2.35498e-07 -1.34946e-06 -5.64569e-07 3.00057e-07 
0.580976 230.316 5524.16 -8.71837e-08 -1.75718e-06 -6.51139e-07 3.96876e-07 
0.581576 229.802 5529.86 2.10072e-08 -2.08827e-06 -8.24683e-07 2.03715e-07 
0.582177 229.29 5535.57 2.74498e-07 -2.49832e-06 -1.15937e-06 -1.8326e-07 
0.582777 228.779 5541.28 6.58835e-07 -2.9315e-06 -1.55774e-06 -3.7782e-07 
0.583377 228.271 5546.98 1.03241e-06 -3.24878e-06 -1.55863e-06 -1.22541e-07 
0.583977 227.764 5552.69 1.30689e-06 -3.3936e-06 -1.31415e-06 1.84804e-07 
0.584577 227.259 5558.39 1.83554e-06 -3.73812e-06 -1.16019e-06 3.26125e-07 
0.585177 226.756 5564.1 2.41143e-06 -4.04488e-06 -9.66031e-07 5.68728e-08 
0.585777 226.254 5569.81 2.65103e-06 -3.99838e-06 -7.80388e-07 -1.87764e-07 
0.586377 225.754 5575.51 2.8537e-06 -3.92998e-06 -5.795e-07 -2.02744e-07 
0.586977 225.256 5581.22 2.9583e-06 -3.77454e-06 -6.75293e-07 -6.09247e-08 
0.587578 224.76 5586.92 2.83161e-06 -3.41634e-06 -8.95641e-07 1.32148e-07 
0.588178 224.265 5592.63 2.54363e-06 -2.95735e-06 -7.61061e-07 1.28446e-07 
0.588778 223.771 5598.34 2.14794e-06 -2.47367e-06 -5.4599e-07 9.486e-08 
0.589378 223.28 5604.04 1.94047e-06 -2.24962e-06 -3.35011e-07 -4.55815e-08 
0.589978 222.79 5609.75 1.55412e-06 -1.9048e-06 1.58286e-07 -6.12859e-08 
0.590578 222.301 5615.45 1.11546e-06 -1.60409e-06 6.57777e-07 -1.35713e-08 
0.591178 221.814 5621.16 8.30901e-07 -1.5233e-06 1.1132e-06 7.5583e-08 
0.591778 221.329 5626.87 6.27527e-07 -1.55431e-06 1.1998e-06 1.25557e-07 
0.592378 220.845 5632.57 2.84373e-07 -1.48406e-06 1.22341e-06 3.39712e-08 
0.592978 220.362 5638.28 1.25423e-07 -1.63331e-06 1.20699e-06 6.8857e-09 
0.593579 219.881 5643.98 1.31259e-07 -1.93097e-06 9.78355e-07 -7.09539e-08 
0.594179 219.402 5649.69 1.09273e-07 -2.16986e-06 6.12262e-07 -2.83581e-08 
0.594779 218.924 5655.4 9.24259e-08 -2.3945e-06 5.16414e-07 -4.18531e-08 
0.595379 218.447 5661.1 2.93011e-07 -2.78404e-06 4.68098e-07 1.1617e-08 
0.595979 217.972 5666.81 4.83246e-07 -3.09467e-06 3.5461e-07 5.90929e-08 
0.596579 217.498 5672.51 7.52095e-07 -3.40855e-06 3.5032e-07 7.26185e-08 
0.597179 217.026 5678.22 9.76237e-07 -3.61384e-06 4.87667e-07 3.46817e-08 
0.597779 216.555 5683.93 1.45866e-06 -3.99526e-06 3.86209e-07 -1.10022e-07 
0.598379 216.085 5689.63 1.91958e-06 -4.26486e-06 2.9234e-07 -1.26158e-07 
0.59898 215.616 5695.34 2.32722e-06 -4.42758e-06 1.81308e-07 -7.53283e-08 
0.59958 215.149 5701.04 2.93354e-06 -4.73081e-06 1.21841e-07 1.84635e-07 
0.60018 214.684 5706.75 3.42059e-06 -4.83844e-06 -9.49493e-08 2.21987e-07 
0.60078 214.219 5712.46 3.71449e-06 -4.71932e-06 -3.57268e-07 1.69607e-07 
0.60138 213.756 5718.16 3.98638e-06 -4.54619e-06 -3.90525e-07 -1.34906e-07 
0.60198 213.294 5723.87 4.28104e-06 -4.36444e-06 -4.76695e-07 -1.78574e-07 
0.60258 212.833 5729.57 4.44803e-06 -4.03132e-06 -4.55076e-07 -1.20976e-07 
0.60318 212.373 5735.28 4.62642e-06 -3.72477e-06 -1.75949e-07 1.55458e-07 
0.60378 211.915 5740.99 4.93097e-06 -3.54859e-06 2.23071e-07 2.0956e-07 
0.60438 211.458 5746.69 5.1508e-06 -3.30186e-06 5.35631e-07 1.69855e-07 
0.604981 211.002 5752.4 5.25491e-06 -2.985e-06 8.7342e-07 -1.08493e-07 
0.605581 210.547 5758.1 5.42417e-06 -2.77379e-06 1.18172e-06 -2.0894e-07 
0.606181 210.093 5763.81 5.41066e-06 -2.41625e-06 1.20384e-06 -2.03686e-07 
0.606781 209.64 5769.52 5.23486e-06 -1.94668e-06 9.75974e-07 9.15898e-08 
0.607381 209.188 5775.22 4.94205e-06 -1.42513e-06 7.63989e-07 2.22593e-07 
0.607981 208.738 5780.93 4.79703e-06 -1.09446e-06 3.88951e-07 1.94983e-07 
0.608581 208.289 5786.64 4.48676e-06 -6.52313e-07 7.92134e-08 -1.31801e-07 
0.609181 207.84 5792.34 4.3192e-06 -4.23494e-07 -8.36132e-08 -2.40893e-07 
0.609781 207.393 5798.05 4.25309e-06 -3.467e-07 2.56454e-08 -1.74233e-07 
0.610382 206.947 5803.75 4.04308e-06 -1.82351e-07 4.50911e-08 1.89555e-07 
0.610982 206.502 5809.46 3.81604e-06 -6.88448e-08 1.97225e-07 2.80824e-07 
0.611582 206.059 5815.17 3.54769e-06 4.28855e-08 3.95269e-07 2.23277e-07 
0.612182 205.616 5820.87 3.21678e-06 1.73927e-07 3.35442e-07 -1.10765e-07 
0.612782 205.175 5826.58 2.79419e-06 3.57236e-07 2.77585e-07 -1.89463e-07 
0.613382 204.734 5832.28 2.42583e-06 4.43934e-07 1.54342e-07 -1.69471e-07 
0.613982 204.295 5837.99 2.08648e-06 4.75691e-07 -6.06483e-08 1.30865e-07 
0.614582 203.857 5843.7 1.80675e-06 4.21557e-07 -2.88442e-07 1.81968e-07 
0.615182 203.42 5849.4 1.49258e-06 3.74151e-07 -4.40394e-07 1.88904e-07 
0.615782 202.985 5855.11 1.36602e-06 1.226e-07 -5.94184e-07 -7.30775e-08 
0.616383 202.55 5860.81 1.11729e-06 -8.74403e-09 -6.44203e-07 -1.03087e-07 
0.616983 202.117 5866.52 7.63546e-07 -6.41644e-08 -7.21002e-07 -1.44102e-07 
0.617583 201.685 5872.23 6.31502e-07 -3.4034e-07 -6.12331e-07 3.91434e-08 
0.618183 201.254 5877.93 2.77971e-07 -3.71593e-07 -5.15879e-07 1.35451e-08 
0.618783 200.824 5883.64 -9.68408e-08 -4.10012e-07 -4.90248e-07 8.30586e-08 
0.619383 200.395 5889.34 -1.29959e-07 -7.57287e-07 -1.75507e-07 -3.76011e-08 
0.619983 199.968 5895.05 -5.11423e-07 -7.43502e-07 -1.7848e-09 1.83308e-08 
0.620583 199.542 5900.76 -6.92418e-07 -9.42852e-07 1.65514e-08 -5.8067e-08 
0.621183 199.117 5906.46 -7.04663e-07 -1.26861e-06 3.47957e-07 4.43425e-08 
0.621784 198.693 5912.17 -1.05063e-06 -1.24654e-06 2.23825e-07 4.65955e-09 
0.622384 198.27 5917.87 -1.1184e-06 -1.4995e-06 6.34302e-08 9.6064e-08 
0.622984 197.849 5923.58 -1.20488e-06 -1.68823e-06 1.13685e-07 1.75019e-09 
0.623584 197.429 5929.29 -1.43938e-06 -1.72276e-06 -2.49341e-07 7.59465e-08 
0.624184 197.01 5934.99 -1.46085e-06 -1.95149e-06 -4.07e-07 -6.08033e-09 
0.624784 196.592 5940.7 -1.57391e-06 -2.04432e-06 -4.94901e-07 4.89402e-08 
0.625384 196.175 5946.4 -1.78645e-06 -2.03453e-06 -7.83367e-07 -7.74183e-08 
0.625984 195.76 5952.11 -1.75484e-06 -2.22964e-06 -8.21195e-07 -3.27326e-09 
0.626584 195.346 5957.82 -1.99046e-06 -2.13453e-06 -7.59886e-07 8.47785e-09 
0.627184 194.933 5963.52 -2.02065e-06 -2.2303e-06 -8.2906e-07 1.98494e-07 
0.627785 194.521 5969.23 -2.05379e-06 -2.28156e-06 -5.43033e-07 7.25837e-08 
0.628385 194.111 5974.93 -2.21411e-06 -2.19662e-06 -4.18503e-07 -2.94514e-08 
0.628985 193.702 5980.64 -2.09551e-06 -2.36498e-06 -2.01554e-07 -2.56165e-07 
0.629585 193.294 5986.35 -2.17223e-06 -2.30722e-06 1.19195e-07 -9.8109e-08 
0.630185 192.887 5992.05 -2.16316e-06 -2.33419e-06 2.18851e-07 1.64327e-08 
0.630785 192.481 5997.76 -2.11581e-06 -2.3652e-06 4.61642e-07 2.20893e-07 
0.631385 192.077 6003.46 -2.2464e-06 -2.19919e-06 4.63946e-07 4.91265e-08 
0.631985 191.674 6009.17 -2.34084e-06 -2.06315e-06 4.10855e-07 1.40117e-09 
0.632585 191.272 6014.88 -2.32611e-06 -2.00024e-06 3.99556e-07 -1.47757e-07 
0.633186 190.872 6020.58 -2.47516e-06 -1.76632e-06 3.33157e-07 -4.29554e-09 
0.633786 190.473 6026.29 -2.37736e-06 -1.76846e-06 3.21382e-07 -1.28041e-08 
0.634386 190.075 6031.99 -2.29393e-06 -1.73029e-06 4.93388e-07 1.48022e-07 
0.634986 189.678 6037.7 -2.31555e-06 -1.5886e-06 5.66047e-07 7.90843e-08 
0.635586 189.283 6043.41 -2.18422e-06 -1.58941e-06 7.56924e-07 1.09737e-07 
0.636186 188.889 6049.11 -2.23155e-06 -1.39727e-06 9.62794e-07 -1.1835e-07 
0.636786 188.496 6054.82 -2.22513e-06 -1.25849e-06 1.0454e-06 -7.1858e-08 
0.637386 188.104 6060.53 -2.24764e-06 -1.0745e-06 1.23069e-06 -4.18621e-08 
0.637986 187.714 6066.23 -2.22616e-06 -9.18807e-07 1.2715e-06 1.94544e-07 
0.638586 187.325 6071.94 -2.28531e-06 -6.72123e-07 1.36228e-06 1.07941e-07 
0.639187 186.937 6077.64 -2.30181e-06 -4.71035e-07 1.34912e-06 6.27072e-08 
0.639787 186.551 6083.35 -2.30615e-06 -2.91137e-07 1.39062e-06 -1.06824e-07 
0.640387 186.166 6089.06 -2.31701e-06 -1.17579e-07 1.35123e-06 -2.17146e-08 
0.640987 185.781 6094.76 -2.11969e-06 -1.55577e-07 1.19664e-06 -9.34804e-08 
0.641587 185.399 6100.47 -1.84121e-06 -2.34254e-07 1.07592e-06 -5.58621e-08 
0.642187 185.017 6106.17 -1.72016e-06 -1.22284e-07 7.61365e-07 -4.9703e-08 
0.642787 184.637 6111.88 -1.77585e-06 1.70874e-07 3.82361e-07 1.6177e-07 
0.643387 184.257 6117.59 -2.04936e-06 6.5637e-07 1.32658e-07 1.24821e-07 
0.643987 183.879 6123.29 -2.56762e-06 1.30192e-06 -1.93264e-07 -6.90199e-09 
0.644587 183.502 6129 -2.47018e-06 1.28737e-06 -4.44209e-07 -2.10478e-07 
0.645188 183.127 6134.7 -2.09727e-06 1.04706e-06 -3.9694e-07 -7.72211e-08 
0.645788 182.752 6140.41 -1.52225e-06 6.79832e-07 -6.15253e-07 1.07154e-07 
0.646388 182.379 6146.12 -9.9362e-07 4.50983e-07 -5.15217e-07 2.04464e-07 
0.646988 182.006 6151.82 -1.31276e-06 1.06755e-06 -3.6168e-07 5.80163e-08 
0.647588 181.635 6157.53 -1.86274e-06 1.79285e-06 -4.07613e-07 -5.8495e-08 
0.648188 181.265 6163.23 -2.21424e-06 2.22685e-06 -7.7952e-08 -1.20818e-07 
0.648788 180.896 6168.94 -2.33601e-06 2.38552e-06 3.17617e-08 -3.8439e-08 
0.649388 180.529 6174.65 -1.97611e-06 2.08791e-06 6.66016e-09 1.01225e-07 
0.649988 180.162 6180.35 -1.53653e-06 1.80144e-06 1.93332e-07 2.26031e-07 
0.650589 179.796 6186.06 -1.49646e-06 1.93621e-06 2.12863e-07 1.17235e-07 
0.651189 179.432 6191.76 -1.17586e-06 1.8036e-06 2.8486e-07 -1.35622e-07 
0.651789 179.068 6197.47 -1.02432e-06 1.86836e-06 6.64656e-07 -1.89849e-07 
0.652389 178.706 6203.18 -1.04296e-06 2.08892e-06 5.37931e-07 8.91902e-08 
0.652989 178.345 6208.88 -1.17413e-06 2.3917e-06 4.36454e-07 2.75307e-07 
0.653589 177.985 6214.59 -1.714e-06 3.02097e-06 2.56997e-07 -4.35138e-08 
0.654189 177.625 6220.29 -1.97026e-06 3.27322e-06 -2.00955e-09 -4.25298e-07 
0.654789 177.267 6226 -1.82241e-06 3.11105e-06 3.432e-07 -1.76291e-07 
0.655389 176.91 6231.71 -1.58056e-06 2.89125e-06 7.06752e-07 4.59425e-07 
0.655989 176.554 6237.41 -1.33353e-06 2.70225e-06 8.02962e-07 4.59709e-07 
0.65659 176.199 6243.12 -1.13194e-06 2.59858e-06 6.14248e-07 -3.005e-07 
0.65719 175.845 6248.82 -8.75849e-07 2.465e-06 2.048e-07 -6.96824e-07 
0.65779 175.492 6254.53 -5.41371e-07 2.30035e-06 1.16573e-07 4.10482e-09 
0.65839 175.14 6260.24 -4.67436e-07 2.40974e-06 6.25687e-07 7.56091e-07 
0.65899 174.789 6265.94 -6.6219e-07 2.74893e-06 1.17779e-06 3.9429e-07 
0.65959 174.439 6271.65 -9.92346e-07 3.14693e-06 1.48291e-06 -5.82827e-07 
0.66019 174.089 6277.35 -1.13485e-06 3.2889e-06 1.36894e-06 -6.44833e-07 
0.66079 173.741 6283.06 -1.20132e-06 3.33727e-06 1.15189e-06 3.50727e-07 
0.66139 173.394 6288.77 -1.47585e-06 3.54994e-06 1.0433e-06 8.07632e-07 
0.661991 173.048 6294.47 -1.45986e-06 3.44808e-06 9.52933e-07 -5.35075e-08 
0.662591 172.702 6300.18 -1.31097e-06 3.23699e-06 9.59653e-07 -7.40532e-07 
0.663191 172.358 6305.88 -1.0634e-06 2.96172e-06 8.1381e-07 -8.72356e-08 
0.663791 172.015 6311.59 -5.27858e-07 2.47313e-06 9.58646e-07 7.80096e-07 
0.664391 171.672 6317.3 -4.80773e-07 2.51525e-06 1.22418e-06 4.60872e-07 
0.664991 171.33 6323 -2.12777e-07 2.32309e-06 9.6589e-07 -5.6486e-07 
0.665591 170.99 6328.71 2.73496e-07 1.97036e-06 7.53103e-07 -7.63001e-07 
0.666191 170.65 6334.42 1.88883e-08 2.34963e-06 4.22669e-07 2.0971e-07 
0.666791 170.311 6340.12 -1.67617e-08 2.4438e-06 1.18783e-07 8.24895e-07 
0.667391 169.973 6345.83 -2.43063e-07 2.71475e-06 4.19332e-07 1.29802e-07 
0.667992 169.635 6351.53 -7.43551e-07 3.17177e-06 3.19148e-07 -6.63733e-07 
0.668592 169.299 6357.24 -6.48462e-07 3.00057e-06 3.62297e-07 -3.69234e-07 
0.669192 168.964 6362.95 -9.90327e-07 3.26089e-06 9.56481e-07 3.90159e-07 
0.669792 168.629 6368.65 -1.33347e-06 3.42221e-06 1.00247e-06 4.11501e-07 
0.670392 168.295 6374.36 -7.57571e-07 2.70368e-06 1.09451e-06 -2.26242e-07 
0.670992 167.962 6380.06 -8.99771e-07 2.74743e-06 1.21373e-06 -3.12457e-07 
0.671592 167.63 6385.77 -7.32962e-07 2.45148e-06 7.36296e-07 1.99032e-07 
0.672192 167.299 6391.48 -1.2552e-07 1.81141e-06 1.06179e-06 2.94468e-07 
0.672792 166.969 6397.18 -2.5777e-07 1.93519e-06 1.15448e-06 -1.47874e-07 
0.673393 166.64 6402.89 3.5482e-07 1.34254e-06 7.70487e-07 -3.71804e-07 
0.673993 166.311 6408.59 6.12417e-07 1.20295e-06 1.35071e-06 3.58776e-08 
0.674593 165.983 6414.3 2.6537e-07 1.6171e-06 1.3174e-06 4.12558e-07 
0.675193 165.657 6420.01 9.3528e-07 1.02914e-06 1.15922e-06 1.58685e-07 
0.675793 165.331 6425.71 7.68738e-07 1.32779e-06 1.38842e-06 -1.80265e-07 
0.676393 165.006 6431.42 3.82337e-07 1.72851e-06 7.14886e-07 -1.15947e-07 
0.676993 164.682 6437.12 7.30788e-07 1.3941e-06 5.41283e-07 1.29932e-07 
0.677593 164.358 6442.83 1.1662e-07 1.99227e-06 4.94533e-07 1.4837e-07 
0.678193 164.036 6448.54 -3.21465e-08 2.02104e-06 -3.83933e-07 -5.10541e-08 
0.678793 163.714 6454.24 -1.89551e-08 1.91314e-06 -2.23482e-07 -4.6299e-08 
0.679394 163.393 6459.95 -7.04443e-07 2.42535e-06 -1.49671e-07 6.42546e-08 
0.679994 163.074 6465.65 -4.23375e-07 1.93017e-06 -4.59836e-07 4.28292e-08 
0.680594 162.755 6471.36 -4.0231e-07 1.7681e-06 -8.88078e-09 -6.133e-08 
0.681194 162.437 6477.07 -8.72049e-07 2.02105e-06 -1.1782e-07 -1.12482e-07 
0.681794 162.119 6482.77 -2.17793e-07 1.19009e-06 -2.50247e-07 8.12578e-09 
0.682394 161.803 6488.48 -2.10489e-07 1.09069e-06 1.1844e-07 5.64415e-08 
0.682994 161.487 6494.18 -1.98235e-07 9.54763e-07 -4.80765e-07 3.86801e-08 
0.683594 161.173 6499.89 5.13675e-07 2.08225e-07 -4.66244e-07 3.96076e-08 
0.684194 160.859 6505.6 4.48442e-07 2.83288e-07 -1.77579e-07 -1.261e-09 
0.684795 160.546 6511.3 8.45748e-07 -9.88728e-08 -6.50234e-07 -3.19237e-08 
0.685395 160.234 6517.01 1.33264e-06 -4.77922e-07 -2.95017e-07 -7.53643e-08 
0.685995 159.923 6522.71 1.07783e-06 -1.26718e-07 -6.026e-08 -1.31628e-09 
0.686595 159.612 6528.42 1.64337e-06 -5.90238e-07 -1.29636e-07 3.87721e-08 
0.687195 159.303 6534.13 1.71884e-06 -5.01613e-07 3.68614e-07 -5.69553e-09 
0.687795 158.994 6539.83 1.43915e-06 -1.20474e-07 2.4423e-07 5.28982e-09 
0.688395 158.686 6545.54 1.7747e-06 -3.64928e-07 2.45379e-07 4.88637e-08 
0.688995 158.379 6551.24 1.58038e-06 -6.74221e-08 4.13271e-07 9.89305e-08 
0.689595 158.073 6556.95 1.336e-06 2.01136e-07 -4.081e-08 -4.4178e-09 
0.690195 157.768 6562.66 1.3649e-06 1.74774e-07 -1.69741e-07 -5.7515e-08 
0.690796 157.463 6568.36 1.079e-06 4.32455e-07 -1.67958e-07 3.3776e-08 
0.691396 157.16 6574.07 8.65279e-07 5.49925e-07 -4.61941e-07 1.31259e-07 
0.691996 156.857 6579.77 6.95952e-07 6.11985e-07 -5.1956e-07 1.18169e-07 
0.692596 156.555 6585.48 3.41975e-07 8.04063e-07 -3.68426e-07 -1.43051e-08 
0.693196 156.254 6591.19 2.00808e-07 7.58455e-07 -3.89057e-07 -3.58855e-08 
0.693796 155.954 6596.89 1.08525e-07 6.615e-07 -1.96527e-07 -4.77744e-08 
0.694396 155.655 6602.6 -1.74817e-07 7.22097e-07 -3.68924e-08 -4.6292e-08 
0.694996 155.356 6608.3 -7.18688e-08 3.98799e-07 5.25676e-08 -2.25013e-08 
0.695596 155.059 6614.01 -6.82308e-08 1.90522e-07 2.17799e-07 3.65525e-08 
0.696197 154.762 6619.72 -1.73949e-07 9.45162e-08 8.87812e-08 8.61751e-08 
0.696797 154.466 6625.42 1.17846e-08 -2.74261e-07 2.00453e-08 2.95848e-08 
0.697397 154.171 6631.13 7.21735e-08 -4.80902e-07 -4.06884e-08 4.99139e-11 
0.697997 153.876 6636.84 2.32354e-07 -7.49886e-07 -2.63805e-07 -6.32178e-08 
0.698597 153.583 6642.54 3.39926e-07 -9.43352e-07 -3.17539e-07 -6.64974e-08 
0.699197 153.29 6648.25 6.22323e-07 -1.25959e-06 -4.00064e-07 -3.20343e-08 
0.699797 152.999 6653.95 8.86148e-07 -1.51439e-06 -2.6746e-07 6.91412e-08 
0.700397 152.708 6659.66 1.0133e-06 -1.60149e-06 -3.24793e-07 1.02441e-07 
0.700997 152.418 6665.37 1.48045e-06 -1.98821e-06 -2.00325e-07 -2.3753e-08 
0.701597 152.128 6671.07 1.68874e-06 -2.06972e-06 9.19674e-09 -9.81561e-08 
0.702198 151.84 6676.78 1.93168e-06 -2.16374e-06 -1.58675e-07 -5.60985e-08 
0.702798 151.552 6682.48 2.28648e-06 -2.34026e-06 -1.26526e-07 5.80872e-08 
0.703398 151.265 6688.19 2.36086e-06 -2.20532e-06 -2.20271e-07 1.52722e-08 
0.703998 150.979 6693.9 2.67303e-06 -2.29978e-06 -5.53065e-07 1.46583e-08 
0.704598 150.694 6699.6 2.78044e-06 -2.1682e-06 -6.9673e-07 1.02253e-07 
0.705198 150.409 6705.31 2.97296e-06 -2.1201e-06 -9.54494e-07 1.41956e-07 
0.705798 150.126 6711.01 3.21173e-06 -2.11915e-06 -1.13207e-06 5.4559e-09 
0.706398 149.843 6716.72 3.23865e-06 -1.89683e-06 -1.29121e-06 -8.27224e-08 
0.706998 149.561 6722.43 3.35648e-06 -1.79961e-06 -1.3574e-06 3.61548e-08 
0.707599 149.279 6728.13 3.45046e-06 -1.67275e-06 -1.36986e-06 9.84891e-08 
0.708199 148.999 6733.84 3.42616e-06 -1.44736e-06 -1.21998e-06 3.07743e-09 
0.708799 148.719 6739.54 3.38835e-06 -1.24641e-06 -1.13465e-06 -9.0343e-08 
0.709399 148.44 6745.25 3.43992e-06 -1.13829e-06 -9.06738e-07 3.37348e-08 
0.709999 148.161 6750.96 3.3438e-06 -9.18464e-07 -5.90535e-07 8.21106e-08 
0.710599 147.884 6756.66 3.18367e-06 -6.68709e-07 -5.22436e-07 -4.86736e-09 
0.711199 147.607 6762.37 3.22542e-06 -6.4354e-07 -2.52076e-07 -9.84758e-08 
0.711799 147.331 6768.07 2.98076e-06 -3.63682e-07 -5.60963e-08 1.04108e-08 
0.712399 147.056 6773.78 2.8811e-06 -2.61665e-07 -9.9052e-08 8.3886e-08 
0.712999 146.781 6779.49 2.79866e-06 -2.10583e-07 1.13517e-07 1.73775e-08 
0.7136 146.507 6785.19 2.57785e-06 -3.8477e-08 1.00504e-07 -5.40854e-08 
0.7142 146.234 6790.9 2.44483e-06 2.68435e-09 1.27633e-07 -1.5505e-08 
0.7148 145.962 6796.6 2.23628e-06 9.95129e-08 1.63221e-07 5.07458e-08 
0.7154 145.69 6802.31 2.08752e-06 1.1483e-07 2.50695e-07 -5.93764e-09 
0.716 145.419 6808.02 1.86889e-06 1.68446e-07 3.4109e-07 -3.84546e-08 
0.7166 145.149 6813.72 1.68275e-06 1.7663e-07 4.09582e-07 -5.42449e-08 
0.7172 144.879 6819.43 1.55874e-06 9.9564e-08 6.31597e-07 -7.72219e-09 
0.7178 144.61 6825.13 1.27882e-06 1.64862e-07 7.11293e-07 -7.54929e-09 
0.7184 144.342 6830.84 1.15926e-06 5.57506e-08 8.04539e-07 3.69077e-08 
0.719001 144.075 6836.55 9.38446e-07 3.32478e-08 9.6044e-07 3.14187e-08 
0.719601 143.808 6842.25 7.88456e-07 -5.9761e-08 9.30068e-07 4.22397e-08 
0.720201 143.542 6847.96 6.5771e-07 -1.89699e-07 9.99598e-07 2.52784e-08 
0.720801 143.276 6853.66 4.64141e-07 -2.54735e-07 8.81191e-07 4.505e-08 
0.721401 143.012 6859.37 3.90211e-07 -4.41824e-07 7.91556e-07 4.61884e-08 
0.722001 142.748 6865.08 1.28392e-07 -4.43145e-07 6.02365e-07 6.19709e-08 
0.722601 142.484 6870.78 2.51588e-08 -6.00336e-07 3.70374e-07 4.49056e-08 
0.723201 142.222 6876.49 -9.15363e-08 -7.37561e-07 2.67423e-07 -9.35427e-09 
0.723801 141.96 6882.19 -3.20379e-07 -7.59075e-07 6.89279e-08 -4.00494e-08 
0.724401 141.698 6887.9 -3.13215e-07 -1.0138e-06 -1.65255e-08 -8.39457e-09 
0.725002 141.437 6893.61 -4.78129e-07 -1.08215e-06 -1.4689e-09 5.74392e-08 
0.725602 141.177 6899.31 -5.81159e-07 -1.2069e-06 -6.04777e-08 4.76944e-08 
0.726202 140.918 6905.02 -6.33594e-07 -1.37571e-06 3.63398e-08 1.37957e-08 
0.726802 140.659 6910.73 -7.6866e-07 -1.44083e-06 1.12685e-07 -2.95712e-08 
0.727402 140.401 6916.43 -8.22196e-07 -1.58712e-06 2.4833e-07 -2.37496e-08 
0.728002 140.144 6922.14 -9.68978e-07 -1.62658e-06 3.40259e-07 -1.79561e-08 
0.728602 139.887 6927.84 -9.90365e-07 -1.77724e-06 4.48539e-07 2.72271e-08 
0.729202 139.631 6933.55 -1.11747e-06 -1.81008e-06 5.38401e-07 2.79308e-08 
0.729802 139.375 6939.26 -1.14606e-06 -1.92431e-06 5.20524e-07 3.74997e-08 
0.730403 139.12 6944.96 -1.12558e-06 -2.06771e-06 5.80383e-07 4.46083e-09 
0.731003 138.866 6950.67 -1.2867e-06 -2.01941e-06 5.48378e-07 1.51e-08 
0.731603 138.612 6956.37 -1.31743e-06 -2.10103e-06 4.3254e-07 -4.29635e-08 
0.732203 138.359 6962.08 -1.4005e-06 -2.12251e-06 3.93586e-07 -6.76376e-08 
0.732803 138.106 6967.79 -1.46859e-06 -2.14803e-06 2.32863e-07 -7.8482e-08 
0.733403 137.855 6973.49 -1.3194e-06 -2.3676e-06 7.82354e-08 6.38938e-09 
0.734003 137.603 6979.2 -1.26519e-06 -2.44565e-06 -2.01621e-08 3.28124e-08 
0.734603 137.353 6984.9 -1.28399e-06 -2.43298e-06 -1.15751e-07 3.69644e-08 
0.735203 137.103 6990.61 -1.49355e-06 -2.23757e-06 -1.92708e-07 1.36634e-08 
0.735803 136.854 6996.32 -1.72969e-06 -2.03535e-06 -1.97011e-07 5.00356e-08 
0.736404 136.605 7002.02 -1.90366e-06 -1.92493e-06 -1.58251e-07 2.70112e-08 
0.737004 136.357 7007.73 -1.66641e-06 -2.19911e-06 -2.03742e-07 2.62901e-09 
0.737604 136.109 7013.43 -1.2897e-06 -2.54418e-06 -6.97658e-08 -4.03925e-09 
0.738204 135.863 7019.14 -1.08029e-06 -2.66346e-06 -6.76467e-08 6.78132e-08 
0.738804 135.616 7024.85 -1.11874e-06 -2.50999e-06 -9.06157e-08 7.27379e-08 
0.739404 135.371 7030.55 -1.54021e-06 -2.01484e-06 -1.99775e-08 4.21939e-08 
0.740004 135.126 7036.26 -1.91342e-06 -1.63068e-06 -1.08162e-07 -2.15756e-09 
0.740604 134.881 7041.96 -1.92945e-06 -1.62376e-06 -9.53857e-08 1.6007e-08 
0.741204 134.637 7047.67 -1.7567e-06 -1.7787e-06 -5.72614e-08 -4.0585e-09 
0.741805 134.394 7053.38 -1.45212e-06 -2.00891e-06 -1.58307e-07 4.38597e-09 
0.742405 134.152 7059.08 -1.29728e-06 -2.05134e-06 -2.26267e-07 3.01687e-09 
0.743005 133.91 7064.79 -1.24715e-06 -1.96973e-06 -4.44333e-07 2.69202e-08 
0.743605 133.668 7070.49 -1.18739e-06 -1.89539e-06 -5.53206e-07 -1.50441e-08 
0.744205 133.428 7076.2 -1.18541e-06 -1.75528e-06 -5.47071e-07 -7.93763e-09 
0.744805 133.188 7081.91 -1.31875e-06 -1.49029e-06 -3.67743e-07 1.27235e-08 
0.745405 132.948 7087.61 -1.61173e-06 -1.10327e-06 -2.55524e-07 6.15615e-08 
0.746005 132.709 7093.32 -1.82253e-06 -8.38561e-07 -3.39783e-07 3.61621e-08 
0.746605 132.471 7099.02 -1.76312e-06 -8.54105e-07 -5.27862e-07 1.58146e-08 
0.747205 132.233 7104.73 -1.52633e-06 -1.01688e-06 -6.22698e-07 -3.66409e-08 
0.747806 131.996 7110.44 -1.27982e-06 -1.14526e-06 -4.03586e-07 -1.57559e-08 
0.748406 131.759 7116.14 -1.14003e-06 -1.13647e-06 4.3876e-08 -3.30041e-08 
0.749006 131.523 7121.85 -1.08855e-06 -1.028e-06 3.57645e-07 -2.58985e-08 
0.749606 131.288 7127.55 -9.07446e-07 -1.03705e-06 3.36767e-07 -3.38285e-08 
0.750206 131.053 7133.26 -9.05945e-07 -8.57567e-07 1.27021e-07 7.90855e-09 
0.750806 130.819 7138.97 -1.04498e-06 -5.61156e-07 -5.94912e-08 -3.16484e-08 
0.751406 130.585 7144.67 -1.31797e-06 -1.73527e-07 -2.00762e-08 -5.74948e-09 
0.752006 130.352 7150.38 -1.50938e-06 9.13025e-08 1.15458e-07 3.2735e-08 
0.752606 130.12 7156.08 -1.51106e-06 1.51057e-07 1.39093e-07 3.65613e-08 
0.753207 129.888 7161.79 -1.45327e-06 1.61768e-07 8.29647e-08 -8.10257e-09 
0.753807 129.657 7167.5 -1.41674e-06 2.0011e-07 3.194e-08 4.61908e-08 
0.754407 129.426 7173.2 -1.26698e-06 1.36483e-07 -7.75148e-08 2.72941e-08 
0.755007 129.196 7178.91 -9.72286e-07 -4.00485e-08 -2.78644e-07 -2.21432e-08 
0.755607 128.967 7184.62 -7.1881e-07 -1.363e-07 -6.06337e-07 3.69098e-08 
0.756207 128.738 7190.32 -5.94406e-07 -8.42438e-08 -8.40649e-07 8.50207e-08 
0.756807 128.509 7196.03 -6.33037e-07 1.27652e-07 -7.96197e-07 6.86518e-08 
0.757407 128.282 7201.73 -6.77457e-07 3.22495e-07 -5.71149e-07 3.97316e-08 
0.758007 128.054 7207.44 -7.03927e-07 4.8721e-07 -4.41551e-07 2.08032e-08 
0.758607 127.828 7213.15 -8.79226e-07 7.74105e-07 -3.4303e-07 -5.06015e-08 
0.759208 127.602 7218.85 -1.13456e-06 1.09938e-06 -3.27652e-07 -2.87508e-08 
0.759808 127.376 7224.56 -1.25665e-06 1.25737e-06 -2.45681e-07 -3.68951e-08 
0.760408 127.151 7230.26 -1.25873e-06 1.28543e-06 -2.16863e-07 5.6168e-08 
0.761008 126.927 7235.97 -1.19116e-06 1.24831e-06 -2.78488e-07 5.90077e-08 
0.761608 126.703 7241.68 -1.11984e-06 1.21401e-06 -2.22289e-07 3.56173e-08 
0.762208 126.48 7247.38 -9.70843e-07 1.11382e-06 2.68052e-08 -1.77844e-08 
0.762808 126.258 7253.09 -6.97015e-07 9.1582e-07 3.26277e-07 3.71506e-08 
0.763408 126.035 7258.79 -4.45249e-07 7.80173e-07 5.0802e-07 5.62703e-09 
0.764008 125.814 7264.5 -3.69758e-07 8.35971e-07 6.29071e-07 2.44625e-08 
0.764609 125.593 7270.21 -2.63866e-07 8.6631e-07 6.75316e-07 -7.84144e-09 
0.765209 125.373 7275.91 -1.84638e-07 9.25824e-07 7.39987e-07 7.1154e-09 
0.765809 125.153 7281.62 -1.64332e-07 1.03971e-06 5.97525e-07 7.62002e-09 
0.766409 124.933 7287.32 -2.8858e-07 1.27446e-06 4.00168e-07 -5.40829e-08 
0.767009 124.715 7293.03 -4.79457e-07 1.53867e-06 3.06805e-07 -5.16996e-08 
0.767609 124.496 7298.74 -5.83246e-07 1.68298e-06 3.38759e-07 -2.91945e-08 
0.768209 124.279 7304.44 -6.95005e-07 1.81561e-06 3.81772e-07 2.48603e-08 
0.768809 124.062 7310.15 -8.7326e-07 1.98679e-06 4.35844e-07 -1.99924e-09 
0.769409 123.845 7315.85 -9.63299e-07 2.0442e-06 5.32017e-07 2.46384e-08 
0.770009 123.629 7321.56 -8.95894e-07 1.94371e-06 6.8119e-07 -4.13089e-08 
0.77061 123.413 7327.27 -8.36012e-07 1.85963e-06 7.15136e-07 1.9818e-08 
0.77121 123.198 7332.97 -7.23926e-07 1.73701e-06 5.59075e-07 -6.55625e-08 
0.77181 122.984 7338.68 -6.13512e-07 1.63088e-06 4.71424e-07 3.21245e-08 
0.77241 122.77 7344.38 -3.55142e-07 1.40334e-06 3.88663e-07 2.59051e-08 
0.77301 122.557 7350.09 -1.22153e-07 1.2345e-06 3.09003e-07 1.05295e-07 
0.77361 122.344 7355.8 2.25066e-08 1.17305e-06 2.31304e-07 4.04698e-08 
0.77421 122.131 7361.5 1.61501e-07 1.12474e-06 2.48476e-07 3.57819e-08 
0.77481 121.919 7367.21 3.28501e-07 1.06431e-06 3.50088e-07 9.94659e-09 
0.77541 121.708 7372.91 3.62719e-07 1.14055e-06 4.43223e-07 4.67134e-08 
0.776011 121.497 7378.62 3.08497e-07 1.28956e-06 4.12652e-07 1.5669e-08 
0.776611 121.287 7384.33 2.67478e-07 1.4058e-06 4.07524e-07 -6.28985e-09 
0.777211 121.077 7390.03 1.88528e-07 1.53946e-06 3.74336e-07 -9.31794e-09 
0.777811 120.868 7395.74 7.962e-08 1.67974e-06 1.63362e-07 -1.52275e-08 
0.778411 120.659 7401.44 -1.48422e-07 1.90326e-06 -9.26078e-08 4.96553e-08 
0.779011 120.451 7407.15 -2.52425e-07 1.97232e-06 -3.39294e-07 -2.21224e-08 
0.779611 120.243 7412.86 -3.67701e-07 2.03686e-06 -5.09916e-07 5.33674e-08 
0.780211 120.036 7418.56 -4.9533e-07 2.09413e-06 -6.8066e-07 -1.61553e-08 
0.780811 119.829 7424.27 -5.71308e-07 2.08159e-06 -7.9232e-07 9.48198e-08 
0.781411 119.623 7429.97 -5.32939e-07 1.95339e-06 -7.46491e-07 2.00288e-08 
0.782012 119.417 7435.68 -4.94352e-07 1.83201e-06 -6.53246e-07 3.54565e-08 
0.782612 119.212 7441.39 -4.50208e-07 1.71497e-06 -6.34251e-07 -4.44469e-08 
0.783212 119.007 7447.09 -3.51194e-07 1.55558e-06 -5.58778e-07 7.13368e-10 
0.783812 118.803 7452.8 -1.67734e-07 1.33556e-06 -4.65595e-07 -1.0615e-08 
0.784412 118.599 7458.51 2.88093e-08 1.13245e-06 -4.24939e-07 2.19991e-08 
0.785012 118.395 7464.21 1.54774e-07 1.01817e-06 -4.39874e-07 -6.0931e-09 
0.785612 118.193 7469.92 4.08348e-07 7.97982e-07 -4.6339e-07 -1.57869e-08 
0.786212 117.99 7475.62 6.0497e-07 6.62251e-07 -4.06828e-07 -3.44147e-09 
0.786812 117.788 7481.33 7.41832e-07 6.02001e-07 -3.9921e-07 -2.7082e-08 
0.787413 117.587 7487.04 8.45414e-07 5.81848e-07 -3.7355e-07 1.54116e-09 
0.788013 117.386 7492.74 9.79549e-07 5.39977e-07 -2.22369e-07 -6.22042e-08 
0.788613 117.185 7498.45 1.04393e-06 5.70148e-07 -1.91553e-08 7.06985e-09 
0.789213 116.986 7504.15 1.04271e-06 6.5815e-07 1.28494e-07 -5.21017e-08 
0.789813 116.786 7509.86 1.01376e-06 7.56731e-07 3.10766e-07 4.07061e-08 
0.790413 116.587 7515.57 1.0022e-06 8.26672e-07 4.65379e-07 -3.59031e-08 
0.791013 116.388 7521.27 8.91743e-07 9.77278e-07 5.78036e-07 3.60336e-08 
0.791613 116.19 7526.98 7.49216e-07 1.12919e-06 5.69237e-07 1.61428e-08 
0.792213 115.993 7532.68 6.82733e-07 1.18354e-06 5.18247e-07 5.96205e-08 
0.792813 115.795 7538.39 5.3514e-07 1.29679e-06 4.80574e-07 5.97503e-08 
0.793414 115.599 7544.1 3.85015e-07 1.38648e-06 3.02723e-07 3.76557e-08 
0.794014 115.402 7549.8 2.28024e-07 1.45717e-06 1.41297e-07 4.51626e-08 
0.794614 115.207 7555.51 1.36813e-07 1.44782e-06 2.74954e-08 -2.0239e-09 
0.795214 115.011 7561.21 -8.16371e-09 1.47877e-06 -4.16239e-08 3.17725e-08 
0.795814 114.816 7566.92 -1.33344e-07 1.47423e-06 -1.16226e-07 -3.10714e-08 
0.796414 114.622 7572.63 -1.43504e-07 1.34798e-06 -8.19181e-08 1.79589e-09 
0.797014 114.428 7578.33 -1.61966e-07 1.2358e-06 1.82852e-08 -2.32265e-08 
0.797614 114.235 7584.04 -2.20197e-07 1.15911e-06 1.02872e-07 4.67671e-08 
0.798214 114.041 7589.74 -1.66869e-07 9.77521e-07 1.29503e-07 3.75349e-08 
0.798815 113.849 7595.45 -1.06199e-07 8.07309e-07 2.57663e-07 4.45809e-08 
0.799415 113.657 7601.16 -7.41339e-08 6.76549e-07 3.20797e-07 7.75284e-09 
0.800015 113.465 7606.86 4.31738e-08 4.77095e-07 2.81125e-07 2.38204e-08 
0.800615 113.274 7612.57 1.89848e-07 2.70457e-07 3.27462e-07 2.13188e-08 
0.801215 113.083 7618.27 3.24877e-07 9.98131e-08 3.04006e-07 1.32221e-08 
0.801815 112.892 7623.98 4.67636e-07 -6.13858e-08 2.50453e-07 8.82212e-09 
0.802415 112.703 7629.69 6.53542e-07 -2.39759e-07 1.97964e-07 3.64732e-09 
0.803015 112.513 7635.39 8.25882e-07 -3.80366e-07 2.32711e-07 3.55234e-08 
0.803615 112.324 7641.1 9.76107e-07 -4.79334e-07 2.29209e-07 8.88674e-09 
0.804215 112.135 7646.8 1.18529e-06 -6.18683e-07 2.83158e-07 1.10465e-08 
0.804816 111.947 7652.51 1.36235e-06 -7.04812e-07 3.90833e-07 -2.17339e-08 
0.805416 111.759 7658.22 1.52705e-06 -7.65677e-07 4.99941e-07 8.47409e-09 
0.806016 111.572 7663.92 1.68051e-06 -8.0181e-07 5.65601e-07 -1.65243e-08 
0.806616 111.385 7669.63 1.80787e-06 -8.01544e-07 6.69953e-07 -4.43284e-09 
0.807216 111.199 7675.33 1.96013e-06 -8.19248e-07 7.33237e-07 -2.95564e-08 
0.807816 111.013 7681.04 2.04857e-06 -7.67613e-07 7.42942e-07 -1.15827e-08 
0.808416 110.827 7686.75 2.15726e-06 -7.38988e-07 7.35092e-07 -2.42282e-08 
0.809016 110.642 7692.45 2.24996e-06 -6.92707e-07 6.49246e-07 -5.2847e-08 
0.809616 110.457 7698.16 2.30526e-06 -6.13875e-07 5.71557e-07 -5.13408e-08 
0.810217 110.273 7703.86 2.32349e-06 -5.0783e-07 4.21825e-07 -3.18151e-08 
0.810817 110.089 7709.57 2.37884e-06 -4.46205e-07 2.80227e-07 5.35286e-08 
0.811417 109.905 7715.28 2.36064e-06 -3.21455e-07 1.81208e-07 6.22502e-08 
0.812017 109.722 7720.98 2.35759e-06 -2.2697e-07 7.61164e-08 5.45634e-08 
0.812617 109.54 7726.69 2.3382e-06 -1.3178e-07 1.74089e-08 6.36088e-09 
0.813217 109.358 7732.4 2.32044e-06 -5.10922e-08 9.33717e-09 3.07094e-08 
0.813817 109.176 7738.1 2.22886e-06 8.52415e-08 3.44936e-08 3.87055e-08 
0.814417 108.994 7743.81 2.15495e-06 1.83654e-07 6.3471e-08 3.30044e-08 
0.815017 108.813 7749.51 2.11202e-06 2.39301e-07 1.48146e-07 -1.50513e-08 
0.815617 108.633 7755.22 1.97369e-06 3.6929e-07 2.8503e-07 -2.21774e-08 
0.816218 108.453 7760.93 1.91446e-06 4.00054e-07 3.39115e-07 2.20073e-08 
0.816818 108.273 7766.63 1.83154e-06 4.41047e-07 4.3336e-07 4.28317e-08 
0.817418 108.094 7772.34 1.70534e-06 5.08091e-07 5.01999e-07 3.97512e-08 
0.818018 107.915 7778.04 1.59089e-06 5.4369e-07 4.852e-07 -1.17316e-08 
0.818618 107.736 7783.75 1.48438e-06 5.61242e-07 4.50553e-07 -3.21647e-11 
0.819218 107.558 7789.46 1.33748e-06 6.0338e-07 4.48041e-07 1.62896e-08 
0.819818 107.38 7795.16 1.19346e-06 6.26702e-07 3.51418e-07 4.95012e-08 
0.820418 107.203 7800.87 1.11043e-06 5.76684e-07 2.98672e-07 2.55599e-08 
0.821018 107.026 7806.57 9.98896e-07 5.48151e-07 2.48154e-07 1.45237e-08 
0.821619 106.85 7812.28 8.76551e-07 5.18914e-07 1.87612e-07 1.881e-08 
0.822219 106.674 7817.99 8.07341e-07 4.33096e-07 1.13024e-07 3.02132e-08 
0.822819 106.498 7823.69 6.47713e-07 4.33739e-07 1.22552e-07 1.09543e-08 
0.823419 106.322 7829.4 4.80075e-07 4.26196e-07 1.38821e-07 -9.52584e-09 
0.824019 106.148 7835.1 3.49525e-07 3.72632e-07 1.32843e-07 8.10467e-09 
0.824619 105.973 7840.81 2.55178e-07 2.77935e-07 2.2274e-07 3.49812e-08 
0.825219 105.799 7846.52 2.08681e-07 1.38885e-07 2.53585e-07 4.50541e-08 
0.825819 105.625 7852.22 2.44126e-07 -6.72096e-08 2.88508e-07 2.281e-09 
0.826419 105.452 7857.93 1.59923e-07 -1.42274e-07 3.53855e-07 1.069e-09 
0.827019 105.279 7863.63 -4.52142e-08 -1.03509e-07 3.80411e-07 5.34809e-09 
0.82762 105.106 7869.34 -3.13126e-07 -2.55461e-08 3.87359e-07 8.70056e-09 
0.82822 104.934 7875.05 -4.75978e-07 -6.91672e-08 3.80207e-07 -4.31298e-08 
0.82882 104.762 7880.75 -4.83517e-07 -2.65957e-07 3.69899e-07 -6.92122e-08 
0.82942 104.591 7886.46 -2.74236e-07 -6.4619e-07 3.08684e-07 -6.76526e-08 
0.83002 104.42 7892.16 -1.30049e-07 -9.1542e-07 2.89277e-07 -2.49509e-08 
0.83062 104.249 7897.87 -2.45575e-07 -9.0944e-07 2.94689e-07 -9.25678e-09 
0.83122 104.079 7903.58 -5.322e-07 -7.4997e-07 2.50307e-07 4.84698e-09 
0.83182 103.909 7909.28 -8.69509e-07 -5.76208e-07 2.55899e-07 1.90313e-08 
0.83242 103.74 7914.99 -1.01271e-06 -6.16903e-07 2.4124e-07 2.94742e-08 
0.83302 103.571 7920.69 -8.95012e-07 -9.03327e-07 2.87588e-07 2.2149e-08 
0.833621 103.402 7926.4 -7.28361e-07 -1.19711e-06 4.25583e-07 -1.07948e-10 
0.834221 103.234 7932.11 -6.43385e-07 -1.37636e-06 6.37067e-07 9.22861e-09 
0.834821 103.066 7937.81 -6.78351e-07 -1.42018e-06 7.70002e-07 3.08058e-08 
0.835421 102.898 7943.52 -7.04144e-07 -1.46653e-06 8.29281e-07 5.64792e-08 
0.836021 102.731 7949.22 -7.77922e-07 -1.4617e-06 8.33936e-07 1.42277e-08 
0.836621 102.564 7954.93 -8.52293e-07 -1.45759e-06 8.91828e-07 -6.46953e-09 
0.837221 102.397 7960.64 -1.04299e-06 -1.34515e-06 1.09671e-06 -1.13249e-09 
0.837821 102.231 7966.34 -1.25781e-06 -1.22899e-06 1.39096e-06 2.7728e-08 
0.838421 102.066 7972.05 -1.25863e-06 -1.3288e-06 1.49131e-06 9.91425e-09 
0.839022 101.9 7977.75 -1.11945e-06 -1.54251e-06 1.37652e-06 2.44491e-08 
0.839622 101.735 7983.46 -9.22845e-07 -1.77571e-06 1.10207e-06 1.00644e-08 
0.840222 101.571 7989.17 -8.20504e-07 -1.88619e-06 8.86689e-07 -2.22361e-09 
0.840822 101.406 7994.87 -8.09884e-07 -1.89038e-06 8.84672e-07 1.86673e-08 
0.841422 101.243 8000.58 -8.33284e-07 -1.8582e-06 1.01259e-06 6.92843e-08 
0.842022 101.079 8006.28 -8.59628e-07 -1.81946e-06 9.96848e-07 3.4117e-08 
0.842622 100.916 8011.99 -9.49107e-07 -1.71892e-06 8.25785e-07 -3.26375e-09 
0.843222 100.753 8017.7 -1.18662e-06 -1.48851e-06 5.72875e-07 1.29323e-08 
0.843822 100.591 8023.4 -1.30859e-06 -1.39518e-06 3.62343e-07 -4.62323e-09 
0.844422 100.429 8029.11 -1.29264e-06 -1.43831e-06 2.31487e-07 -4.10537e-08 
0.845023 100.267 8034.82 -1.19454e-06 -1.54796e-06 1.57471e-07 2.49873e-08 
0.845623 100.105 8040.52 -1.06305e-06 -1.6666e-06 5.44852e-08 8.29109e-08 
0.846223 99.9445 8046.23 -9.92803e-07 -1.70442e-06 9.7509e-08 4.79608e-08 
0.846823 99.7839 8051.93 -8.75139e-07 -1.77209e-06 2.41497e-07 2.86941e-08 
0.847423 99.6236 8057.64 -7.29892e-07 -1.84623e-06 3.40211e-07 2.18611e-08 
0.848023 99.4636 8063.35 -6.55458e-07 -1.83113e-06 2.83798e-07 2.57367e-08 
0.848623 99.3041 8069.05 -7.61552e-07 -1.64228e-06 1.38172e-07 1.07737e-08 
0.849223 99.1449 8074.76 -9.02372e-07 -1.4377e-06 -1.6424e-08 -1.38507e-08 
0.849823 98.986 8080.46 -9.87302e-07 -1.30401e-06 -2.69166e-08 -4.02782e-08 
0.850424 98.8275 8086.17 -1.0894e-06 -1.16297e-06 -1.08023e-09 -1.7252e-08 
0.851024 98.6693 8091.88 -1.15945e-06 -1.06313e-06 -1.38926e-09 -4.88163e-08 
0.851624 98.5115 8097.58 -1.23356e-06 -9.67305e-07 4.17121e-08 -4.77519e-08 
0.852224 98.354 8103.29 -1.1802e-06 -9.98924e-07 1.50676e-07 -1.12835e-08 
0.852824 98.1969 8108.99 -9.88578e-07 -1.14782e-06 1.92573e-07 1.37713e-08 
0.853424 98.0401 8114.7 -8.68274e-07 -1.20167e-06 1.16911e-07 -1.92027e-08 
0.854024 97.8837 8120.41 -7.6676e-07 -1.22109e-06 -7.47231e-08 -2.61608e-08 
0.854624 97.7276 8126.11 -6.62125e-07 -1.23127e-06 -2.116e-07 -3.25957e-08 
0.855224 97.5718 8131.82 -5.41553e-07 -1.24009e-06 -2.41589e-07 1.95807e-08 
0.855824 97.4164 8137.52 -5.02061e-07 -1.16217e-06 -2.10676e-07 2.81763e-08 
0.856425 97.2614 8143.23 -5.63733e-07 -9.88641e-07 -2.0666e-07 2.40598e-08 
0.857025 97.1067 8148.94 -6.60208e-07 -7.99494e-07 -6.63532e-08 3.02938e-08 
0.857625 96.9523 8154.64 -7.53523e-07 -6.3039e-07 1.07049e-07 4.84992e-08 
0.858225 96.7982 8160.35 -8.14689e-07 -5.03431e-07 2.55438e-07 9.38727e-09 
0.858825 96.6445 8166.05 -9.86587e-07 -2.84544e-07 3.13575e-07 -4.32759e-09 
0.859425 96.4912 8171.76 -1.06248e-06 -1.79758e-07 2.78517e-07 -3.41122e-08 
0.860025 96.3381 8177.47 -1.01192e-06 -2.02453e-07 2.80161e-07 -2.43385e-09 
0.860625 96.1854 8183.17 -9.68315e-07 -2.10438e-07 2.89801e-07 2.94356e-08 
0.861225 96.0331 8188.88 -8.72793e-07 -2.60435e-07 2.20864e-07 3.52707e-08 
0.861826 95.8811 8194.58 -7.87254e-07 -2.90706e-07 1.87474e-07 2.80543e-08 
0.862426 95.7294 8200.29 -6.26407e-07 -3.77031e-07 2.43151e-07 3.98226e-08 
0.863026 95.578 8206 -4.5426e-07 -4.55959e-07 3.6143e-07 1.99229e-08 
0.863626 95.427 8211.7 -3.74644e-07 -4.2491e-07 3.70813e-07 2.91092e-08 
0.864226 95.2763 8217.41 -3.07229e-07 -3.81546e-07 3.9948e-07 -2.61483e-09 
0.864826 95.1259 8223.11 -2.41361e-07 -3.3411e-07 3.39988e-07 2.28096e-09 
0.865426 94.9759 8228.82 -2.04225e-07 -2.55669e-07 2.82935e-07 1.22217e-08 
0.866026 94.8262 8234.53 -3.27668e-07 -3.23236e-08 1.21159e-07 6.8605e-09 
0.866626 94.6768 8240.23 -4.24903e-07 1.46802e-07 -1.42691e-07 -1.31677e-08 
0.867226 94.5277 8245.94 -5.00715e-07 2.85791e-07 -2.69552e-07 -5.23555e-09 
0.867827 94.379 8251.64 -6.0183e-07 4.35979e-07 -3.77598e-07 1.69386e-08 
0.868427 94.2306 8257.35 -6.93347e-07 5.60071e-07 -4.50572e-07 7.88616e-08 
0.869027 94.0825 8263.06 -7.9693e-07 6.77431e-07 -4.75931e-07 6.793e-08 
0.869627 93.9347 8268.76 -7.84192e-07 6.74725e-07 -4.32177e-07 4.31191e-08 
0.870227 93.7873 8274.47 -7.51704e-07 6.52377e-07 -2.98148e-07 1.50647e-09 
0.870827 93.6402 8280.17 -7.74859e-07 6.90698e-07 -2.77652e-07 3.94263e-09 
0.871427 93.4933 8285.88 -6.48121e-07 5.82203e-07 -2.17331e-07 2.55815e-08 
0.872027 93.3469 8291.59 -5.2684e-07 4.97633e-07 -2.13331e-07 2.98485e-08 
0.872627 93.2007 8297.29 -3.62795e-07 3.87962e-07 -1.57739e-07 2.44578e-09 
0.873228 93.0548 8303 -2.5628e-07 3.46426e-07 -2.20165e-07 8.47778e-09 
0.873828 92.9093 8308.71 -1.31372e-07 3.00994e-07 -3.10969e-07 -1.31597e-08 
0.874428 92.7641 8314.41 1.94922e-08 2.39641e-07 -2.83387e-07 -1.16234e-08 
0.875028 92.6192 8320.12 6.93019e-08 2.91886e-07 -3.13808e-07 -5.01113e-08 
0.875628 92.4746 8325.82 1.1011e-07 3.49806e-07 -2.52881e-07 -5.52099e-08 
0.876228 92.3303 8331.53 1.30416e-07 4.2233e-07 -2.17665e-07 -4.15923e-08 
0.876828 92.1863 8337.24 1.50135e-07 4.93967e-07 -1.1878e-07 -1.34987e-08 
0.877428 92.0427 8342.94 8.10064e-08 6.38406e-07 -2.79903e-09 -4.58134e-09 
0.878028 91.8993 8348.65 -4.71476e-08 8.24162e-07 -5.01575e-08 2.18644e-09 
0.878628 91.7563 8354.35 -6.59526e-08 8.83561e-07 -3.9624e-08 -8.68081e-09 
0.879229 91.6135 8360.06 -2.22536e-07 1.06593e-06 -9.85704e-08 1.94749e-08 
0.879829 91.4711 8365.77 -2.96659e-07 1.14889e-06 -1.96627e-07 1.33167e-08 
0.880429 91.329 8371.47 -4.13053e-07 1.25449e-06 -3.52103e-07 2.93056e-08 
0.881029 91.1872 8377.18 -4.54549e-07 1.27731e-06 -5.06782e-07 3.82047e-09 
0.881629 91.0457 8382.88 -4.61446e-07 1.25791e-06 -5.84082e-07 -2.86222e-09 
0.882229 90.9045 8388.59 -5.58238e-07 1.32295e-06 -7.32391e-07 -6.11474e-09 
0.882829 90.7636 8394.3 -4.80206e-07 1.2118e-06 -7.87362e-07 -1.67516e-09 
0.883429 90.623 8400 -4.47545e-07 1.15543e-06 -7.95488e-07 -6.81508e-09 
0.884029 90.4827 8405.71 -3.86415e-07 1.0802e-06 -7.16651e-07 -1.63037e-09 
0.88463 90.3426 8411.41 -2.78802e-07 9.63762e-07 -6.44077e-07 1.21227e-08 
0.88523 90.2029 8417.12 -1.66106e-07 8.58864e-07 -5.9829e-07 6.03207e-08 
0.88583 90.0635 8422.83 9.24706e-10 7.154e-07 -4.55621e-07 6.56201e-08 
0.88643 89.9244 8428.53 7.47246e-08 6.7728e-07 -4.21423e-07 5.1861e-08 
0.88703 89.7856 8434.24 2.3314e-07 5.697e-07 -4.09783e-07 -6.98504e-09 
0.88763 89.6471 8439.94 3.7113e-07 4.92219e-07 -3.57806e-07 -2.753e-08 
0.88823 89.5089 8445.65 4.54336e-07 4.85051e-07 -3.94935e-07 -1.43944e-08 
0.88883 89.371 8451.36 5.52432e-07 4.61983e-07 -3.56316e-07 1.1253e-08 
0.88943 89.2333 8457.06 6.17263e-07 4.76316e-07 -4.32978e-07 3.02965e-08 
0.89003 89.096 8462.77 7.13904e-07 4.62799e-07 -3.88518e-07 1.10865e-08 
0.890631 88.9589 8468.47 6.67128e-07 5.84028e-07 -3.52194e-07 4.08684e-09 
0.891231 88.8222 8474.18 6.66354e-07 6.53914e-07 -3.55491e-07 3.76966e-09 
0.891831 88.6857 8479.89 6.64891e-07 7.13273e-07 -2.22853e-07 1.65465e-08 
0.892431 88.5495 8485.59 5.78395e-07 8.47437e-07 -1.31993e-07 2.70424e-08 
0.893031 88.4136 8491.3 5.31268e-07 9.24805e-07 -1.15619e-08 2.34391e-08 
0.893631 88.278 8497 4.41874e-07 1.02806e-06 4.88927e-08 1.96095e-08 
0.894231 88.1427 8502.71 3.78947e-07 1.09375e-06 1.25876e-07 2.59859e-08 
0.894831 88.0077 8508.42 2.69527e-07 1.1869e-06 1.94678e-07 4.44612e-08 
0.895431 87.8729 8514.12 1.16706e-07 1.3079e-06 1.38537e-07 7.06374e-08 
0.896032 87.7385 8519.83 1.09037e-07 1.27227e-06 1.52491e-07 3.68473e-08 
0.896632 87.6043 8525.53 -3.57381e-08 1.36265e-06 1.17597e-07 2.33416e-08 
0.897232 87.4704 8531.24 -7.93573e-08 1.34004e-06 7.37586e-08 -2.09642e-09 
0.897832 87.3368 8536.95 -1.25522e-07 1.31254e-06 3.55623e-10 1.9913e-08 
0.898432 87.2034 8542.65 -1.8736e-07 1.30096e-06 -2.71551e-08 1.10171e-08 
0.899032 87.0704 8548.36 -1.89327e-07 1.22319e-06 1.95953e-08 4.39496e-09 
0.899632 86.9376 8554.06 -2.4225e-07 1.19747e-06 -1.89681e-08 -2.96686e-08 
0.900232 86.8051 8559.77 -1.89021e-07 1.07165e-06 7.21355e-08 -6.52276e-08 
0.900832 86.6729 8565.48 -1.84848e-07 1.0002e-06 1.81372e-07 -5.97182e-08 
0.901432 86.5409 8571.18 -1.24652e-07 8.79717e-07 2.86472e-07 -3.13061e-08 
0.902033 86.4092 8576.89 -1.69458e-08 7.20233e-07 4.02361e-07 1.39437e-09 
0.902633 86.2778 8582.6 2.18503e-08 6.44865e-07 4.74424e-07 1.36346e-08 
0.903233 86.1467 8588.3 1.10462e-07 5.29694e-07 5.83965e-07 1.83891e-08 
0.903833 86.0158 8594.01 2.32088e-07 3.92802e-07 6.12833e-07 1.20843e-08 
0.904433 85.8852 8599.71 3.42442e-07 2.86285e-07 6.15555e-07 -5.08619e-09 
0.905033 85.7549 8605.42 4.52269e-07 1.88997e-07 6.5041e-07 -9.31437e-09 
0.905633 85.6249 8611.13 5.61657e-07 1.07497e-07 5.42308e-07 -9.56404e-09 
0.906233 85.4951 8616.83 7.46025e-07 -3.65207e-08 5.25013e-07 -2.64285e-08 
0.906833 85.3656 8622.54 8.28082e-07 -6.69086e-08 4.24234e-07 -2.59192e-08 
0.907434 85.2364 8628.24 9.35201e-07 -1.11391e-07 3.18329e-07 -9.17646e-09 
0.908034 85.1074 8633.95 1.06925e-06 -1.75236e-07 2.51458e-07 2.95299e-08 
0.908634 84.9787 8639.66 1.17223e-06 -1.96049e-07 1.77817e-07 2.3053e-08 
0.909234 84.8502 8645.36 1.27713e-06 -2.16571e-07 1.73709e-07 2.41973e-08 
0.909834 84.7221 8651.07 1.36053e-06 -2.10182e-07 9.55481e-08 1.22817e-08 
0.910434 84.5941 8656.77 1.48078e-06 -2.34428e-07 1.08221e-07 1.14495e-08 
0.911034 84.4665 8662.48 1.51815e-06 -1.78526e-07 1.27906e-07 9.85282e-09 
0.911634 84.3391 8668.19 1.5661e-06 -1.34662e-07 8.50966e-08 2.42215e-08 
0.912234 84.212 8673.89 1.62038e-06 -9.74769e-08 8.82319e-08 4.45038e-08 
0.912834 84.0851 8679.6 1.63526e-06 -2.59555e-08 1.09456e-07 1.42912e-08 
0.913435 83.9585 8685.3 1.70846e-06 -1.61849e-08 8.65654e-08 1.17147e-08 
0.914035 83.8322 8691.01 1.73701e-06 3.26473e-08 5.42927e-08 -7.21423e-09 
0.914635 83.7061 8696.72 1.71638e-06 1.27094e-07 -4.92926e-09 1.02149e-08 
0.915235 83.5803 8702.42 1.6778e-06 2.2445e-07 -2.11456e-08 -3.83087e-09 
0.915835 83.4547 8708.13 1.6189e-06 3.28257e-07 -1.07645e-07 1.59587e-08 
0.916435 83.3294 8713.83 1.59882e-06 3.83107e-07 -1.41256e-07 1.86852e-08 
0.917035 83.2044 8719.54 1.57197e-06 4.35014e-07 -1.61941e-07 -9.93736e-10 
0.917635 83.0796 8725.25 1.64027e-06 3.92031e-07 -1.90111e-07 3.56179e-09 
0.918235 82.9551 8730.95 1.64876e-06 4.06063e-07 -1.49705e-07 1.85914e-10 
0.918836 82.8308 8736.66 1.49113e-06 5.71671e-07 -1.14361e-07 2.11334e-08 
0.919436 82.7068 8742.36 1.31543e-06 7.2879e-07 -5.3041e-08 -9.49346e-09 
0.920036 82.5831 8748.07 1.13342e-06 8.66944e-07 1.83047e-08 2.87331e-08 
0.920636 82.4596 8753.78 1.09336e-06 8.47847e-07 1.39046e-07 3.45527e-08 
0.921236 82.3363 8759.48 1.19235e-06 6.94856e-07 2.14759e-07 6.87711e-08 
0.921836 82.2134 8765.19 1.29024e-06 5.58723e-07 3.08432e-07 6.21264e-08 
0.922436 82.0907 8770.89 1.24968e-06 5.65594e-07 4.33965e-07 7.7464e-08 
0.923036 81.9682 8776.6 9.88216e-07 7.68937e-07 5.40576e-07 5.80749e-08 
0.923636 81.846 8782.31 7.05298e-07 9.59833e-07 5.7329e-07 1.6511e-09 
0.924236 81.724 8788.01 5.12445e-07 1.0322e-06 5.84245e-07 -1.4286e-08 
0.924837 81.6024 8793.72 4.96775e-07 9.20705e-07 5.12939e-07 -3.21611e-08 
0.925437 81.4809 8799.42 6.29646e-07 6.76223e-07 4.19919e-07 1.3448e-09 
0.926037 81.3597 8805.13 6.45704e-07 5.64262e-07 3.8148e-07 -3.58926e-08 
0.926637 81.2388 8810.84 5.79878e-07 5.35628e-07 3.97969e-07 1.09644e-08 
0.927237 81.1181 8816.54 4.88046e-07 5.24827e-07 3.69681e-07 -4.28064e-09 
0.927837 80.9977 8822.25 3.69383e-07 5.33431e-07 2.37729e-07 -4.81057e-09 
0.928437 80.8776 8827.95 2.42927e-07 5.39826e-07 1.98907e-08 -3.84061e-08 
0.929037 80.7576 8833.66 5.99663e-08 5.92173e-07 -2.31134e-07 8.70974e-09 
0.929637 80.638 8839.37 -1.00114e-07 6.06708e-07 -2.7734e-07 1.3473e-08 
0.930238 80.5186 8845.07 -1.93173e-07 5.45065e-07 -1.73957e-07 -3.24915e-08 
0.930838 80.3994 8850.78 -1.28069e-07 3.3184e-07 -4.47879e-08 -2.47753e-09 
0.931438 80.2805 8856.49 -3.1499e-09 8.34791e-08 -6.57853e-08 -4.43043e-09 
0.932038 80.1619 8862.19 6.44867e-09 -3.25031e-08 -2.0318e-07 -2.84581e-09 
0.932638 80.0435 8867.9 -4.98608e-08 -7.75039e-08 -3.94014e-07 -5.80595e-08 
0.933238 79.9253 8873.6 -1.46e-07 -8.55081e-08 -4.43913e-07 2.50596e-08 
0.933838 79.8074 8879.31 -2.56062e-07 -8.52616e-08 -3.33044e-07 -1.13934e-08 
0.934438 79.6898 8885.02 -3.37138e-07 -1.18204e-07 -2.15667e-07 -1.55846e-08 
0.935038 79.5724 8890.72 -4.85578e-07 -9.07578e-08 -1.78655e-07 -2.7067e-08 
0.935638 79.4552 8896.43 -6.3463e-07 -7.37057e-08 -1.86065e-07 1.76264e-08 
0.936239 79.3383 8902.13 -6.67322e-07 -1.75987e-07 -2.2671e-07 3.32376e-08 
0.936839 79.2216 8907.84 -5.93375e-07 -3.69368e-07 -2.92543e-07 2.51075e-08 
0.937439 79.1052 8913.55 -5.01404e-07 -5.59263e-07 -3.80877e-07 3.10517e-08 
0.938039 78.9891 8919.25 -4.79317e-07 -6.62779e-07 -5.30129e-07 -1.55272e-08 
0.938639 78.8732 8924.96 -4.35715e-07 -7.77372e-07 -5.93431e-07 3.1758e-08 
0.939239 78.7575 8930.66 -4.36295e-07 -8.38736e-07 -5.35857e-07 -3.4679e-08 
0.939839 78.6421 8936.37 -4.3738e-07 -8.94234e-07 -3.99198e-07 1.19037e-08 
0.940439 78.5269 8942.08 -5.30654e-07 -8.55544e-07 -3.65003e-07 2.41877e-08 
0.941039 78.412 8947.78 -7.11815e-07 -7.41274e-07 -3.6651e-07 7.96921e-08 
0.94164 78.2973 8953.49 -8.33956e-07 -6.98766e-07 -4.13124e-07 2.96408e-08 
0.94224 78.1829 8959.19 -8.59552e-07 -7.53507e-07 -4.22138e-07 8.90499e-09 
0.94284 78.0687 8964.9 -8.75346e-07 -8.12614e-07 -3.9837e-07 -5.54598e-09 
0.94344 77.9547 8970.61 -8.73743e-07 -8.82902e-07 -4.06082e-07 -2.12024e-08 
0.94404 77.841 8976.31 -8.30439e-07 -9.85748e-07 -3.85316e-07 1.67942e-08 
0.94464 77.7275 8982.02 -7.31155e-07 -1.12779e-06 -2.53618e-07 -4.69461e-08 
0.94524 77.6143 8987.72 -6.09053e-07 -1.27166e-06 -6.56944e-08 -3.72185e-09 
0.94584 77.5013 8993.43 -5.5676e-07 -1.32846e-06 5.02572e-08 -2.31963e-08 
0.94644 77.3886 8999.14 -5.69587e-07 -1.31406e-06 9.11693e-08 2.46724e-08 
0.94704 77.276 9004.84 -5.96254e-07 -1.2866e-06 8.04189e-08 3.36944e-09 
0.947641 77.1638 9010.55 -5.80898e-07 -1.29824e-06 5.8161e-08 5.31562e-08 
0.948241 77.0517 9016.25 -6.91656e-07 -1.18801e-06 1.01504e-08 5.81531e-08 
0.948841 76.9399 9021.96 -8.12129e-07 -1.08026e-06 -8.81417e-08 6.79228e-08 
0.949441 76.8283 9027.67 -9.13051e-07 -1.00134e-06 -1.90222e-07 5.86642e-08 
0.950041 76.717 9033.37 -9.42499e-07 -9.96392e-07 -1.51492e-07 -9.5442e-09 
0.950641 76.6059 9039.08 -9.37248e-07 -1.02251e-06 -7.74436e-08 3.48138e-08 
0.951241 76.495 9044.78 -9.27614e-07 -1.04754e-06 -3.69811e-08 3.0148e-08 
0.951841 76.3844 9050.49 -8.79715e-07 -1.10463e-06 -2.06593e-08 7.08313e-08 
0.952441 76.274 9056.2 -7.57338e-07 -1.22149e-06 -1.64789e-08 2.17497e-08 
0.953042 76.1638 9061.9 -6.29972e-07 -1.32359e-06 -1.01103e-08 -1.27444e-09 
0.953642 76.0538 9067.61 -5.84644e-07 -1.33036e-06 -4.87524e-08 -2.65182e-08 
0.954242 75.9441 9073.31 -5.39145e-07 -1.33107e-06 -1.21178e-07 -1.68638e-08 
0.954842 75.8346 9079.02 -4.72898e-07 -1.34479e-06 -1.53542e-07 -5.73453e-09 
0.955442 75.7253 9084.73 -4.68361e-07 -1.29197e-06 -8.19318e-08 -9.53513e-09 
0.956042 75.6163 9090.43 -5.20258e-07 -1.18836e-06 1.99436e-08 3.47685e-08 
0.956642 75.5075 9096.14 -6.04335e-07 -1.06111e-06 9.16903e-08 3.0507e-09 
0.957242 75.3989 9101.84 -6.77031e-07 -9.57401e-07 2.44073e-07 2.72689e-08 
0.957842 75.2905 9107.55 -7.31224e-07 -8.77175e-07 3.8636e-07 -2.27956e-08 
0.958442 75.1824 9113.26 -8.26481e-07 -7.63778e-07 5.17645e-07 -3.24499e-08 
0.959043 75.0744 9118.96 -8.96578e-07 -6.84284e-07 5.64313e-07 -2.1597e-08 
0.959643 74.9667 9124.67 -8.6422e-07 -7.08505e-07 5.6348e-07 -1.93414e-08 
0.960243 74.8592 9130.38 -8.09222e-07 -7.47556e-07 5.52132e-07 3.59541e-09 
0.960843 74.752 9136.08 -7.6777e-07 -7.66207e-07 5.2173e-07 -3.61122e-08 
0.961443 74.6449 9141.79 -7.00545e-07 -8.03304e-07 4.21412e-07 -1.66427e-08 
0.962043 74.5381 9147.49 -5.81361e-07 -8.78831e-07 3.46021e-07 -2.47167e-08 
0.962643 74.4315 9153.2 -4.76215e-07 -9.25997e-07 3.48737e-07 3.18983e-08 
0.963243 74.3251 9158.91 -3.96269e-07 -9.37096e-07 3.56925e-07 7.59514e-09 
0.963843 74.2189 9164.61 -3.42002e-07 -9.16873e-07 3.44581e-07 1.61349e-08 
0.964444 74.1129 9170.32 -2.85694e-07 -8.9572e-07 3.426e-07 -2.42475e-08 
0.965044 74.0072 9176.02 -2.35414e-07 -8.64343e-07 3.39164e-07 -3.12258e-08 
0.965644 73.9017 9181.73 -3.06225e-07 -7.16986e-07 3.06624e-07 -6.81083e-09 
0.966244 73.7963 9187.44 -3.50634e-07 -6.06952e-07 2.18983e-07 -2.19993e-08 
0.966844 73.6912 9193.14 -4.07106e-07 -4.92613e-07 8.2283e-08 1.55983e-08 
0.967444 73.5863 9198.85 -4.74638e-07 -3.75722e-07 1.54435e-08 7.01176e-10 
0.968044 73.4816 9204.55 -5.74318e-07 -2.39906e-07 -6.98542e-08 4.79732e-08 
0.968644 73.3772 9210.26 -6.25441e-07 -1.63789e-07 -1.65985e-07 5.3494e-08 
0.969244 73.2729 9215.97 -6.50329e-07 -1.19967e-07 -2.06153e-07 4.94416e-08 
0.969844 73.1688 9221.67 -6.71545e-07 -8.21637e-08 -1.81584e-07 2.36886e-08 
0.970445 73.065 9227.38 -6.90681e-07 -4.82808e-08 -1.40424e-07 -4.93927e-09 
0.971045 72.9613 9233.08 -6.71967e-07 -5.13325e-08 -8.91595e-08 9.36175e-10 
0.971645 72.8579 9238.79 -5.78673e-07 -1.2121e-07 -2.79536e-09 9.00826e-09 
0.972245 72.7547 9244.5 -5.06598e-07 -1.59408e-07 8.72745e-08 1.67576e-08 
0.972845 72.6516 9250.2 -4.41739e-07 -1.84655e-07 1.48226e-07 -5.03384e-09 
0.973445 72.5488 9255.91 -3.1041e-07 -2.66594e-07 1.29883e-07 -1.24592e-08 
0.974045 72.4462 9261.61 -2.11422e-07 -3.02945e-07 1.01056e-07 -2.03917e-08 
0.974645 72.3438 9267.32 -1.38309e-07 -3.06671e-07 8.76313e-08 -1.61933e-08 
0.975245 72.2416 9273.03 -8.61768e-08 -2.84036e-07 -1.38723e-08 -1.21682e-08 
0.975846 72.1396 9278.73 -1.26305e-08 -2.79545e-07 -8.14782e-08 -2.07554e-08 
0.976446 72.0377 9284.44 1.94981e-08 -2.30413e-07 -1.30335e-07 1.60662e-08 
0.977046 71.9361 9290.14 2.51909e-08 -1.58332e-07 -1.35809e-07 1.97959e-08 
0.977646 71.8347 9295.85 3.44068e-10 -6.28717e-08 -1.64664e-07 6.76833e-08 
0.978246 71.7335 9301.56 -5.01508e-09 6.46921e-09 -1.55769e-07 4.68607e-08 
0.978846 71.6325 9307.26 -6.46659e-08 1.23116e-07 -1.18401e-07 4.29945e-08 
0.979446 71.5317 9312.97 -1.64589e-07 2.67096e-07 -6.15457e-08 2.64306e-08 
0.980046 71.4311 9318.67 -2.17193e-07 3.5132e-07 -3.70182e-08 3.12801e-08 
0.980646 71.3306 9324.38 -2.67028e-07 4.25412e-07 -1.70241e-08 4.94163e-08 
0.981246 71.2304 9330.09 -3.47052e-07 5.18284e-07 2.81489e-08 3.71517e-08 
0.981847 71.1304 9335.79 -4.00669e-07 5.74547e-07 -3.72351e-09 1.60065e-08 
0.982447 71.0305 9341.5 -4.31134e-07 6.02333e-07 -6.26226e-08 -8.22999e-09 
0.983047 70.9309 9347.2 -4.50443e-07 6.15847e-07 -8.9557e-08 -1.73261e-08 
0.983647 70.8314 9352.91 -4.71645e-07 6.30292e-07 -1.31486e-07 1.64603e-08 
0.984247 70.7322 9358.62 -4.56778e-07 6.07672e-07 -1.62267e-07 4.28816e-08 
0.984847 70.6331 9364.32 -3.92791e-07 5.42176e-07 -1.85335e-07 6.10273e-08 
0.985447 70.5343 9370.03 -3.31778e-07 4.86227e-07 -1.48058e-07 3.11806e-08 
0.986047 70.4356 9375.73 -2.7774e-07 4.43336e-07 -1.10849e-07 2.47227e-09 
0.986647 70.3371 9381.44 -1.60723e-07 3.45518e-07 -6.78129e-08 -2.22384e-08 
0.987248 70.2388 9387.15 -6.32614e-08 2.80058e-07 -2.39305e-08 -1.99089e-08 
0.987848 70.1407 9392.85 5.78016e-09 2.50701e-07 6.32506e-08 -2.09093e-08 
0.988448 70.0427 9398.56 9.85336e-08 2.05008e-07 9.29228e-08 -1.26797e-08 
0.989048 69.945 9404.27 2.05763e-07 1.54614e-07 1.07306e-07 -1.85093e-08 
0.989648 69.8474 9409.97 2.82838e-07 1.40354e-07 1.32753e-07 -3.55663e-10 
0.990248 69.7501 9415.68 3.49491e-07 1.39683e-07 9.79873e-08 5.5911e-09 
0.990848 69.6529 9421.38 4.02293e-07 1.54238e-07 1.28242e-08 1.65362e-08 
0.991448 69.5559 9427.09 4.47804e-07 1.77376e-07 -7.63629e-08 -6.26928e-11 
0.992048 69.4591 9432.8 4.48461e-07 2.43938e-07 -1.66388e-07 -1.74285e-08 
0.992648 69.3624 9438.5 4.3896e-07 3.13973e-07 -2.55766e-07 -2.72905e-08 
0.993249 69.266 9444.21 4.49828e-07 3.6017e-07 -3.59708e-07 -2.3188e-08 
0.993849 69.1697 9449.91 4.13126e-07 4.46856e-07 -4.06013e-07 -1.36189e-08 
0.994449 69.0736 9455.62 3.61435e-07 5.38074e-07 -4.32509e-07 -5.75026e-09 
0.995049 68.9777 9461.33 3.33304e-07 5.95748e-07 -4.59231e-07 -1.75393e-08 
0.995649 68.882 9467.03 2.72462e-07 6.7901e-07 -4.5684e-07 -1.5909e-08 
0.996249 68.7865 9472.74 1.90561e-07 7.70724e-07 -3.93237e-07 -2.86808e-08 
0.996849 68.6911 9478.44 1.19282e-07 8.41227e-07 -3.68996e-07 -6.37673e-09 
0.997449 68.5959 9484.15 6.11098e-08 8.90101e-07 -3.15072e-07 1.25469e-09 
0.998049 68.5009 9489.86 -4.4196e-09 9.37917e-07 -2.37819e-07 2.23161e-08 
0.99865 68.4061 9495.56 -6.47116e-08 9.71933e-07 -1.81456e-07 1.96347e-08 
0.99925 68.3114 9501.27 -1.08072e-07 9.8145e-07 -1.51841e-07 2.07903e-08 
0.99985 68.217 9506.97 -1.39393e-07 9.75868e-07 -1.31591e-07 2.18538e-08 
1.00045 68.1227 9512.68 -2.00899e-07 9.95929e-07 -9.90892e-08 2.70674e-08 
1.00105 68.0285 9518.39 -2.12128e-07 9.62779e-07 -7.89317e-08 3.25291e-08 
1.00165 67.9346 9524.09 -2.03168e-07 9.12412e-07 -7.41392e-08 3.05613e-08 
1.00225 67.8408 9529.8 -2.10894e-07 8.79012e-07 -1.69258e-08 2.07602e-08 
1.00285 67.7472 9535.5 -1.93304e-07 8.21881e-07 1.95184e-08 2.47039e-08 
1.00345 67.6538 9541.21 -1.45153e-07 7.38667e-07 6.03256e-08 6.6166e-09 
1.00405 67.5605 9546.92 -1.18788e-07 6.83461e-07 1.28443e-07 2.97198e-09 
1.00465 67.4674 9552.62 -6.73405e-08 6.07635e-07 2.21208e-07 -3.3299e-08 
1.00525 67.3745 9558.33 5.07776e-09 5.20281e-07 2.76702e-07 -4.48138e-08 
1.00585 67.2818 9564.03 9.83439e-08 4.22095e-07 3.76854e-07 -5.13746e-08 
1.00645 67.1893 9569.74 1.63966e-07 3.60825e-07 4.62287e-07 -1.99347e-08 
1.00705 67.0969 9575.45 2.26099e-07 3.08643e-07 5.34826e-07 1.42194e-08 
1.00765 67.0047 9581.15 3.04166e-07 2.46476e-07 5.72388e-07 3.88994e-08 
1.00825 66.9127 9586.86 3.71415e-07 2.01533e-07 5.94919e-07 4.61542e-08 
1.00885 66.8208 9592.56 4.82332e-07 1.19871e-07 5.98085e-07 3.131e-08 
1.00945 66.7291 9598.27 6.48235e-07 -1.1628e-09 5.37054e-07 7.32793e-09 
1.01005 66.6376 9603.98 7.55542e-07 -4.96513e-08 4.8526e-07 7.0271e-09 
1.01065 66.5463 9609.68 8.05742e-07 -3.68172e-08 4.33717e-07 9.32411e-09 
1.01125 66.4552 9615.39 8.03629e-07 2.53902e-08 3.3571e-07 2.84823e-08 
1.01185 66.3642 9621.09 8.0352e-07 7.84772e-08 2.6417e-07 1.76172e-08 
1.01245 66.2734 9626.8 8.61043e-07 7.16556e-08 1.86208e-07 3.32154e-08 
1.01305 66.1828 9632.51 1.04972e-06 -5.6046e-08 9.79517e-08 2.62634e-08 
1.01365 66.0923 9638.21 1.23412e-06 -1.60503e-07 -2.86382e-09 2.69401e-08 
1.01425 66.002 9643.92 1.32183e-06 -1.57102e-07 -4.32001e-08 3.62814e-08 
1.01485 65.912 9649.62 1.24448e-06 4.25921e-09 -6.05396e-08 5.87803e-08 
1.01545 65.822 9655.33 1.13333e-06 1.79786e-07 -2.60435e-08 3.96341e-08 
1.01605 65.7323 9661.04 1.05533e-06 3.03506e-07 1.57874e-08 8.57897e-10 
1.01665 65.6427 9666.74 1.10589e-06 2.91135e-07 4.28336e-08 1.15575e-08 
1.01725 65.5533 9672.45 1.27234e-06 1.72433e-07 -4.75712e-09 2.75261e-08 
1.01785 65.4641 9678.15 1.36429e-06 1.40174e-07 -5.31508e-08 7.10242e-09 
1.01845 65.3751 9683.86 1.36219e-06 2.0157e-07 -1.87103e-08 -4.13911e-09 
1.01905 65.2862 9689.57 1.31894e-06 2.95998e-07 5.3214e-08 1.7994e-08 
1.01965 65.1975 9695.27 1.2544e-06 3.99785e-07 1.55974e-07 4.32362e-09 
1.02025 65.109 9700.98 1.20324e-06 4.77872e-07 1.86367e-07 -3.839e-08 
1.02085 65.0207 9706.69 1.11803e-06 5.77032e-07 5.49215e-08 -1.15487e-08 
1.02145 64.9325 9712.39 1.02165e-06 6.73668e-07 -1.22437e-07 3.1897e-08 
1.02205 64.8445 9718.1 9.37273e-07 7.44415e-07 -2.15448e-07 2.9536e-08 
1.02265 64.7567 9723.8 9.62059e-07 7.0229e-07 -1.74828e-07 8.13583e-09 
1.02325 64.6691 9729.51 1.05518e-06 5.98236e-07 -7.15013e-08 -6.09071e-09 
1.02385 64.5816 9735.22 1.08403e-06 5.65959e-07 -2.87492e-08 -1.9925e-08 
1.02445 64.4943 9740.92 1.02208e-06 6.18812e-07 -8.98296e-08 -3.00962e-08 
1.02505 64.4072 9746.63 9.21079e-07 6.98818e-07 -2.41331e-07 -1.03843e-08 
1.02565 64.3203 9752.33 7.94634e-07 7.89646e-07 -3.20308e-07 -8.47914e-09 
1.02625 64.2335 9758.04 6.92472e-07 8.42459e-07 -2.94923e-07 2.16607e-08 
1.02685 64.1469 9763.75 5.88371e-07 8.87748e-07 -2.58798e-07 1.21443e-08 
1.02745 64.0605 9769.45 4.63025e-07 9.42095e-07 -1.96777e-07 -2.41363e-08 
1.02805 63.9743 9775.16 3.90988e-07 9.33675e-07 -1.35467e-07 -6.12435e-08 
1.02865 63.8882 9780.86 4.32051e-07 8.13967e-07 -6.47369e-08 -3.42373e-08 
1.02925 63.8024 9786.57 4.93377e-07 6.82838e-07 -4.18999e-09 -2.79293e-08 
1.02985 63.7167 9792.28 4.94942e-07 6.18569e-07 -2.11749e-08 -2.77247e-08 
1.03046 63.6311 9797.98 4.5004e-07 5.9908e-07 -1.19575e-07 -1.84466e-08 
1.03106 63.5458 9803.69 3.64494e-07 6.16707e-07 -2.33799e-07 -8.25876e-09 
1.03166 63.4606 9809.39 2.95097e-07 6.12386e-07 -2.17564e-07 2.1124e-08 
1.03226 63.3756 9815.1 1.83327e-07 6.43839e-07 -1.65591e-07 4.86268e-08 
1.03286 63.2908 9820.81 6.77353e-08 6.69879e-07 -1.06978e-07 4.66914e-08 
1.03346 63.2061 9826.51 -8.75068e-08 7.21827e-07 -1.06336e-07 4.33206e-08 
1.03406 63.1216 9832.22 -1.29159e-07 6.53825e-07 -1.18173e-07 4.98236e-08 
1.03466 63.0373 9837.92 -1.14195e-07 5.34287e-07 -1.49179e-07 2.20256e-08 
1.03526 62.9532 9843.63 -1.29091e-07 4.51218e-07 -1.74514e-07 -1.24519e-08 
1.03586 62.8692 9849.34 -1.135e-07 3.43935e-07 -2.42952e-07 -1.83044e-08 
1.03646 62.7853 9855.04 -9.7848e-08 2.43432e-07 -3.26195e-07 -9.98307e-09 
1.03706 62.7017 9860.75 -5.16074e-08 1.21917e-07 -2.95925e-07 1.6956e-08 
1.03766 62.6182 9866.45 -4.23478e-08 4.41304e-08 -1.91574e-07 1.93468e-08 
1.03826 62.5348 9872.16 -1.12846e-07 4.72594e-08 -8.49968e-08 -1.66396e-08 
1.03886 62.4517 9877.87 -2.05279e-07 6.57472e-08 1.69529e-08 -2.94818e-08 
1.03946 62.3686 9883.57 -3.10655e-07 8.97646e-08 8.29904e-08 -1.77626e-08 
1.04006 62.2858 9889.28 -3.61628e-07 5.77803e-08 1.6754e-07 2.04313e-09 
1.04066 62.2031 9894.98 -4.72801e-07 8.15959e-08 2.17946e-07 1.19016e-08 
1.04126 62.1205 9900.69 -5.55295e-07 7.24646e-08 2.18644e-07 2.36524e-08 
1.04186 62.0381 9906.4 -5.40339e-07 -3.41692e-08 1.84247e-07 5.03744e-09 
1.04246 61.9559 9912.1 -5.1675e-07 -1.396e-07 1.6593e-07 1.50536e-08 
1.04306 61.8738 9917.81 -4.54023e-07 -2.74713e-07 2.40537e-07 -4.61635e-09 
1.04366 61.7918 9923.51 -4.37092e-07 -3.53382e-07 2.43266e-07 -1.81672e-08 
1.04426 61.71 9929.22 -4.03897e-07 -4.39661e-07 2.73138e-07 -1.23847e-08 
1.04486 61.6284 9934.93 -3.45699e-07 -5.41869e-07 3.02502e-07 1.37653e-08 
1.04546 61.5469 9940.63 -3.36514e-07 -5.8508e-07 3.1452e-07 3.5678e-08 
1.04606 61.4655 9946.34 -3.64832e-07 -5.90105e-07 3.19873e-07 4.89867e-08 
1.04666 61.3843 9952.04 -4.47283e-07 -5.45306e-07 2.10491e-07 3.07439e-08 
1.04726 61.3032 9957.75 -4.73251e-07 -5.59526e-07 9.86384e-08 1.98494e-08 
1.04786 61.2223 9963.46 -5.47841e-07 -5.27743e-07 -3.96972e-09 4.03114e-08 
1.04846 61.1415 9969.16 -6.51088e-07 -4.7212e-07 -6.5597e-08 3.67777e-08 
1.04906 61.0608 9974.87 -6.99198e-07 -4.77644e-07 -1.23524e-07 4.13536e-08 
1.04966 60.9803 9980.58 -7.40384e-07 -4.88472e-07 -1.76863e-07 1.42642e-08 
1.05026 60.8999 9986.28 -6.96281e-07 -5.79904e-07 -9.50143e-08 6.87625e-09 
1.05086 60.8197 9991.99 -6.84011e-07 -6.32588e-07 -4.00562e-08 1.11549e-08 
1.05146 60.7396 9997.69 -6.34669e-07 -7.13873e-07 2.8987e-08 3.58033e-08 
1.05206 60.6596 10003.4 -5.51951e-07 -8.20646e-07 6.72765e-08 3.30471e-08 
1.05266 60.5797 10009.1 -4.62488e-07 -9.17216e-07 7.70098e-08 3.7665e-08 
1.05326 60.5 10014.8 -4.1326e-07 -9.64451e-07 1.30394e-07 1.70361e-08 
1.05386 60.4204 10020.5 -4.07352e-07 -9.62411e-07 1.07953e-07 9.81636e-09 
1.05446 60.3409 10026.2 -3.55526e-07 -1.00114e-06 8.61902e-08 4.40577e-09 
1.05506 60.2616 10031.9 -3.52302e-07 -9.886e-07 8.02275e-08 -1.92782e-08 
1.05566 60.1824 10037.6 -4.04827e-07 -9.21064e-07 1.13275e-07 -1.84463e-08 
1.05626 60.1033 10043.3 -4.54105e-07 -8.6453e-07 1.52413e-07 -1.83677e-08 
1.05686 60.0244 10049 -5.37853e-07 -7.78288e-07 1.50073e-07 1.43859e-08 
1.05746 59.9455 10054.8 -5.74854e-07 -7.43846e-07 2.39557e-07 3.46473e-08 
1.05806 59.8668 10060.5 -6.56348e-07 -6.6988e-07 2.93771e-07 4.3614e-08 
1.05866 59.7882 10066.2 -7.15676e-07 -6.22362e-07 3.41478e-07 2.0205e-08 
1.05926 59.7097 10071.9 -7.08202e-07 -6.4508e-07 3.4842e-07 1.06243e-08 
1.05986 59.6313 10077.6 -6.96363e-07 -6.65671e-07 2.98685e-07 -1.08899e-08 
1.06046 59.5531 10083.3 -6.60181e-07 -7.07519e-07 2.97516e-07 -2.56148e-09 
1.06106 59.475 10089 -6.48574e-07 -7.2096e-07 1.9762e-07 -9.98297e-09 
1.06166 59.3969 10094.7 -5.43681e-07 -8.17073e-07 1.0867e-07 -2.86263e-08 
1.06226 59.319 10100.4 -4.87298e-07 -8.55856e-07 4.01616e-08 -3.40841e-08 
1.06286 59.2412 10106.1 -4.29138e-07 -8.85944e-07 1.94099e-08 -4.17046e-08 
1.06346 59.1636 10111.8 -3.55102e-07 -9.2698e-07 1.33027e-08 -3.23464e-08 
1.06406 59.086 10117.5 -3.02362e-07 -9.39014e-07 -5.47174e-09 -3.19019e-08 
1.06466 59.0086 10123.2 -2.40647e-07 -9.54811e-07 5.38484e-08 -3.71853e-08 
1.06526 58.9313 10128.9 -2.57809e-07 -8.91593e-07 9.26094e-08 -3.78097e-08 
1.06586 58.8541 10134.6 -2.86639e-07 -8.18412e-07 1.27226e-07 -9.90503e-09 
1.06646 58.7771 10140.3 -2.91673e-07 -7.73554e-07 1.5439e-07 8.84782e-09 
1.06706 58.7001 10146.1 -3.62472e-07 -6.65225e-07 1.45979e-07 4.61581e-08 
1.06766 58.6233 10151.8 -4.23608e-07 -5.7618e-07 1.82212e-07 3.40227e-08 
1.06826 58.5467 10157.5 -4.82215e-07 -4.98501e-07 1.18192e-07 2.04689e-08 
1.06886 58.4701 10163.2 -5.04785e-07 -4.59774e-07 5.29401e-08 8.82047e-09 
1.06946 58.3937 10168.9 -5.50129e-07 -4.04676e-07 1.62624e-08 9.13337e-09 
1.07006 58.3174 10174.6 -5.94614e-07 -3.52776e-07 -4.92885e-08 2.45499e-08 
1.07066 58.2413 10180.3 -5.69541e-07 -3.71598e-07 -8.78933e-08 1.52817e-08 
1.07126 58.1653 10186 -5.73438e-07 -3.58571e-07 -1.34074e-07 2.49336e-09 
1.07186 58.0894 10191.7 -5.26466e-07 -3.91325e-07 -1.00205e-07 -9.56693e-09 
1.07246 58.0136 10197.4 -5.05946e-07 -3.96035e-07 -9.12207e-08 -6.10241e-09 
1.07306 57.938 10203.1 -4.27836e-07 -4.50522e-07 -8.3149e-08 1.17105e-08 
1.07366 57.8626 10208.8 -3.40355e-07 -5.08031e-07 -6.65936e-08 2.63429e-08 
1.07426 57.7872 10214.5 -3.12287e-07 -4.9908e-07 -7.86147e-08 2.33806e-08 
1.07486 57.712 10220.2 -2.38962e-07 -5.31342e-07 -8.18528e-08 1.41795e-08 
1.07546 57.637 10225.9 -1.68617e-07 -5.53437e-07 -1.52707e-07 -3.46992e-09 
1.07606 57.5621 10231.6 -1.23933e-07 -5.42775e-07 -1.8463e-07 -1.58375e-08 
1.07666 57.4874 10237.3 -7.74774e-08 -5.33871e-07 -1.96158e-07 -2.14e-08 
1.07726 57.4127 10243.1 -4.77148e-08 -5.05301e-07 -2.70534e-07 -3.32923e-08 
1.07786 57.3383 10248.8 -7.12058e-09 -4.87361e-07 -2.77801e-07 -2.1372e-08 
1.07846 57.264 10254.5 -3.27339e-08 -4.06036e-07 -2.77857e-07 -7.75035e-10 
1.07906 57.1898 10260.2 -6.13624e-08 -3.25797e-07 -2.40237e-07 1.96319e-08 
1.07966 57.1158 10265.9 -8.98758e-08 -2.52769e-07 -1.86661e-07 3.97447e-08 
1.08026 57.0419 10271.6 -1.40059e-07 -1.61888e-07 -1.17419e-07 1.4124e-08 
1.08086 56.9682 10277.3 -1.89257e-07 -8.04298e-08 1.18032e-08 8.37772e-09 
1.08146 56.8947 10283 -2.61984e-07 1.53608e-08 9.75808e-08 -2.67696e-08 
1.08206 56.8213 10288.7 -2.75407e-07 4.73696e-08 1.91514e-07 -1.11916e-08 
1.08266 56.748 10294.4 -3.35058e-07 1.18367e-07 2.7693e-07 3.74307e-09 
1.08326 56.6749 10300.1 -3.97794e-07 1.86972e-07 3.57776e-07 3.13778e-08 
1.08386 56.602 10305.8 -4.01708e-07 1.91078e-07 4.19071e-07 3.94709e-08 
1.08446 56.5292 10311.5 -4.39932e-07 2.2989e-07 4.33258e-07 2.68154e-08 
1.08506 56.4566 10317.2 -4.36523e-07 2.2518e-07 5.1618e-07 2.14225e-08 
1.08566 56.3842 10322.9 -4.14582e-07 2.02993e-07 5.28097e-07 1.57512e-08 
1.08626 56.3119 10328.6 -3.59361e-07 1.52853e-07 5.3044e-07 4.39994e-08 
1.08686 56.2398 10334.3 -2.79061e-07 8.30155e-08 5.39327e-07 4.75913e-08 
1.08747 56.1678 10340.1 -2.37876e-07 5.94306e-08 5.03997e-07 5.74344e-08 
1.08807 56.096 10345.8 -1.50083e-07 -4.47735e-09 4.91752e-07 2.22773e-08 
1.08867 56.0244 10351.5 -7.69016e-08 -4.56194e-08 4.42786e-07 1.42431e-08 
1.08927 55.9529 10357.2 -3.19965e-08 -5.19226e-08 4.35622e-07 -5.24483e-09 
1.08987 55.8817 10362.9 2.43532e-08 -6.79118e-08 4.47244e-07 8.90209e-09 
1.09047 55.8105 10368.6 8.10047e-08 -7.94534e-08 4.23509e-07 1.30515e-08 
1.09107 55.7396 10374.3 1.32884e-07 -8.37326e-08 4.45231e-07 3.80344e-09 
1.09167 55.6688 10380 1.49993e-07 -5.35202e-08 4.56525e-07 7.78896e-09 
1.09227 55.5982 10385.7 2.05278e-07 -5.8999e-08 4.54349e-07 -1.19221e-08 
1.09287 55.5278 10391.4 2.58131e-07 -6.00426e-08 4.36956e-07 1.16511e-08 
1.09347 55.4575 10397.1 2.7123e-07 -1.91533e-08 4.10715e-07 9.30031e-09 
1.09407 55.3874 10402.8 3.28712e-07 -2.28011e-08 3.89089e-07 2.888e-08 
1.09467 55.3174 10408.5 3.32379e-07 2.77536e-08 2.96703e-07 3.2084e-08 
1.09527 55.2476 10414.2 3.52076e-07 6.00555e-08 2.56801e-07 2.29594e-08 
1.09587 55.178 10419.9 3.12705e-07 1.45106e-07 1.80799e-07 3.53864e-08 
1.09647 55.1085 10425.6 2.77211e-07 2.18954e-07 1.22151e-07 2.22833e-08 
1.09707 55.0391 10431.4 2.45165e-07 2.82878e-07 7.27772e-08 4.80713e-08 
1.09767 54.9699 10437.1 1.55442e-07 3.96165e-07 5.46545e-08 4.49582e-09 
1.09827 54.9008 10442.8 9.80161e-08 4.67425e-07 8.58664e-08 -3.98857e-09 
1.09887 54.8319 10448.5 3.38455e-08 5.37317e-07 9.49966e-08 -4.5127e-08 
1.09947 54.763 10454.2 -5.10143e-08 6.18622e-07 1.48586e-07 -5.17208e-08 
1.10007 54.6943 10459.9 -9.80591e-08 6.52547e-07 2.18232e-07 -6.22927e-08 
1.10067 54.6258 10465.6 -1.03848e-07 6.42526e-07 2.48231e-07 -4.09707e-08 
1.10127 54.5573 10471.3 -7.91025e-08 6.03882e-07 2.97912e-07 5.19145e-09 
1.10187 54.489 10477 -7.54329e-08 5.88206e-07 3.3976e-07 -1.23494e-09 
1.10247 54.4208 10482.7 -1.07425e-07 6.08032e-07 3.56817e-07 -4.77662e-09 
1.10307 54.3527 10488.4 -1.73893e-07 6.56626e-07 3.67253e-07 -1.82334e-08 
1.10367 54.2847 10494.1 -2.71972e-07 7.27137e-07 3.6715e-07 7.17589e-09 
1.10427 54.2168 10499.8 -2.85159e-07 7.06912e-07 3.68735e-07 -2.94985e-08 
1.10487 54.1491 10505.5 -2.0452e-07 5.9659e-07 3.26522e-07 -2.97039e-08 
1.10547 54.0814 10511.2 -7.88129e-08 4.55738e-07 2.66241e-07 -3.94383e-09 
1.10607 54.0138 10516.9 -2.71608e-08 3.98227e-07 1.98789e-07 1.02319e-08 
1.10667 53.9463 10522.6 -4.54986e-08 4.13745e-07 1.21168e-07 -8.763e-10 
1.10727 53.8789 10528.4 -1.27577e-07 4.87203e-07 7.69314e-08 -7.64562e-09 
1.10787 53.8116 10534.1 -1.81078e-07 5.23484e-07 1.04902e-07 4.8997e-08 
1.10847 53.7444 10539.8 -8.64445e-08 4.14071e-07 1.4211e-07 1.94159e-08 
1.10907 53.6773 10545.5 9.13238e-08 2.36565e-07 1.35815e-07 1.16565e-08 
1.10967 53.6102 10551.2 2.45648e-07 1.00463e-07 1.06471e-07 -1.10339e-09 
1.11027 53.5433 10556.9 3.34782e-07 4.13598e-08 6.80697e-08 2.68866e-08 
1.11087 53.4763 10562.6 3.62805e-07 4.75574e-08 6.97026e-08 2.16433e-08 
1.11147 53.4095 10568.3 3.75967e-07 6.87592e-08 1.68684e-07 5.44336e-09 
1.11207 53.3427 10574 4.02832e-07 7.57918e-08 3.08454e-07 1.27744e-08 
1.11267 53.276 10579.7 4.43175e-07 7.03388e-08 3.77649e-07 -2.20625e-08 
1.11327 53.2094 10585.4 4.71874e-07 7.72424e-08 3.33216e-07 1.10482e-08 
1.11387 53.1428 10591.1 5.03106e-07 8.09562e-08 2.35356e-07 -1.59035e-08 
1.11447 53.0763 10596.8 5.98971e-07 2.4008e-08 1.74078e-07 -3.97974e-09 
1.11507 53.0098 10602.5 7.66952e-07 -9.25953e-08 2.10963e-07 5.72833e-10 
1.11567 52.9434 10608.2 8.63113e-07 -1.25681e-07 3.09031e-07 3.52012e-08 
1.11627 52.877 10613.9 9.23762e-07 -1.19001e-07 4.02891e-07 2.50183e-08 
1.11687 52.8107 10619.7 8.9886e-07 -2.96808e-08 3.62088e-07 -2.49767e-08 
1.11747 52.7444 10625.4 8.66819e-07 5.83599e-08 3.1106e-07 -9.37896e-09 
1.11807 52.6781 10631.1 8.65288e-07 1.08867e-07 2.629e-07 -3.29707e-08 
1.11867 52.6119 10636.8 8.73772e-07 1.45992e-07 2.38348e-07 2.71602e-09 
1.11927 52.5457 10642.5 8.63629e-07 1.97645e-07 2.41837e-07 -2.26506e-09 
1.11987 52.4795 10648.2 8.56358e-07 2.41978e-07 2.54305e-07 -2.08491e-09 
1.12047 52.4134 10653.9 9.17043e-07 2.18624e-07 2.9977e-07 -3.58155e-09 
1.12107 52.3472 10659.6 1.01079e-06 1.68197e-07 3.89123e-07 6.89201e-10 
1.12167 52.2811 10665.3 1.05975e-06 1.66749e-07 4.96518e-07 1.74639e-08 
1.12227 52.2151 10671 1.05278e-06 2.18616e-07 5.38949e-07 -2.36489e-08 
1.12287 52.149 10676.7 1.00708e-06 3.01742e-07 4.88085e-07 1.34908e-08 
1.12347 52.083 10682.4 9.40277e-07 3.9581e-07 4.28349e-07 3.31307e-09 
1.12407 52.0171 10688.1 8.81289e-07 4.72672e-07 4.17968e-07 3.29945e-08 
1.12467 51.9511 10693.8 8.12963e-07 5.50702e-07 4.39508e-07 3.3879e-08 
1.12527 51.8853 10699.5 7.0968e-07 6.52522e-07 4.70857e-07 3.36167e-08 
1.12587 51.8195 10705.2 6.84199e-07 6.67102e-07 4.97422e-07 5.24004e-08 
1.12647 51.7538 10710.9 7.0807e-07 6.32084e-07 4.81451e-07 5.84635e-08 
1.12707 51.6882 10716.7 7.49704e-07 5.81309e-07 5.01535e-07 7.27608e-08 
1.12767 51.6227 10722.4 7.48387e-07 5.7491e-07 4.69243e-07 1.19088e-08 
1.12827 51.5572 10728.1 7.38612e-07 5.74965e-07 3.79761e-07 -2.0503e-09 
1.12887 51.4919 10733.8 7.16984e-07 5.84674e-07 2.54921e-07 -3.28488e-08 
1.12947 51.4267 10739.5 6.80114e-07 6.06467e-07 1.86326e-07 -2.40821e-08 
1.13007 51.3616 10745.2 6.04475e-07 6.60916e-07 1.73467e-07 6.16269e-09 
1.13067 51.2966 10750.9 4.89981e-07 7.44007e-07 1.86822e-07 -9.61593e-10 
1.13127 51.2317 10756.6 3.79861e-07 8.09804e-07 2.11443e-07 2.54234e-08 
1.13187 51.167 10762.3 3.28769e-07 8.08376e-07 2.45546e-07 1.71984e-08 
1.13247 51.1025 10768 2.84626e-07 7.9704e-07 2.90557e-07 3.59394e-08 
1.13307 51.0381 10773.7 2.19322e-07 8.02871e-07 3.45964e-07 1.96338e-08 
1.13367 50.9738 10779.4 1.95569e-07 7.6485e-07 3.52592e-07 2.85684e-08 
1.13427 50.9098 10785.1 2.19751e-07 6.82204e-07 3.16167e-07 2.77079e-08 
1.13487 50.8459 10790.8 2.42671e-07 6.06005e-07 3.17558e-07 3.49013e-08 
1.13547 50.7822 10796.5 2.64716e-07 5.34881e-07 3.58138e-07 6.11531e-08 
1.13607 50.7186 10802.2 2.29585e-07 5.21553e-07 3.72057e-07 1.83593e-08 
1.13667 50.6553 10808 1.98784e-07 5.01249e-07 4.05354e-07 1.19481e-08 
1.13727 50.5922 10813.7 1.53412e-07 4.94166e-07 4.33815e-07 -1.96914e-08 
1.13787 50.5293 10819.4 8.6148e-08 5.05712e-07 4.99454e-07 -7.43694e-09 
1.13847 50.4666 10825.1 -2.99472e-08 5.59101e-07 5.38627e-07 1.026e-08 
1.13907 50.4041 10830.8 -1.22312e-07 5.80162e-07 5.29447e-07 1.2899e-08 
1.13967 50.3418 10836.5 -1.64993e-07 5.47791e-07 4.60868e-07 7.9733e-09 
1.14027 50.2798 10842.2 -2.07512e-07 5.14947e-07 3.88785e-07 -1.35974e-08 
1.14087 50.2181 10847.9 -2.43854e-07 4.74428e-07 3.27124e-07 -5.40784e-09 
1.14147 50.1566 10853.6 -2.44323e-07 3.99909e-07 2.20375e-07 -2.09752e-08 
1.14207 50.0953 10859.3 -2.15063e-07 3.01422e-07 1.15878e-07 -9.65291e-09 
1.14267 50.0344 10865 -1.86906e-07 2.11319e-07 6.57108e-08 -2.71406e-08 
1.14327 49.9737 10870.7 -1.60906e-07 1.30835e-07 5.98077e-08 -4.11105e-08 
1.14387 49.9133 10876.4 -1.65437e-07 8.47705e-08 5.50148e-08 -2.7109e-08 
1.14448 49.8531 10882.1 -1.40757e-07 1.32016e-08 5.86037e-08 -3.52159e-08 
1.14508 49.7933 10887.8 -1.31669e-07 -3.85972e-08 4.46421e-08 -8.36801e-09 
1.14568 49.7338 10893.5 -1.89405e-07 -2.35792e-08 4.17817e-08 -1.52033e-08 
1.14628 49.6745 10899.2 -2.52786e-07 -7.64765e-09 2.45322e-08 -3.00734e-11 
1.14688 49.6156 10905 -3.17527e-07 6.704e-09 -5.43479e-08 5.97186e-09 
1.14748 49.557 10910.7 -3.62284e-07 -9.39373e-10 -1.01376e-07 1.84442e-08 
1.14808 49.4988 10916.4 -4.48376e-07 2.9901e-08 -1.32553e-07 6.38824e-09 
1.14868 49.4409 10922.1 -4.85494e-07 7.81339e-09 -1.33949e-07 -1.04242e-08 
1.14928 49.3833 10927.8 -5.08166e-07 -2.81726e-08 -1.7531e-07 -1.9977e-08 
1.14988 49.3261 10933.5 -4.91092e-07 -1.00708e-07 -1.56527e-07 -1.62588e-08 
1.15048 49.2692 10939.2 -4.81215e-07 -1.60902e-07 -1.23171e-07 1.97404e-08 
1.15108 49.2127 10944.9 -4.60958e-07 -2.25805e-07 -7.82546e-08 3.57463e-08 
1.15168 49.1565 10950.6 -4.22149e-07 -3.03302e-07 -5.55988e-08 3.72227e-08 
1.15228 49.1008 10956.3 -3.52182e-07 -4.01783e-07 -4.2577e-08 2.22386e-08 
1.15288 49.0454 10962 -3.25093e-07 -4.49699e-07 -3.48436e-08 -9.762e-09 
1.15348 48.9903 10967.7 -3.10567e-07 -4.81054e-07 -3.38023e-08 -9.20467e-09 
1.15408 48.9354 10973.4 -2.7167e-07 -5.32672e-07 -8.45416e-08 -9.42753e-09 
1.15468 48.8809 10979.1 -2.67538e-07 -5.45702e-07 -1.51606e-07 -2.50473e-09 
1.15528 48.8266 10984.8 -2.96683e-07 -5.25939e-07 -1.75138e-07 2.65473e-09 
1.15588 48.7725 10990.5 -3.51174e-07 -4.8334e-07 -2.0637e-07 3.58108e-09 
1.15648 48.7186 10996.3 -3.95856e-07 -4.53459e-07 -2.23338e-07 1.79336e-08 
1.15708 48.6649 11002 -4.39813e-07 -4.26238e-07 -2.04894e-07 3.05435e-08 
1.15768 48.6113 11007.7 -4.95016e-07 -3.91225e-07 -1.43638e-07 2.87628e-08 
1.15828 48.5579 11013.4 -5.3095e-07 -3.78488e-07 -7.13115e-08 1.37748e-08 
1.15888 48.5045 11019.1 -5.50847e-07 -3.83527e-07 -1.88015e-08 -3.75131e-09 
1.15948 48.4511 11024.8 -5.37515e-07 -4.19685e-07 3.80185e-08 -1.77483e-08 
1.16008 48.3979 11030.5 -5.52307e-07 -4.25325e-07 8.28162e-08 -1.13503e-08 
1.16068 48.3446 11036.2 -5.37119e-07 -4.58549e-07 1.32084e-07 -1.32018e-08 
1.16128 48.2913 11041.9 -4.76784e-07 -5.30236e-07 1.34802e-07 -1.77365e-08 
1.16188 48.238 11047.6 -4.30801e-07 -5.7943e-07 1.31006e-07 -2.73017e-08 
1.16248 48.1846 11053.3 -3.91917e-07 -6.16662e-07 1.4908e-07 -3.21836e-08 
1.16308 48.1311 11059 -3.31583e-07 -6.6949e-07 1.33627e-07 -2.51441e-08 
1.16368 48.0775 11064.7 -2.68824e-07 -7.18054e-07 1.07248e-07 8.94568e-10 
1.16428 48.0238 11070.4 -2.27832e-07 -7.39417e-07 1.11558e-07 1.85245e-09 
1.16488 47.9699 11076.1 -2.17852e-07 -7.26897e-07 1.25465e-07 2.08273e-08 
1.16548 47.9158 11081.8 -2.19309e-07 -7.02867e-07 1.3089e-07 6.86079e-09 
1.16608 47.8614 11087.5 -2.18299e-07 -6.80742e-07 1.3129e-07 2.79807e-08 
1.16668 47.8069 11093.3 -2.36542e-07 -6.4041e-07 1.45573e-07 3.63393e-08 
1.16728 47.7521 11099 -2.72055e-07 -5.8619e-07 1.61866e-07 5.06828e-08 
1.16788 47.697 11104.7 -2.99988e-07 -5.4391e-07 1.42439e-07 4.59769e-08 
1.16848 47.6415 11110.4 -3.28656e-07 -5.04326e-07 8.12616e-08 3.21865e-08 
1.16908 47.5857 11116.1 -3.92719e-07 -4.33681e-07 1.05528e-08 1.32561e-08 
1.16968 47.5296 11121.8 -4.34889e-07 -3.91026e-07 -5.39796e-08 6.90798e-09 
1.17028 47.4731 11127.5 -4.45706e-07 -3.80224e-07 -1.55287e-07 3.14189e-10 
1.17088 47.4161 11133.2 -4.66506e-07 -3.60215e-07 -2.39471e-07 -2.27526e-10 
1.17148 47.3587 11138.9 -4.85134e-07 -3.43593e-07 -2.99322e-07 -2.00038e-09 
1.17208 47.3009 11144.6 -4.71916e-07 -3.59275e-07 -3.69833e-07 -9.76509e-09 
1.17268 47.2425 11150.3 -4.37291e-07 -3.93597e-07 -4.34942e-07 6.75149e-09 
1.17328 47.1836 11156 -3.87651e-07 -4.3825e-07 -4.51674e-07 2.2226e-08 
1.17388 47.1242 11161.7 -3.56781e-07 -4.59323e-07 -4.46112e-07 4.17628e-08 
1.17448 47.0643 11167.4 -3.15235e-07 -4.87118e-07 -4.26791e-07 3.77752e-08 
1.17508 47.0037 11173.1 -2.58854e-07 -5.24219e-07 -4.14127e-07 2.01455e-08 
1.17568 46.9425 11178.8 -2.15402e-07 -5.43593e-07 -3.81573e-07 -1.06484e-09 
1.17628 46.8807 11184.5 -1.65177e-07 -5.66303e-07 -3.27131e-07 -6.76735e-09 
1.17688 46.8182 11190.3 -1.03287e-07 -5.96015e-07 -2.98273e-07 -1.20522e-09 
1.17748 46.755 11196 -6.85593e-08 -5.94935e-07 -2.88468e-07 3.10147e-08 
1.17808 46.6911 11201.7 -7.19047e-08 -5.56215e-07 -2.81657e-07 4.92952e-08 
1.17868 46.6265 11207.4 -6.50102e-08 -5.29486e-07 -2.92349e-07 5.83939e-08 
1.17928 46.5611 11213.1 -5.22523e-08 -5.08033e-07 -3.19881e-07 4.21959e-08 
1.17988 46.495 11218.8 -8.00157e-08 -4.47931e-07 -3.22065e-07 1.74394e-08 
1.18048 46.428 11224.5 -1.01578e-07 -3.97538e-07 -3.02073e-07 7.60361e-09 
1.18108 46.3602 11230.2 -1.42861e-07 -3.32441e-07 -3.21844e-07 2.99078e-09 
1.18168 46.2915 11235.9 -1.67024e-07 -2.89247e-07 -3.21972e-07 1.10786e-08 
1.18228 46.222 11241.6 -2.07423e-07 -2.34524e-07 -3.15417e-07 1.31288e-08 
1.18288 46.1516 11247.3 -2.51597e-07 -1.80812e-07 -2.83916e-07 1.17423e-08 
1.18348 46.0804 11253 -2.8408e-07 -1.4242e-07 -2.56537e-07 8.40041e-09 
1.18408 46.0084 11258.7 -3.30121e-07 -9.29731e-08 -2.35426e-07 9.28059e-09 
1.18468 45.9358 11264.4 -3.7549e-07 -4.90267e-08 -1.9839e-07 8.75639e-09 
1.18528 45.8625 11270.1 -3.76316e-07 -5.14864e-08 -1.76221e-07 4.51493e-09 
1.18588 45.7886 11275.8 -3.64495e-07 -6.52964e-08 -1.75959e-07 -1.89276e-08 
1.18648 45.7142 11281.6 -3.67989e-07 -6.29803e-08 -1.6557e-07 -2.08825e-08 
1.18708 45.6393 11287.3 -3.6852e-07 -6.34715e-08 -1.73614e-07 -2.2038e-08 
1.18768 45.5639 11293 -3.41248e-07 -8.93878e-08 -2.14936e-07 -2.44863e-08 
1.18828 45.4882 11298.7 -3.17313e-07 -1.08216e-07 -2.59862e-07 -3.32084e-08 
1.18888 45.4121 11304.4 -2.7312e-07 -1.42992e-07 -2.71978e-07 -3.04054e-08 
1.18948 45.3357 11310.1 -2.07226e-07 -1.9292e-07 -2.91795e-07 -1.70166e-08 
1.19008 45.2591 11315.8 -1.53113e-07 -2.24667e-07 -3.13084e-07 -2.65898e-08 
1.19068 45.1823 11321.5 -9.81687e-08 -2.52467e-07 -3.11135e-07 -2.2048e-08 
1.19128 45.1053 11327.2 -7.7721e-08 -2.43236e-07 -3.16893e-07 1.32207e-08 
1.19188 45.0283 11332.9 -1.27923e-08 -2.75272e-07 -2.87955e-07 3.14522e-08 
1.19248 44.9513 11338.6 4.38766e-08 -2.92973e-07 -2.65638e-07 7.01913e-09 
1.19308 44.8742 11344.3 1.11334e-07 -3.15952e-07 -1.93587e-07 -1.80559e-08 
1.19368 44.7972 11350 1.86201e-07 -3.40228e-07 -1.33704e-07 -6.11959e-09 
1.19428 44.7203 11355.7 2.27543e-07 -3.25827e-07 -8.93117e-08 3.58762e-09 
1.19488 44.6436 11361.4 2.05023e-07 -2.49417e-07 -3.0505e-08 -1.31781e-08 
1.19548 44.5671 11367.1 1.71884e-07 -1.68451e-07 2.89485e-08 3.82944e-09 
1.19608 44.4909 11372.8 1.73676e-07 -1.26388e-07 6.29379e-08 2.19903e-08 
1.19668 44.4149 11378.6 2.18946e-07 -1.27238e-07 9.55857e-08 1.21948e-08 
1.19728 44.3394 11384.3 2.86268e-07 -1.45326e-07 1.21221e-07 -2.58226e-08 
1.19788 44.2642 11390 3.36605e-07 -1.41354e-07 1.16662e-07 -3.46396e-08 
1.19848 44.1895 11395.7 2.84617e-07 -3.68846e-08 7.63854e-08 -1.69742e-08 
1.19908 44.1153 11401.4 1.70907e-07 1.17903e-07 5.50142e-08 4.92157e-09 
1.19968 44.0416 11407.1 5.76288e-08 2.57559e-07 3.73567e-08 3.76687e-08 
1.20028 43.9686 11412.8 3.58516e-08 2.97473e-07 5.17942e-08 4.25237e-08 
1.20088 43.8962 11418.5 8.68513e-08 2.65392e-07 7.13074e-08 3.96962e-08 
1.20149 43.8245 11424.2 1.20335e-07 2.5492e-07 6.33013e-08 4.12493e-08 
1.20209 43.7535 11429.9 1.42172e-07 2.58052e-07 2.35846e-08 3.84168e-08 
1.20269 43.6834 11435.6 7.44351e-08 3.47988e-07 -5.72487e-08 8.70521e-09 
1.20329 43.6141 11441.3 2.62016e-09 4.3323e-07 -3.96312e-08 -3.98621e-09 
1.20389 43.5456 11447 -4.31389e-08 4.85567e-07 3.39334e-08 -8.63217e-09 
1.20449 43.4782 11452.7 -6.06068e-08 5.06211e-07 1.42688e-07 -1.68528e-08 
1.20509 43.4117 11458.4 -9.96932e-08 5.44042e-07 2.0803e-07 -4.55149e-08 
1.20569 43.3462 11464.1 -1.19053e-07 5.58749e-07 1.90881e-07 -3.79977e-08 
1.20629 43.2818 11469.9 -8.74576e-08 5.22881e-07 1.0695e-07 -2.88772e-08 
1.20689 43.2186 11475.6 -2.22055e-08 4.58692e-07 5.58752e-08 3.02881e-10 
1.20749 43.1565 11481.3 5.034e-08 3.94763e-07 9.5057e-08 1.89022e-08 
1.20809 43.0957 11487 8.52438e-08 3.73077e-07 1.68913e-07 1.16766e-09 
1.20869 43.0361 11492.7 6.42536e-08 4.06762e-07 2.1463e-07 -2.24167e-08 
1.20929 42.9779 11498.4 4.16273e-08 4.36872e-07 2.13625e-07 -2.14894e-08 
1.20989 42.921 11504.1 3.67068e-08 4.46141e-07 1.59946e-07 1.81854e-10 
1.21049 42.8655 11509.8 8.96729e-08 3.99288e-07 1.20619e-07 1.84372e-09 
1.21109 42.8115 11515.5 1.12241e-07 3.85739e-07 7.61832e-08 1.28928e-08 
1.21169 42.759 11521.2 1.55339e-07 3.53887e-07 6.29002e-08 1.88051e-08 
1.21229 42.7081 11526.9 2.53501e-07 2.72244e-07 3.54236e-08 1.76562e-08 
1.21289 42.6587 11532.6 3.48545e-07 2.0235e-07 3.84118e-08 1.79557e-08 
1.21349 42.6109 11538.3 4.66398e-07 1.17112e-07 1.32378e-07 1.73086e-08 
1.21409 42.5646 11544 5.10562e-07 1.10954e-07 1.93967e-07 1.02812e-09 
1.21469 42.5196 11549.7 5.25651e-07 1.33182e-07 2.4035e-07 2.09573e-08 
1.21529 42.4761 11555.4 5.14066e-07 1.7791e-07 2.14066e-07 4.04766e-08 
1.21589 42.4339 11561.1 5.39391e-07 1.8437e-07 1.83631e-07 4.25742e-08 
1.21649 42.393 11566.9 5.63517e-07 1.91666e-07 1.67521e-07 1.48387e-08 
1.21709 42.3533 11572.6 5.69093e-07 2.17039e-07 1.90493e-07 -9.69569e-09 
1.21769 42.3148 11578.3 6.14963e-07 2.01005e-07 2.22172e-07 -2.53748e-08 
1.21829 42.2774 11584 6.97228e-07 1.51471e-07 2.20016e-07 -1.01943e-08 
1.21889 42.2412 11589.7 7.98811e-07 8.91809e-08 2.40269e-07 1.70591e-08 
1.21949 42.2059 11595.4 8.68642e-07 6.28636e-08 2.69135e-07 2.05753e-08 
1.22009 42.1717 11601.1 8.94715e-07 8.21893e-08 2.60806e-07 2.14609e-08 
1.22069 42.1383 11606.8 9.09262e-07 1.11263e-07 1.99943e-07 1.98403e-08 
1.22129 42.1059 11612.5 8.85009e-07 1.75422e-07 9.82781e-08 1.37899e-08 
1.22189 42.0743 11618.2 8.95167e-07 2.01979e-07 4.12958e-08 1.81462e-08 
1.22249 42.0435 11623.9 8.42529e-07 2.85142e-07 -2.45069e-08 7.73865e-09 
1.22309 42.0134 11629.6 7.89155e-07 3.6047e-07 -3.85977e-08 9.57502e-10 
1.22369 41.984 11635.3 7.9397e-07 3.71485e-07 -6.00437e-08 6.37533e-09 
1.22429 41.9553 11641 7.9618e-07 3.84113e-07 -7.85767e-08 2.96926e-08 
1.22489 41.9271 11646.7 8.26879e-07 3.68105e-07 -1.88502e-08 2.72224e-08 
1.22549 41.8995 11652.4 8.15912e-07 3.92771e-07 1.09157e-08 3.25098e-08 
1.22609 41.8724 11658.2 8.50874e-07 3.71919e-07 4.07103e-08 2.6046e-08 
1.22669 41.8458 11663.9 8.76793e-07 3.6018e-07 1.78736e-08 1.7599e-08 
1.22729 41.8195 11669.6 8.81097e-07 3.71063e-07 2.41114e-08 3.38188e-08 
1.22789 41.7936 11675.3 8.62007e-07 4.0159e-07 5.08256e-08 3.83706e-08 
1.22849 41.768 11681 7.88908e-07 4.79563e-07 6.05508e-08 2.40259e-08 
1.22909 41.7426 11686.7 7.35272e-07 5.29983e-07 9.33961e-08 1.07126e-08 
1.22969 41.7175 11692.4 6.74072e-07 5.81695e-07 1.28106e-07 1.26226e-08 
1.23029 41.6924 11698.1 5.95036e-07 6.45593e-07 2.13463e-07 2.21691e-08 
1.23089 41.6675 11703.8 5.1897e-07 6.97494e-07 3.07387e-07 4.20569e-08 
1.23149 41.6427 11709.5 4.75449e-07 7.11976e-07 3.49416e-07 4.32533e-08 
1.23209 41.6178 11715.2 4.87038e-07 6.70798e-07 3.66699e-07 1.70505e-08 
1.23269 41.593 11720.9 4.73684e-07 6.53993e-07 3.59939e-07 -9.54716e-09 
1.23329 41.568 11726.6 4.81079e-07 6.17808e-07 3.58248e-07 -2.91311e-08 
1.23389 41.5429 11732.3 4.76197e-07 5.93478e-07 2.95813e-07 -3.65629e-08 
1.23449 41.5176 11738 4.74067e-07 5.68338e-07 2.36313e-07 -3.43297e-08 
1.23509 41.492 11743.7 4.72735e-07 5.43525e-07 2.03642e-07 -3.55171e-08 
1.23569 41.4662 11749.4 4.09362e-07 5.7912e-07 1.90279e-07 -2.17228e-08 
1.23629 41.4401 11755.2 3.64743e-07 5.91896e-07 2.2002e-07 -7.59966e-09 
1.23689 41.4135 11760.9 3.10812e-07 6.08143e-07 2.05167e-07 6.67031e-09 
1.23749 41.3865 11766.6 2.48799e-07 6.30002e-07 2.0621e-07 1.43374e-08 
1.23809 41.3591 11772.3 1.67909e-07 6.64187e-07 2.23162e-07 8.04803e-09 
1.23869 41.3311 11778 7.53882e-08 7.0409e-07 2.18469e-07 -1.14902e-08 
1.23929 41.3026 11783.7 5.3721e-08 6.70013e-07 1.91251e-07 -9.85497e-10 
1.23989 41.2734 11789.4 6.64441e-09 6.61183e-07 1.19622e-07 7.65127e-09 
1.24049 41.2435 11795.1 -1.17747e-08 6.24132e-07 1.05864e-07 6.23705e-09 
1.24109 41.213 11800.8 -1.25282e-08 5.70155e-07 6.38567e-08 -3.24473e-09 
1.24169 41.1816 11806.5 -7.9152e-09 5.14614e-07 1.19176e-08 -2.65585e-08 
1.24229 41.1495 11812.2 3.84148e-08 4.21492e-07 -5.10248e-09 -5.01987e-08 
1.24289 41.1164 11817.9 4.19127e-08 3.75861e-07 -2.91685e-08 -3.80066e-08 
1.24349 41.0826 11823.6 2.78904e-08 3.50041e-07 -1.35791e-08 -2.43879e-08 
1.24409 41.0478 11829.3 2.43173e-08 3.14174e-07 -1.1942e-08 -9.81386e-09 
1.24469 41.0123 11835 3.07644e-09 2.98814e-07 -3.14806e-08 4.25091e-09 
1.24529 40.976 11840.7 -3.18869e-08 2.95737e-07 -2.97318e-08 5.78479e-09 
1.24589 40.9389 11846.5 -1.11498e-07 3.34169e-07 -5.33557e-08 6.15574e-09 
1.24649 40.901 11852.2 -1.34865e-07 3.12894e-07 -8.72411e-08 1.57242e-08 
1.24709 40.8624 11857.9 -1.78348e-07 3.09363e-07 -1.88439e-07 2.29027e-08 
1.24769 40.8232 11863.6 -2.50936e-07 3.32907e-07 -2.58277e-07 2.64199e-08 
1.24829 40.7833 11869.3 -2.89339e-07 3.18718e-07 -3.05566e-07 1.04784e-08 
1.24889 40.7427 11875 -3.29012e-07 3.06142e-07 -3.83113e-07 8.47523e-09 
1.24949 40.7015 11880.7 -3.15864e-07 2.42294e-07 -4.08749e-07 9.40317e-09 
1.25009 40.6597 11886.4 -3.27514e-07 2.05653e-07 -4.30384e-07 1.8533e-08 
1.25069 40.6173 11892.1 -3.07524e-07 1.41249e-07 -3.9898e-07 1.67215e-08 
1.25129 40.5744 11897.8 -2.78253e-07 7.06017e-08 -3.86236e-07 2.35873e-08 
1.25189 40.5309 11903.5 -2.36742e-07 -5.12514e-09 -3.58111e-07 1.02849e-08 
1.25249 40.4869 11909.2 -2.01758e-07 -6.94888e-08 -3.16249e-07 1.6435e-08 
1.25309 40.4425 11914.9 -2.04018e-07 -9.37471e-08 -2.85697e-07 1.48202e-08 
1.25369 40.3976 11920.6 -1.75547e-07 -1.44608e-07 -2.55655e-07 -2.22073e-09 
1.25429 40.3523 11926.3 -1.80177e-07 -1.59701e-07 -2.58434e-07 -1.15672e-08 
1.25489 40.3065 11932 -2.02794e-07 -1.56224e-07 -2.28193e-07 -3.03127e-08 
1.25549 40.2604 11937.7 -2.16344e-07 -1.63423e-07 -2.08763e-07 -4.20725e-08 
1.25609 40.2139 11943.5 -2.53675e-07 -1.48178e-07 -2.19957e-07 -3.60554e-08 
1.25669 40.1671 11949.2 -2.73532e-07 -1.51509e-07 -1.96856e-07 -7.64009e-09 
1.25729 40.12 11954.9 -3.27725e-07 -1.24094e-07 -1.84544e-07 2.06648e-08 
1.25789 40.0725 11960.6 -3.76531e-07 -1.038e-07 -1.4516e-07 1.59356e-08 
1.2585 40.0248 11966.3 -4.07308e-07 -1.04023e-07 -1.07794e-07 -2.87716e-09 
1.2591 39.9769 11972 -4.33031e-07 -1.09155e-07 -6.51946e-08 -2.73733e-08 
1.2597 39.9288 11977.7 -4.38012e-07 -1.34396e-07 -6.34259e-09 -1.96751e-08 
1.2603 39.8804 11983.4 -4.47041e-07 -1.55823e-07 2.67618e-08 -1.65323e-08 
1.2609 39.8319 11989.1 -4.1011e-07 -2.1935e-07 4.85169e-08 1.15485e-08 
1.2615 39.7832 11994.8 -3.74009e-07 -2.77868e-07 2.82177e-08 1.2172e-08 
1.2621 39.7344 12000.5 -3.74101e-07 -2.95996e-07 7.93002e-09 2.25061e-08 
1.2627 39.6855 12006.2 -3.17001e-07 -3.67329e-07 -2.11636e-09 2.71707e-08 
1.2633 39.6366 12011.9 -2.9039e-07 -4.02457e-07 -7.62175e-08 1.06801e-08 
1.2639 39.5875 12017.6 -2.5109e-07 -4.45341e-07 -1.02594e-07 1.40847e-08 
1.2645 39.5385 12023.3 -2.24697e-07 -4.72512e-07 -1.38063e-07 6.05273e-09 
1.2651 39.4894 12029 -2.01233e-07 -4.93487e-07 -1.70446e-07 1.23781e-08 
1.2657 39.4404 12034.7 -1.711e-07 -5.19079e-07 -1.94965e-07 5.7603e-09 
1.2663 39.3914 12040.5 -1.85493e-07 -4.98847e-07 -2.11149e-07 1.33599e-09 
1.2669 39.3424 12046.2 -2.00646e-07 -4.79039e-07 -1.84481e-07 4.47744e-09 
1.2675 39.2936 12051.9 -2.21433e-07 -4.55291e-07 -1.67073e-07 5.64474e-09 
1.2681 39.2448 12057.6 -2.52217e-07 -4.22463e-07 -1.38071e-07 1.43859e-08 
1.2687 39.1962 12063.3 -2.83343e-07 -3.91875e-07 -8.55232e-08 2.64263e-09 
1.2693 39.1477 12069 -3.36919e-07 -3.42783e-07 -4.69366e-08 1.40397e-08 
1.2699 39.0994 12074.7 -3.38613e-07 -3.47309e-07 -5.61903e-09 1.16879e-08 
1.2705 39.0513 12080.4 -3.72083e-07 -3.21605e-07 -1.16919e-08 3.40037e-08 
1.2711 39.0035 12086.1 -4.09561e-07 -2.94308e-07 1.21632e-08 2.4884e-08 
1.2717 38.9559 12091.8 -4.11479e-07 -3.03751e-07 1.82804e-08 1.36229e-08 
1.2723 38.9085 12097.5 -4.25288e-07 -2.99895e-07 -8.18195e-09 9.80748e-09 
1.2729 38.8614 12103.2 -4.23425e-07 -3.10488e-07 3.59163e-09 -1.47231e-08 
1.2735 38.8147 12108.9 -4.11596e-07 -3.29756e-07 9.8167e-09 -6.94725e-09 
1.2741 38.7682 12114.6 -3.80404e-07 -3.64619e-07 1.32092e-08 -2.07624e-08 
1.2747 38.7221 12120.3 -3.29852e-07 -4.15422e-07 1.8509e-08 1.79605e-08 
1.2753 38.6762 12126 -3.0942e-07 -4.31769e-07 2.3804e-08 2.95939e-08 
1.2759 38.6307 12131.8 -2.62759e-07 -4.71184e-07 5.67091e-08 1.74703e-08 
1.2765 38.5854 12137.5 -2.24219e-07 -4.97772e-07 6.3847e-08 7.44429e-09 
1.2771 38.5403 12143.2 -1.83924e-07 -5.21119e-07 9.31689e-08 1.03914e-08 
1.2777 38.4956 12148.9 -1.58025e-07 -5.27654e-07 1.22378e-07 4.45016e-08 
1.2783 38.4511 12154.6 -1.25904e-07 -5.37406e-07 1.44382e-07 4.0045e-08 
1.2789 38.4068 12160.3 -9.09215e-08 -5.4761e-07 1.43338e-07 6.91001e-08 
1.2795 38.3628 12166 -9.31379e-08 -5.19812e-07 1.31243e-07 8.19481e-08 
1.2801 38.3191 12171.7 -8.73475e-08 -5.01226e-07 1.26579e-07 7.18833e-08 
1.2807 38.2755 12177.4 -7.05618e-08 -4.93379e-07 8.89001e-08 1.44371e-08 
1.2813 38.2322 12183.1 -9.31286e-08 -4.46513e-07 3.9459e-08 -1.97878e-08 
1.2819 38.1892 12188.8 -1.0524e-07 -4.12223e-07 2.70612e-08 2.9141e-09 
1.2825 38.1463 12194.5 -1.39614e-07 -3.58061e-07 -1.25555e-08 -1.0365e-08 
1.2831 38.1037 12200.2 -1.80614e-07 -3.00901e-07 -3.724e-08 1.12927e-10 
1.2837 38.0612 12205.9 -2.21525e-07 -2.48675e-07 -5.01607e-08 -1.50506e-08 
1.2843 38.019 12211.6 -2.49924e-07 -2.12658e-07 -5.20268e-08 2.20668e-08 
1.2849 37.977 12217.3 -2.41206e-07 -2.15326e-07 -4.09159e-08 1.10289e-08 
1.2855 37.9351 12223 -2.37464e-07 -2.12153e-07 -3.05341e-08 5.50398e-09 
1.2861 37.8934 12228.8 -2.64958e-07 -1.77911e-07 1.54819e-09 1.02203e-08 
1.2867 37.8519 12234.5 -3.11227e-07 -1.28416e-07 3.98318e-08 -5.37137e-09 
1.2873 37.8106 12240.2 -3.66863e-07 -7.31552e-08 6.7172e-08 9.64506e-09 
1.2879 37.7694 12245.9 -3.87707e-07 -5.66109e-08 1.07236e-07 -5.20535e-09 
1.2885 37.7284 12251.6 -3.57308e-07 -9.09351e-08 1.50539e-07 -5.0432e-09 
1.2891 37.6876 12257.3 -2.55741e-07 -1.89579e-07 1.92954e-07 -1.74102e-08 
1.2897 37.6469 12263 -1.84359e-07 -2.49529e-07 1.97866e-07 -1.02291e-09 
1.2903 37.6063 12268.7 -1.79279e-07 -2.3917e-07 1.97978e-07 2.37977e-08 
1.2909 37.5659 12274.4 -2.08722e-07 -1.96316e-07 1.70711e-07 -8.96984e-10 
1.2915 37.5256 12280.1 -2.48887e-07 -1.45964e-07 1.2295e-07 -5.77246e-09 
1.2921 37.4854 12285.8 -2.2658e-07 -1.59674e-07 1.18706e-07 -1.81495e-08 
1.2927 37.4453 12291.5 -1.30353e-07 -2.41436e-07 1.42773e-07 -8.60561e-09 
1.2933 37.4054 12297.2 -1.29739e-08 -3.34425e-07 1.58781e-07 -1.53235e-08 
1.2939 37.3655 12302.9 7.29492e-08 -3.87289e-07 1.44639e-07 -1.99313e-08 
1.2945 37.3258 12308.6 8.31518e-08 -3.6177e-07 8.04936e-08 -2.56177e-08 
1.2951 37.2861 12314.3 8.05425e-08 -3.25195e-07 2.37187e-08 -4.14223e-08 
1.2957 37.2465 12320.1 8.55737e-08 -2.97511e-07 2.17062e-09 -1.8936e-08 
1.2963 37.207 12325.8 8.38925e-08 -2.63706e-07 5.75316e-08 -2.63593e-08 
1.2969 37.1676 12331.5 8.5554e-08 -2.34534e-07 1.58034e-07 -1.77124e-08 
1.2975 37.1283 12337.2 9.86756e-08 -2.17322e-07 2.08795e-07 -1.45534e-08 
1.2981 37.089 12342.9 1.13098e-07 -2.01739e-07 1.81991e-07 9.58567e-09 
1.2987 37.0498 12348.6 1.6047e-07 -2.18618e-07 1.35057e-07 1.49939e-08 
1.2993 37.0106 12354.3 2.12175e-07 -2.36615e-07 9.68803e-08 3.24658e-09 
1.2999 36.9715 12360 2.21435e-07 -2.10642e-07 1.07836e-07 5.7899e-09 
1.3005 36.9324 12365.7 1.47622e-07 -1.06155e-07 1.49921e-07 -1.31674e-08 
1.3011 36.8933 12371.4 7.18233e-08 -7.88459e-09 1.94516e-07 1.44182e-08 
1.3017 36.8543 12377.1 1.30318e-08 6.60074e-08 1.82088e-07 2.77187e-08 
1.3023 36.8153 12382.8 -1.55343e-08 1.04899e-07 1.64405e-07 2.88538e-08 
1.3029 36.7763 12388.5 -2.46482e-08 1.21291e-07 1.47331e-07 2.13693e-08 
1.3035 36.7374 12394.2 -4.39819e-08 1.45805e-07 1.09048e-07 1.33785e-08 
1.3041 36.6984 12399.9 -4.06141e-08 1.46124e-07 6.26589e-08 3.299e-08 
1.3047 36.6595 12405.6 -4.15563e-08 1.5105e-07 1.13768e-08 1.82745e-08 
1.3053 36.6206 12411.3 -2.57894e-08 1.39963e-07 1.87871e-08 3.00192e-08 
1.3059 36.5816 12417.1 -4.24946e-08 1.61768e-07 6.02887e-08 -2.48708e-10 
1.3065 36.5427 12422.8 -1.15588e-07 2.35317e-07 1.17401e-07 -1.49726e-08 
1.3071 36.5038 12428.5 -1.78271e-07 2.91515e-07 1.59524e-07 -9.42e-09 
1.3077 36.465 12434.2 -2.0009e-07 3.02763e-07 1.4321e-07 -1.15787e-08 
1.3083 36.4261 12439.9 -2.11788e-07 3.02696e-07 1.11174e-07 -1.62769e-09 
1.3089 36.3873 12445.6 -2.14013e-07 2.9261e-07 1.0828e-07 -1.18131e-08 
1.3095 36.3485 12451.3 -2.0208e-07 2.69367e-07 1.01923e-07 -8.5588e-09 
1.3101 36.3097 12457 -1.75645e-07 2.33944e-07 8.04482e-08 -1.41199e-08 
1.3107 36.2709 12462.7 -1.2274e-07 1.7664e-07 7.65807e-08 -1.34487e-08 
1.3113 36.2322 12468.4 -6.47929e-08 1.20047e-07 9.13417e-08 -1.57143e-08 
1.3119 36.1935 12474.1 -3.71039e-08 9.79859e-08 1.14011e-07 -3.56298e-08 
1.3125 36.1548 12479.8 -3.86914e-08 1.0521e-07 1.12273e-07 -1.27082e-08 
1.3131 36.1161 12485.5 -2.92253e-08 1.00867e-07 6.11237e-08 9.34977e-09 
1.3137 36.0775 12491.2 -1.32838e-08 9.02504e-08 -4.03728e-08 3.40257e-08 
1.3143 36.0389 12496.9 -1.36086e-08 9.68867e-08 -1.32345e-07 4.41872e-08 
1.3149 36.0003 12502.6 -2.25353e-08 1.1142e-07 -1.96477e-07 1.32903e-08 
1.3155 35.9617 12508.4 6.08573e-09 8.90713e-08 -2.51154e-07 -1.18171e-08 
1.31611 35.9232 12514.1 8.1437e-08 2.52405e-08 -3.03675e-07 -3.76041e-08 
1.31671 35.8847 12519.8 1.57021e-07 -3.30027e-08 -3.29421e-07 -2.42689e-08 
1.31731 35.8463 12525.5 2.43929e-07 -9.63221e-08 -3.07288e-07 -2.31807e-08 
1.31791 35.8079 12531.2 2.9458e-07 -1.18836e-07 -3.1073e-07 -1.99443e-09 
1.31851 35.7695 12536.9 3.42925e-07 -1.35997e-07 -3.14207e-07 2.48127e-09 
1.31911 35.7311 12542.6 3.9419e-07 -1.53155e-07 -3.36252e-07 5.42463e-09 
1.31971 35.6928 12548.3 4.13402e-07 -1.36043e-07 -3.56701e-07 1.83248e-08 
1.32031 35.6546 12554 3.98002e-07 -8.60036e-08 -3.52118e-07 1.87207e-08 
1.32091 35.6163 12559.7 3.91168e-07 -4.78078e-08 -3.41405e-07 2.30231e-08 
1.32151 35.5781 12565.4 4.0603e-07 -3.27692e-08 -3.43122e-07 3.27445e-08 
1.32211 35.54 12571.1 4.25951e-07 -2.29712e-08 -3.19961e-07 3.13007e-08 
1.32271 35.5019 12576.8 4.39606e-07 -7.66527e-09 -2.58112e-07 3.33907e-08 
1.32331 35.4638 12582.5 4.70026e-07 -9.21647e-09 -1.89052e-07 2.74115e-08 
1.32391 35.4258 12588.2 5.15962e-07 -2.41522e-08 -1.46926e-07 6.58388e-09 
1.32451 35.3879 12593.9 5.79781e-07 -5.3418e-08 -1.11076e-07 -1.89803e-08 
1.32511 35.3499 12599.6 6.1282e-07 -4.93652e-08 -9.09332e-08 -2.75869e-08 
1.32571 35.3121 12605.4 6.36343e-07 -3.4771e-08 -6.88439e-08 -2.45568e-08 
1.32631 35.2742 12611.1 6.44807e-07 -6.27683e-09 -8.23626e-08 -1.10297e-08 
1.32691 35.2365 12616.8 6.60904e-07 1.29064e-08 -1.05042e-07 1.26582e-08 
1.32751 35.1987 12622.5 6.53433e-07 5.38543e-08 -1.27483e-07 1.59209e-09 
1.32811 35.161 12628.2 5.97235e-07 1.38017e-07 -1.24605e-07 -3.84896e-09 
1.32871 35.1234 12633.9 5.62929e-07 1.93762e-07 -9.32312e-08 -5.52414e-09 
1.32931 35.0859 12639.6 5.27391e-07 2.46875e-07 -8.66012e-08 -2.30452e-09 
1.32991 35.0483 12645.3 5.01066e-07 2.87187e-07 -4.61495e-08 1.52563e-08 
1.33051 35.0109 12651 4.76811e-07 3.21698e-07 1.09399e-08 2.52954e-08 
1.33111 34.9735 12656.7 4.73047e-07 3.33029e-07 5.39358e-08 2.20578e-08 
1.33171 34.9361 12662.4 4.91035e-07 3.21976e-07 6.49675e-08 1.45497e-08 
1.33231 34.8989 12668.1 5.18745e-07 3.01938e-07 6.19003e-08 1.85541e-08 
1.33291 34.8616 12673.8 5.23164e-07 3.05686e-07 5.48238e-08 2.05725e-08 
1.33351 34.8245 12679.5 5.21657e-07 3.14761e-07 5.62388e-08 3.58777e-08 
1.33411 34.7874 12685.2 5.19262e-07 3.23698e-07 4.59975e-08 4.90758e-08 
1.33471 34.7503 12690.9 5.14555e-07 3.34116e-07 4.10515e-08 4.12568e-08 
1.33531 34.7133 12696.7 4.76021e-07 3.75993e-07 5.49186e-08 4.19616e-08 
1.33591 34.6764 12702.4 4.25101e-07 4.24882e-07 9.4778e-08 3.27158e-08 
1.33651 34.6396 12708.1 3.81099e-07 4.61303e-07 1.1987e-07 1.0772e-08 
1.33711 34.6028 12713.8 3.4168e-07 4.89315e-07 1.29364e-07 4.71373e-09 
1.33771 34.566 12719.5 2.75662e-07 5.38848e-07 1.38084e-07 -6.13103e-09 
1.33831 34.5293 12725.2 2.22507e-07 5.69688e-07 1.52718e-07 -2.67549e-09 
1.33891 34.4927 12730.9 1.86067e-07 5.80956e-07 1.27318e-07 1.19134e-08 
1.33951 34.4562 12736.6 1.61844e-07 5.78252e-07 8.28943e-08 3.15303e-08 
1.34011 34.4197 12742.3 1.52926e-07 5.59637e-07 4.66607e-08 3.81602e-08 
1.34071 34.3832 12748 1.43391e-07 5.41765e-07 4.38034e-09 2.4565e-08 
1.34131 34.3468 12753.7 1.56768e-07 5.01317e-07 -3.50318e-08 2.93603e-09 
1.34191 34.3105 12759.4 1.81125e-07 4.52075e-07 -7.89731e-08 -1.80187e-08 
1.34251 34.2742 12765.1 1.88165e-07 4.21855e-07 -1.09878e-07 -1.30933e-08 
1.34311 34.238 12770.8 1.65701e-07 4.21617e-07 -1.07892e-07 2.26852e-09 
1.34371 34.2019 12776.5 1.57029e-07 4.06894e-07 -8.36488e-08 2.72198e-08 
1.34431 34.1658 12782.2 1.40521e-07 4.00365e-07 -6.76467e-08 3.46621e-08 
1.34491 34.1297 12787.9 1.07592e-07 4.09001e-07 -3.26924e-08 2.44999e-08 
1.34551 34.0938 12793.7 5.48238e-08 4.33617e-07 8.69942e-09 1.20886e-08 
1.34611 34.0578 12799.4 2.15642e-08 4.35262e-07 3.69297e-08 -9.29805e-09 
1.34671 34.022 12805.1 -2.26951e-08 4.45728e-07 3.17919e-08 -5.94417e-09 
1.34731 33.9862 12810.8 -7.89723e-08 4.64805e-07 3.94707e-08 -5.3981e-09 
1.34791 33.9504 12816.5 -1.25246e-07 4.70601e-07 5.31878e-08 -3.89604e-09 
1.34851 33.9147 12822.2 -1.52963e-07 4.56654e-07 5.15447e-08 -4.6019e-09 
1.34911 33.8791 12827.9 -1.75126e-07 4.37027e-07 4.98263e-08 -1.00144e-08 
1.34971 33.8435 12833.6 -1.75223e-07 3.96055e-07 7.24805e-08 -1.95175e-08 
1.35031 33.808 12839.3 -1.85876e-07 3.66905e-07 9.07037e-08 -1.19796e-08 
1.35091 33.7725 12845 -1.64723e-07 3.07588e-07 1.24204e-07 -1.22606e-08 
1.35151 33.7371 12850.7 -1.35625e-07 2.44364e-07 1.43766e-07 -1.06966e-08 
1.35211 33.7017 12856.4 -1.22053e-07 1.99965e-07 1.68685e-07 -1.38333e-08 
1.35271 33.6664 12862.1 -1.14159e-07 1.63495e-07 2.03835e-07 -1.52852e-08 
1.35331 33.6312 12867.8 -9.76003e-08 1.21282e-07 2.21197e-07 -2.28132e-08 
1.35391 33.596 12873.5 -8.87528e-08 8.9359e-08 2.1391e-07 -1.56939e-08 
1.35451 33.5608 12879.2 -1.10359e-07 8.88452e-08 2.04014e-07 -2.97224e-08 
1.35511 33.5257 12884.9 -1.21776e-07 7.72724e-08 1.95255e-07 -3.31561e-08 
1.35571 33.4907 12890.7 -1.30991e-07 6.34968e-08 1.52952e-07 -3.26761e-08 
1.35631 33.4557 12896.4 -1.56286e-07 6.49296e-08 9.90599e-08 -2.39246e-08 
1.35691 33.4208 12902.1 -1.99551e-07 8.22131e-08 5.8782e-08 -7.3047e-12 
1.35751 33.3859 12907.8 -2.36561e-07 9.09281e-08 2.43148e-08 1.54212e-08 
1.35811 33.3511 12913.5 -2.78537e-07 1.03133e-07 -1.39869e-08 3.05735e-08 
1.35871 33.3164 12919.2 -3.08555e-07 1.02238e-07 -2.36629e-08 3.20689e-08 
1.35931 33.2816 12924.9 -3.34567e-07 9.6534e-08 -1.55555e-08 1.92077e-08 
1.35991 33.247 12930.6 -3.47271e-07 7.67404e-08 1.84464e-09 8.9412e-09 
1.36051 33.2124 12936.3 -3.38259e-07 3.67121e-08 2.12236e-08 1.92827e-08 
1.36111 33.1778 12942 -3.29447e-07 -8.39333e-10 3.68876e-08 3.64725e-08 
1.36171 33.1433 12947.7 -3.34033e-07 -2.36195e-08 5.93577e-08 3.34137e-08 
1.36231 33.1089 12953.4 -3.00707e-07 -8.12088e-08 9.03969e-08 1.25529e-08 
1.36291 33.0745 12959.1 -2.77392e-07 -1.24348e-07 8.6021e-08 -1.24921e-08 
1.36351 33.0401 12964.8 -2.5484e-07 -1.63327e-07 9.82046e-08 -2.00182e-08 
1.36411 33.0058 12970.5 -2.33407e-07 -1.97971e-07 1.05907e-07 -3.75681e-08 
1.36471 32.9716 12976.2 -1.97901e-07 -2.4312e-07 1.00234e-07 -2.86364e-08 
1.36531 32.9374 12982 -1.72479e-07 -2.74932e-07 7.94952e-08 5.57053e-09 
1.36591 32.9032 12987.7 -1.67039e-07 -2.85197e-07 6.5823e-08 3.94021e-08 
1.36651 32.8691 12993.4 -1.52688e-07 -3.03194e-07 6.22206e-08 3.51003e-08 
1.36711 32.8351 12999.1 -1.56671e-07 -3.02088e-07 4.05603e-08 1.02422e-08 
1.36771 32.8011 13004.8 -1.71571e-07 -2.89906e-07 3.91488e-08 1.16787e-08 
1.36831 32.7672 13010.5 -1.99827e-07 -2.6546e-07 4.79222e-08 1.33302e-08 
1.36891 32.7333 13016.2 -2.24021e-07 -2.46627e-07 6.35985e-08 -1.01527e-08 
1.36951 32.6994 13021.9 -2.40205e-07 -2.36889e-07 7.40509e-08 -2.6845e-08 
1.37011 32.6656 13027.6 -2.64666e-07 -2.20206e-07 8.09699e-08 -1.24085e-08 
1.37071 32.6319 13033.3 -3.00785e-07 -1.9474e-07 8.45962e-08 -2.94285e-09 
1.37131 32.5982 13039 -3.14086e-07 -1.93757e-07 8.07579e-08 -3.35096e-09 
1.37191 32.5645 13044.7 -3.37258e-07 -1.83105e-07 4.79877e-08 -1.37013e-08 
1.37251 32.5309 13050.4 -3.60697e-07 -1.73262e-07 2.69124e-08 -8.76193e-09 
1.37312 32.4974 13056.1 -3.6387e-07 -1.8341e-07 7.99258e-09 -6.78155e-09 
1.37372 32.4639 13061.8 -3.46386e-07 -2.12105e-07 -2.81424e-08 -1.38749e-08 
1.37432 32.4304 13067.5 -3.44076e-07 -2.24426e-07 -7.74305e-08 -1.62894e-08 
1.37492 32.397 13073.2 -3.36846e-07 -2.40216e-07 -1.05409e-07 -2.11633e-08 
1.37552 32.3637 13079 -3.25618e-07 -2.59082e-07 -1.46793e-07 -2.1159e-08 
1.37612 32.3304 13084.7 -2.94365e-07 -2.95007e-07 -1.7637e-07 2.61398e-09 
1.37672 32.2971 13090.4 -2.52862e-07 -3.37582e-07 -1.98982e-07 1.38785e-08 
1.37732 32.2639 13096.1 -1.98362e-07 -3.87976e-07 -1.95398e-07 5.00513e-09 
1.37792 32.2307 13101.8 -1.48981e-07 -4.28232e-07 -1.87234e-07 -1.21074e-09 
1.37852 32.1976 13107.5 -1.3888e-07 -4.26623e-07 -1.80284e-07 1.36027e-08 
1.37912 32.1645 13113.2 -1.58596e-07 -3.95538e-07 -1.62361e-07 2.65087e-08 
1.37972 32.1315 13118.9 -1.62448e-07 -3.82417e-07 -1.47374e-07 2.77851e-08 
1.38032 32.0985 13124.6 -1.21994e-07 -4.11631e-07 -1.30681e-07 2.80912e-08 
1.38092 32.0656 13130.3 -6.27848e-08 -4.55294e-07 -1.09848e-07 2.68526e-08 
1.38152 32.0327 13136 -2.19849e-08 -4.76394e-07 -7.51748e-08 1.01449e-08 
1.38212 31.9998 13141.7 -1.3847e-08 -4.62836e-07 -5.68896e-08 4.58515e-09 
1.38272 31.967 13147.4 -7.82022e-08 -3.79853e-07 -8.81756e-08 -6.404e-09 
1.38332 31.9343 13153.1 -1.64333e-07 -2.82609e-07 -1.22216e-07 -1.59669e-08 
1.38392 31.9016 13158.8 -1.96078e-07 -2.45514e-07 -1.466e-07 -4.27151e-09 
1.38452 31.8689 13164.5 -1.87374e-07 -2.49666e-07 -1.64025e-07 1.61914e-08 
1.38512 31.8363 13170.3 -1.43993e-07 -2.85915e-07 -1.40638e-07 2.03841e-08 
1.38572 31.8037 13176 -1.36864e-07 -2.83803e-07 -1.34953e-07 1.52142e-09 
1.38632 31.7712 13181.7 -1.66619e-07 -2.45412e-07 -1.55473e-07 -2.02517e-08 
1.38692 31.7387 13187.4 -2.19347e-07 -1.87994e-07 -2.15696e-07 -2.59983e-08 
1.38752 31.7062 13193.1 -2.80845e-07 -1.26269e-07 -2.6329e-07 -2.25091e-08 
1.38812 31.6738 13198.8 -2.9362e-07 -1.16749e-07 -2.47554e-07 -3.55331e-09 
1.38872 31.6415 13204.5 -3.0467e-07 -1.09546e-07 -1.98353e-07 3.86377e-09 
1.38932 31.6092 13210.2 -3.00543e-07 -1.17532e-07 -1.20099e-07 -2.25486e-09 
1.38992 31.5769 13215.9 -3.0381e-07 -1.18203e-07 -8.62182e-08 3.24212e-09 
1.39052 31.5447 13221.6 -2.59359e-07 -1.6396e-07 -8.65366e-08 1.9553e-08 
1.39112 31.5125 13227.3 -2.00698e-07 -2.18773e-07 -1.26886e-07 2.43597e-08 
1.39172 31.4804 13233 -1.82568e-07 -2.28779e-07 -1.35072e-07 2.65949e-08 
1.39232 31.4483 13238.7 -1.71443e-07 -2.30567e-07 -8.22067e-08 2.0411e-08 
1.39292 31.4162 13244.4 -1.93409e-07 -2.00039e-07 -4.32977e-08 1.66281e-08 
1.39352 31.3842 13250.1 -1.96166e-07 -1.90298e-07 -5.1112e-09 1.63724e-08 
1.39412 31.3522 13255.8 -1.60444e-07 -2.18653e-07 1.02378e-08 2.62495e-08 
1.39472 31.3203 13261.5 -1.06992e-07 -2.60344e-07 1.61977e-08 2.59758e-08 
1.39532 31.2884 13267.3 -5.67836e-08 -2.94858e-07 1.75662e-08 1.64155e-08 
1.39592 31.2566 13273 -2.40092e-08 -3.08392e-07 1.12757e-08 2.27727e-08 
1.39652 31.2247 13278.7 2.74088e-08 -3.37105e-07 -3.57252e-09 2.19453e-08 
1.39712 31.193 13284.4 8.14257e-08 -3.64502e-07 -2.25934e-08 1.744e-08 
1.39772 31.1613 13290.1 1.04252e-07 -3.57464e-07 4.36069e-09 1.02331e-08 
1.39832 31.1296 13295.8 9.67502e-08 -3.21521e-07 7.49e-08 -8.93799e-10 
1.39892 31.0979 13301.5 7.02032e-08 -2.69518e-07 1.46122e-07 -2.80545e-09 
1.39952 31.0664 13307.2 6.68873e-08 -2.43738e-07 1.85792e-07 1.84156e-08 
1.40012 31.0348 13312.9 6.10729e-08 -2.17388e-07 1.85984e-07 4.0444e-08 
1.40072 31.0033 13318.6 7.79453e-08 -2.13106e-07 2.05049e-07 4.79706e-08 
1.40132 30.9718 13324.3 8.00026e-08 -1.94042e-07 2.07687e-07 4.11263e-08 
1.40192 30.9404 13330 7.10531e-08 -1.63715e-07 2.26548e-07 2.30778e-08 
1.40252 30.909 13335.7 1.01356e-07 -1.73326e-07 2.41424e-07 3.32388e-09 
1.40312 30.8777 13341.4 1.18529e-07 -1.68103e-07 2.42231e-07 -9.35635e-09 
1.40372 30.8464 13347.1 1.07552e-07 -1.36042e-07 2.65207e-07 -7.96841e-09 
1.40432 30.8151 13352.8 5.82495e-08 -7.03611e-08 2.92884e-07 -1.51686e-08 
1.40492 30.7839 13358.6 6.51971e-09 -7.13246e-09 2.97196e-07 -3.20698e-09 
1.40552 30.7527 13364.3 -3.67312e-08 4.24534e-08 2.48791e-07 1.32382e-08 
1.40612 30.7216 13370 -8.59939e-08 9.49176e-08 1.90724e-07 1.98779e-08 
1.40672 30.6905 13375.7 -1.13555e-07 1.22512e-07 1.44587e-07 3.10119e-08 
1.40732 30.6595 13381.4 -1.45365e-07 1.51775e-07 8.56574e-08 2.50245e-08 
1.40792 30.6285 13387.1 -1.33444e-07 1.369e-07 4.32328e-08 2.21962e-08 
1.40852 30.5975 13392.8 -1.07792e-07 1.09031e-07 -1.33009e-08 1.96061e-08 
1.40912 30.5666 13398.5 -8.34747e-08 8.5096e-08 -3.26499e-08 3.28071e-08 
1.40972 30.5357 13404.2 -8.24463e-08 8.48606e-08 -3.25553e-08 2.88947e-08 
1.41032 30.5049 13409.9 -1.11239e-07 1.12824e-07 -2.70954e-08 1.98258e-08 
1.41092 30.4741 13415.6 -1.10846e-07 1.11078e-07 -1.96292e-08 -2.19168e-09 
1.41152 30.4433 13421.3 -1.33231e-07 1.31321e-07 -5.00774e-08 -3.03344e-08 
1.41212 30.4126 13427 -1.76125e-07 1.70328e-07 -4.83683e-08 -4.09694e-08 
1.41272 30.382 13432.7 -1.93447e-07 1.80663e-07 -3.88651e-08 -3.13354e-08 
1.41332 30.3514 13438.4 -2.00899e-07 1.80505e-07 -5.51755e-08 -2.45221e-08 
1.41392 30.3208 13444.1 -1.66237e-07 1.39371e-07 -5.97842e-08 -1.5729e-08 
1.41452 30.2902 13449.8 -1.33517e-07 1.02282e-07 -6.12389e-08 -1.67745e-08 
1.41512 30.2597 13455.6 -9.26003e-08 6.10601e-08 -2.28734e-08 -2.14963e-08 
1.41572 30.2293 13461.3 -6.03717e-08 3.07467e-08 1.84066e-09 -1.9364e-08 
1.41632 30.1989 13467 -1.1192e-08 -1.15493e-08 4.20394e-08 -1.17075e-08 
1.41692 30.1685 13472.7 4.63055e-08 -5.77188e-08 5.90102e-08 -1.7311e-08 
1.41752 30.1382 13478.4 6.37016e-08 -6.08255e-08 6.88418e-08 -1.50889e-08 
1.41812 30.1079 13484.1 8.05322e-08 -6.27233e-08 8.55617e-08 -1.73082e-08 
1.41872 30.0777 13489.8 9.86781e-08 -6.63449e-08 5.75951e-08 -1.11363e-08 
1.41932 30.0475 13495.5 1.20433e-07 -7.20325e-08 1.8896e-08 -8.69807e-10 
1.41992 30.0174 13501.2 1.23555e-07 -5.95293e-08 -1.89434e-08 1.22385e-08 
1.42052 29.9873 13506.9 1.10253e-07 -3.15795e-08 -2.48481e-08 1.39398e-08 
1.42112 29.9572 13512.6 1.45545e-07 -5.15233e-08 -1.06405e-08 8.79813e-09 
1.42172 29.9272 13518.3 1.71425e-07 -6.01113e-08 -2.22025e-08 6.92268e-09 
1.42232 29.8972 13524 2.21077e-07 -8.94451e-08 1.37898e-08 -3.73065e-09 
1.42292 29.8673 13529.7 2.7359e-07 -1.18914e-07 4.42565e-08 3.37686e-09 
1.42352 29.8374 13535.4 3.15946e-07 -1.3518e-07 6.80185e-08 -3.96728e-09 
1.42412 29.8075 13541.1 3.82687e-07 -1.72928e-07 8.31349e-08 -1.12083e-08 
1.42472 29.7777 13546.9 4.26885e-07 -1.85026e-07 6.62879e-08 -7.30087e-09 
1.42532 29.748 13552.6 4.46495e-07 -1.70766e-07 6.11534e-08 -9.00066e-09 
1.42592 29.7182 13558.3 4.49085e-07 -1.40998e-07 4.98895e-08 9.42566e-09 
1.42652 29.6886 13564 4.49034e-07 -1.09175e-07 3.82077e-08 1.74583e-08 
1.42712 29.6589 13569.7 4.53747e-07 -8.34005e-08 2.10181e-08 3.10968e-08 
1.42772 29.6294 13575.4 4.2227e-07 -2.43272e-08 1.25296e-08 1.5839e-08 
1.42832 29.5998 13581.1 4.12347e-07 1.00913e-08 4.28768e-08 8.4398e-09 
1.42892 29.5703 13586.8 4.10947e-07 3.27602e-08 3.85287e-08 -1.15039e-09 
1.42952 29.5408 13592.5 4.19716e-07 4.50423e-08 4.00671e-08 -2.35301e-09 
1.43013 29.5114 13598.2 4.24139e-07 6.01047e-08 3.06054e-08 1.90363e-08 
1.43073 29.482 13603.9 4.21428e-07 8.20178e-08 3.10063e-08 1.35231e-08 
1.43133 29.4527 13609.6 4.49026e-07 7.40389e-08 2.01241e-08 2.45572e-08 
1.43193 29.4234 13615.3 4.71406e-07 7.21466e-08 -2.52878e-08 1.14138e-08 
1.43253 29.3942 13621 4.99914e-07 6.55906e-08 -5.86465e-08 6.20489e-09 
1.43313 29.3649 13626.7 5.08385e-07 7.83175e-08 -1.07871e-07 -5.6234e-10 
1.43373 29.3358 13632.4 5.061e-07 1.00632e-07 -1.48645e-07 -5.15148e-09 
1.43433 29.3067 13638.1 5.22534e-07 1.03369e-07 -1.86143e-07 -1.01816e-08 
1.43493 29.2776 13643.9 4.82954e-07 1.59875e-07 -2.33034e-07 -2.08101e-08 
1.43553 29.2485 13649.6 4.44483e-07 2.11251e-07 -2.18658e-07 -1.8956e-08 
1.43613 29.2195 13655.3 4.08633e-07 2.55644e-07 -2.07937e-07 -2.02133e-08 
1.43673 29.1905 13661 3.71311e-07 2.98557e-07 -1.908e-07 -9.62656e-09 
1.43733 29.1616 13666.7 3.37478e-07 3.3381e-07 -1.6376e-07 -1.57408e-09 
1.43793 29.1327 13672.4 3.00147e-07 3.68732e-07 -1.31429e-07 -7.28403e-09 
1.43853 29.1039 13678.1 2.85506e-07 3.78412e-07 -1.0367e-07 -3.83349e-09 
1.43913 29.0751 13683.8 2.76265e-07 3.80719e-07 -1.04857e-07 -2.40293e-08 
1.43973 29.0463 13689.5 2.63273e-07 3.86504e-07 -9.99522e-08 -1.86091e-08 
1.44033 29.0176 13695.2 2.57383e-07 3.84052e-07 -9.59087e-08 -1.72827e-08 
1.44093 28.9889 13700.9 2.4904e-07 3.83775e-07 -9.61343e-08 -6.21943e-09 
1.44153 28.9603 13706.6 2.60468e-07 3.64485e-07 -9.04199e-08 -2.02444e-10 
1.44213 28.9317 13712.3 2.62231e-07 3.54907e-07 -9.40885e-08 3.94581e-09 
1.44273 28.9031 13718 2.46312e-07 3.6306e-07 -7.18608e-08 9.84529e-09 
1.44333 28.8746 13723.7 2.51023e-07 3.48738e-07 -4.70045e-08 1.2263e-08 
1.44393 28.8461 13729.4 2.46139e-07 3.44468e-07 -3.29613e-08 2.49524e-08 
1.44453 28.8177 13735.2 2.28931e-07 3.51252e-07 -1.90111e-08 2.46765e-08 
1.44513 28.7893 13740.9 1.83461e-07 3.83284e-07 -1.21072e-09 4.14545e-08 
1.44573 28.7609 13746.6 1.56923e-07 3.94735e-07 2.72464e-08 2.23249e-08 
1.44633 28.7326 13752.3 1.17493e-07 4.16677e-07 1.59227e-08 1.45014e-08 
1.44693 28.7043 13758 6.38272e-08 4.49852e-07 1.39385e-08 1.36499e-09 
1.44753 28.676 13763.7 3.1519e-08 4.58283e-07 1.20076e-08 -4.23992e-09 
1.44813 28.6478 13769.4 -8.04817e-09 4.71009e-07 -2.52544e-08 -3.06273e-09 
1.44873 28.6197 13775.1 -3.18929e-08 4.66268e-07 -5.53387e-08 -1.70902e-08 
1.44933 28.5915 13780.8 -5.68598e-08 4.60854e-07 -9.45084e-08 -1.58736e-08 
1.44993 28.5634 13786.5 -8.21866e-08 4.55442e-07 -1.13217e-07 -1.23384e-08 
1.45053 28.5354 13792.2 -7.82741e-08 4.21e-07 -1.19116e-07 -1.09636e-08 
1.45113 28.5073 13797.9 -7.04631e-08 3.84778e-07 -1.20666e-07 -1.69828e-08 
1.45173 28.4794 13803.6 -5.74922e-08 3.45694e-07 -9.87918e-08 -7.11907e-09 
1.45233 28.4514 13809.3 -4.22981e-08 3.0586e-07 -6.63449e-08 2.96009e-08 
1.45293 28.4235 13815 -2.10773e-08 2.62422e-07 -2.89681e-08 2.65655e-08 
1.45353 28.3956 13820.7 2.34371e-09 2.19279e-07 1.60563e-09 2.09956e-08 
1.45413 28.3678 13826.4 -1.35771e-08 2.16255e-07 2.52698e-08 -7.34335e-09 
1.45473 28.34 13832.2 -2.10756e-08 2.04546e-07 6.84051e-08 3.99574e-09 
1.45533 28.3123 13837.9 -2.67089e-08 1.9125e-07 8.36864e-08 6.45601e-09 
1.45593 28.2845 13843.6 -6.74731e-08 2.12467e-07 8.35811e-08 -3.00882e-08 
1.45653 28.2569 13849.3 -9.12881e-08 2.14722e-07 1.07946e-07 -2.01631e-08 
1.45713 28.2292 13855 -1.29102e-07 2.29302e-07 1.09008e-07 -1.59983e-08 
1.45773 28.2016 13860.7 -1.47685e-07 2.2332e-07 1.16714e-07 4.18089e-09 
1.45833 28.174 13866.4 -1.78361e-07 2.27709e-07 1.10693e-07 4.71244e-10 
1.45893 28.1465 13872.1 -2.09272e-07 2.30854e-07 1.22239e-07 1.2046e-08 
1.45953 28.119 13877.8 -2.25781e-07 2.18227e-07 1.29961e-07 2.92112e-08 
1.46013 28.0915 13883.5 -2.4499e-07 2.08718e-07 1.34755e-07 3.68687e-08 
1.46073 28.0641 13889.2 -2.58344e-07 1.93753e-07 1.50044e-07 3.29041e-08 
1.46133 28.0367 13894.9 -2.64496e-07 1.72127e-07 1.70423e-07 1.48284e-08 
1.46193 28.0093 13900.6 -2.5178e-07 1.33393e-07 1.88513e-07 6.50084e-09 
1.46253 27.982 13906.3 -2.28831e-07 8.67251e-08 1.90516e-07 2.66767e-09 
1.46313 27.9547 13912 -2.23781e-07 5.98957e-08 1.85663e-07 2.41131e-08 
1.46373 27.9275 13917.7 -2.00629e-07 1.66798e-08 1.90062e-07 4.58552e-08 
1.46433 27.9003 13923.4 -1.76181e-07 -2.4839e-08 1.73784e-07 2.83693e-08 
1.46493 27.8731 13929.2 -1.57216e-07 -5.77588e-08 1.55721e-07 2.51567e-08 
1.46553 27.8459 13934.9 -1.47101e-07 -7.98143e-08 1.42591e-07 1.18254e-08 
1.46613 27.8188 13940.6 -1.31317e-07 -1.05309e-07 1.34258e-07 9.46917e-09 
1.46673 27.7917 13946.3 -1.31545e-07 -1.13426e-07 1.06802e-07 -5.57877e-09 
1.46733 27.7647 13952 -1.40519e-07 -1.13191e-07 8.10656e-08 -7.29426e-09 
1.46793 27.7377 13957.7 -1.4232e-07 -1.20305e-07 6.06958e-08 4.95405e-09 
1.46853 27.7107 13963.4 -1.41102e-07 -1.30377e-07 3.15807e-08 2.30189e-09 
1.46913 27.6838 13969.1 -1.27803e-07 -1.51279e-07 1.87997e-08 1.64726e-08 
1.46973 27.6569 13974.8 -1.44089e-07 -1.41673e-07 1.1832e-08 5.36881e-09 
1.47033 27.63 13980.5 -1.83711e-07 -1.10665e-07 2.07374e-08 3.79806e-09 
1.47093 27.6031 13986.2 -2.31098e-07 -7.44068e-08 3.46442e-08 4.78196e-09 
1.47153 27.5763 13991.9 -2.78908e-07 -4.12645e-08 3.06169e-08 2.89042e-08 
1.47213 27.5496 13997.6 -3.03538e-07 -3.36748e-08 3.79079e-08 4.43281e-08 
1.47273 27.5228 14003.3 -2.71035e-07 -8.22141e-08 5.85193e-08 3.27331e-08 
1.47333 27.4961 14009 -2.41263e-07 -1.24395e-07 6.50408e-08 2.77106e-08 
1.47393 27.4694 14014.7 -2.41362e-07 -1.34688e-07 7.6768e-08 1.90517e-08 
1.47453 27.4428 14020.5 -2.87553e-07 -1.00547e-07 6.72399e-08 2.18138e-08 
1.47513 27.4162 14026.2 -3.37989e-07 -6.50995e-08 3.38742e-08 2.39867e-08 
1.47573 27.3896 14031.9 -3.61673e-07 -5.83831e-08 -2.2749e-08 2.45806e-08 
1.47633 27.363 14037.6 -3.34399e-07 -1.0121e-07 -5.81036e-08 2.20248e-08 
1.47693 27.3365 14043.3 -2.55721e-07 -1.89782e-07 -5.88611e-08 7.20233e-09 
1.47753 27.31 14049 -1.85767e-07 -2.62944e-07 -5.93092e-08 2.4256e-08 
1.47813 27.2836 14054.7 -1.60633e-07 -2.87097e-07 -7.06767e-08 1.59633e-08 
1.47873 27.2572 14060.4 -1.58715e-07 -2.8738e-07 -1.12371e-07 3.70383e-09 
1.47933 27.2308 14066.1 -1.66776e-07 -2.77688e-07 -1.81848e-07 -8.81572e-09 
1.47993 27.2044 14071.8 -1.52072e-07 -2.90042e-07 -2.2893e-07 -2.60531e-08 
1.48053 27.1781 14077.5 -1.4129e-07 -2.96658e-07 -2.25274e-07 -1.97341e-08 
1.48113 27.1518 14083.2 -1.31236e-07 -3.01443e-07 -1.67931e-07 -2.10162e-08 
1.48173 27.1255 14088.9 -1.0202e-07 -3.23837e-07 -1.05769e-07 -7.16249e-09 
1.48233 27.0993 14094.6 -7.72331e-08 -3.39814e-07 -9.65425e-08 -1.10442e-08 
1.48293 27.0731 14100.3 -4.50475e-08 -3.61519e-07 -1.1565e-07 -1.04611e-08 
1.48353 27.0469 14106 -2.22525e-08 -3.71679e-07 -1.40163e-07 5.50069e-09 
1.48413 27.0208 14111.7 -4.61566e-08 -3.35387e-07 -1.55505e-07 -3.26061e-09 
1.48473 26.9947 14117.5 -1.07897e-07 -2.64852e-07 -1.35564e-07 -5.00478e-09 
1.48533 26.9686 14123.2 -1.58838e-07 -2.10044e-07 -1.05193e-07 -2.06835e-08 
1.48593 26.9425 14128.9 -1.77718e-07 -1.89571e-07 -8.68154e-08 -2.03532e-08 
1.48653 26.9165 14134.6 -1.78701e-07 -1.8767e-07 -8.0331e-08 -1.85071e-08 
1.48714 26.8905 14140.3 -1.81034e-07 -1.84405e-07 -6.31122e-08 4.16454e-09 
1.48774 26.8645 14146 -1.7715e-07 -1.87457e-07 -5.19494e-08 1.3745e-08 
1.48834 26.8386 14151.7 -1.83617e-07 -1.80345e-07 -7.38738e-08 -6.99848e-10 
1.48894 26.8127 14157.4 -1.80552e-07 -1.82835e-07 -9.9966e-08 -1.31621e-08 
1.48954 26.7868 14163.1 -1.90286e-07 -1.72506e-07 -1.15804e-07 -3.25368e-08 
1.49014 26.761 14168.8 -2.20813e-07 -1.42508e-07 -9.26537e-08 -3.54445e-08 
1.49074 26.7352 14174.5 -2.65471e-07 -1.00871e-07 -3.71448e-08 -2.28002e-08 
1.49134 26.7094 14180.2 -2.97152e-07 -7.49427e-08 2.10159e-08 -4.9244e-09 
1.49194 26.6837 14185.9 -2.85027e-07 -9.32935e-08 6.05153e-08 1.09814e-08 
1.49254 26.658 14191.6 -2.43689e-07 -1.38399e-07 7.26929e-08 1.5509e-08 
1.49314 26.6323 14197.3 -2.21556e-07 -1.61521e-07 7.35908e-08 2.59678e-08 
1.49374 26.6066 14203 -1.89858e-07 -1.92367e-07 8.5771e-08 9.15279e-09 
1.49434 26.581 14208.8 -1.50888e-07 -2.26933e-07 8.13101e-08 -9.80982e-10 
1.49494 26.5554 14214.5 -1.21382e-07 -2.48941e-07 5.94926e-08 -1.10294e-08 
1.49554 26.5299 14220.2 -9.78396e-08 -2.62507e-07 6.62852e-08 -2.47089e-08 
1.49614 26.5044 14225.9 -9.48757e-08 -2.54243e-07 8.786e-08 -9.79153e-09 
1.49674 26.4789 14231.6 -1.01588e-07 -2.37056e-07 1.07297e-07 -2.10284e-09 
1.49734 26.4534 14237.3 -9.51095e-08 -2.33719e-07 1.07673e-07 1.18344e-08 
1.49794 26.428 14243 -6.40567e-08 -2.54112e-07 7.45012e-08 1.03517e-08 
1.49854 26.4026 14248.7 -3.47642e-08 -2.70459e-07 2.24246e-08 8.15801e-09 
1.49914 26.3773 14254.4 -1.45702e-08 -2.7622e-07 -2.58331e-08 1.12147e-08 
1.49974 26.352 14260.1 1.12652e-08 -2.85853e-07 -6.27936e-08 2.11896e-08 
1.50034 26.3267 14265.8 5.91589e-08 -3.14773e-07 -1.03492e-07 4.42621e-08 
1.50094 26.3015 14271.5 9.66622e-08 -3.29924e-07 -1.3778e-07 4.92664e-08 
1.50154 26.2762 14277.2 1.10504e-07 -3.20137e-07 -1.38317e-07 3.62708e-08 
1.50214 26.2511 14282.9 1.02791e-07 -2.8988e-07 -1.12752e-07 1.79936e-08 
1.50274 26.2259 14288.6 9.35357e-08 -2.60064e-07 -8.59185e-08 -8.37747e-09 
1.50334 26.2008 14294.3 6.81737e-08 -2.16362e-07 -8.43035e-08 -1.68662e-08 
1.50394 26.1758 14300 4.90218e-08 -1.81407e-07 -7.75323e-08 -1.63207e-08 
1.50454 26.1507 14305.8 2.33955e-08 -1.42368e-07 -6.36021e-08 -2.08012e-08 
1.50514 26.1257 14311.5 -8.76792e-09 -9.94116e-08 -5.51865e-08 -2.2031e-08 
1.50574 26.1008 14317.2 -1.68649e-08 -8.23162e-08 -4.80123e-08 -2.15384e-08 
1.50634 26.0758 14322.9 7.68462e-09 -9.71169e-08 -4.47274e-08 -1.44301e-08 
1.50694 26.051 14328.6 1.12649e-08 -9.01114e-08 -3.5836e-08 -1.41718e-08 
1.50754 26.0261 14334.3 1.40839e-08 -8.32178e-08 5.65887e-09 -7.8444e-09 
1.50814 26.0013 14340 1.25069e-08 -7.25079e-08 4.5369e-08 -9.2771e-09 
1.50874 25.9765 14345.7 5.03626e-09 -5.67571e-08 6.53114e-08 -1.51385e-08 
1.50934 25.9518 14351.4 -2.67976e-08 -1.82341e-08 7.95817e-08 -7.8899e-09 
1.50994 25.9271 14357.1 -7.55893e-08 3.39865e-08 9.67474e-08 -7.55028e-09 
1.51054 25.9024 14362.8 -1.16316e-07 7.47381e-08 1.07695e-07 4.99606e-11 
1.51114 25.8778 14368.5 -1.46914e-07 1.02866e-07 9.53918e-08 2.76251e-10 
1.51174 25.8532 14374.2 -1.61521e-07 1.13107e-07 7.46295e-08 2.89556e-09 
1.51234 25.8286 14379.9 -1.74369e-07 1.20298e-07 5.66247e-08 -7.59896e-10 
1.51294 25.8041 14385.6 -1.73604e-07 1.13094e-07 5.07591e-08 8.19176e-09 
1.51354 25.7796 14391.3 -1.62206e-07 9.58705e-08 4.88402e-08 8.95285e-09 
1.51414 25.7552 14397.1 -1.3157e-07 6.1549e-08 5.87419e-08 1.41677e-08 
1.51474 25.7308 14402.8 -1.12094e-07 4.10839e-08 7.76127e-08 1.39742e-08 
1.51534 25.7064 14408.5 -1.06047e-07 3.54381e-08 1.13184e-07 -6.15622e-10 
1.51594 25.6821 14414.2 -9.37008e-08 2.42847e-08 1.4886e-07 -1.23343e-08 
1.51654 25.6578 14419.9 -6.44995e-08 -1.67169e-09 1.67165e-07 -1.72212e-08 
1.51714 25.6336 14425.6 -6.19469e-08 -8.72163e-11 1.56337e-07 -8.7722e-09 
1.51774 25.6094 14431.3 -6.92591e-08 1.04712e-08 1.59391e-07 7.76992e-09 
1.51834 25.5852 14437 -7.28578e-08 1.65024e-08 1.55422e-07 2.4715e-08 
1.51894 25.5611 14442.7 -7.28062e-08 1.87315e-08 1.32601e-07 2.61112e-08 
1.51954 25.537 14448.4 -6.3619e-08 1.21018e-08 1.11996e-07 1.69157e-08 
1.52014 25.5129 14454.1 -5.01578e-08 2.28203e-09 1.05725e-07 7.3125e-09 
1.52074 25.4889 14459.8 -3.03114e-08 -1.28808e-08 1.04903e-07 -2.38097e-09 
1.52134 25.4649 14465.5 1.33987e-08 -4.9339e-08 1.12061e-07 3.82754e-10 
1.52194 25.441 14471.2 5.99077e-08 -8.53087e-08 1.03439e-07 6.93317e-09 
1.52254 25.4171 14476.9 1.08339e-07 -1.19783e-07 1.00574e-07 6.18712e-09 
1.52314 25.3932 14482.6 1.38869e-07 -1.33963e-07 9.04695e-08 3.65192e-09 
1.52374 25.3693 14488.3 1.79302e-07 -1.55817e-07 8.22284e-08 2.84895e-09 
1.52434 25.3455 14494.1 2.19492e-07 -1.74842e-07 5.1561e-08 -6.53172e-09 
1.52494 25.3218 14499.8 2.38969e-07 -1.71802e-07 8.13139e-09 -2.41932e-09 
1.52554 25.298 14505.5 2.46256e-07 -1.5664e-07 -2.53611e-08 -1.21013e-08 
1.52614 25.2743 14511.2 2.62629e-07 -1.508e-07 -5.96101e-08 -1.5948e-08 
1.52674 25.2506 14516.9 2.73103e-07 -1.38549e-07 -9.82523e-08 -2.21115e-08 
1.52734 25.227 14522.6 2.64138e-07 -1.07973e-07 -1.25886e-07 -2.13671e-08 
1.52794 25.2034 14528.3 2.61819e-07 -8.55201e-08 -1.16211e-07 -1.57483e-08 
1.52854 25.1798 14534 2.67303e-07 -7.18728e-08 -1.03484e-07 -9.52549e-10 
1.52914 25.1563 14539.7 2.77706e-07 -6.32858e-08 -8.49344e-08 9.2321e-09 
1.52974 25.1328 14545.4 2.95124e-07 -6.15731e-08 -5.66163e-08 6.47286e-09 
1.53034 25.1093 14551.1 3.10237e-07 -5.70256e-08 -2.60634e-08 8.33164e-09 
1.53094 25.0858 14556.8 3.38363e-07 -6.50418e-08 -6.75242e-09 1.16694e-09 
1.53154 25.0624 14562.5 3.87732e-07 -9.20108e-08 -2.8034e-09 5.52268e-09 
1.53214 25.039 14568.2 4.19811e-07 -9.95377e-08 -2.63707e-08 1.34468e-08 
1.53274 25.0157 14573.9 4.38185e-07 -9.26245e-08 -3.88753e-08 1.93696e-08 
1.53334 24.9923 14579.6 4.48541e-07 -7.78337e-08 -4.80962e-08 1.59477e-08 
1.53394 24.9691 14585.4 4.49481e-07 -5.4213e-08 -6.25276e-08 1.12584e-08 
1.53454 24.9458 14591.1 4.32286e-07 -1.41469e-08 -7.2155e-08 7.22735e-09 
1.53514 24.9225 14596.8 4.00053e-07 3.75485e-08 -6.74623e-08 2.18568e-08 
1.53574 24.8993 14602.5 3.8571e-07 6.81849e-08 -5.08197e-08 3.25283e-08 
1.53634 24.8762 14608.2 3.68667e-07 9.94168e-08 -5.19508e-08 2.60371e-08 
1.53694 24.853 14613.9 3.48408e-07 1.31592e-07 -5.31536e-08 2.36051e-08 
1.53754 24.8299 14619.6 3.27687e-07 1.61866e-07 -5.21049e-08 1.54977e-08 
1.53814 24.8068 14625.3 3.17464e-07 1.79983e-07 -5.69109e-08 1.84963e-09 
1.53874 24.7837 14631 3.0536e-07 1.98289e-07 -8.25262e-08 -2.15348e-08 
1.53934 24.7607 14636.7 2.95985e-07 2.12451e-07 -1.03088e-07 -2.07794e-08 
1.53994 24.7377 14642.4 2.84611e-07 2.27194e-07 -1.2176e-07 -6.59376e-09 
1.54054 24.7147 14648.1 2.76277e-07 2.37767e-07 -1.3397e-07 8.64556e-09 
1.54114 24.6917 14653.8 2.89928e-07 2.26273e-07 -1.42044e-07 -1.85916e-09 
1.54174 24.6688 14659.5 3.01612e-07 2.17522e-07 -1.59353e-07 -1.12321e-08 
1.54234 24.6459 14665.2 3.06753e-07 2.15398e-07 -1.72417e-07 7.24691e-09 
1.54294 24.623 14670.9 3.24142e-07 2.01295e-07 -1.74816e-07 1.18164e-08 
1.54354 24.6001 14676.6 3.26307e-07 2.0317e-07 -1.8217e-07 1.47343e-08 
1.54415 24.5773 14682.4 3.07044e-07 2.25177e-07 -1.77907e-07 1.74737e-08 
1.54475 24.5545 14688.1 2.68917e-07 2.63523e-07 -1.44999e-07 3.88604e-08 
1.54535 24.5317 14693.8 2.31066e-07 2.98115e-07 -1.03729e-07 4.66588e-08 
1.54595 24.5089 14699.5 1.93256e-07 3.29635e-07 -6.15166e-08 3.39023e-08 
1.54655 24.4862 14705.2 1.50968e-07 3.62278e-07 -2.24584e-08 1.57926e-08 
1.54715 24.4635 14710.9 1.23922e-07 3.76937e-07 2.22591e-08 1.02222e-08 
1.54775 24.4408 14716.6 1.05557e-07 3.81447e-07 4.76398e-08 4.61472e-09 
1.54835 24.4181 14722.3 9.10242e-08 3.81438e-07 5.71353e-08 1.16076e-09 
1.54895 24.3955 14728 7.26569e-08 3.84052e-07 5.27905e-08 3.71787e-09 
1.54955 24.3729 14733.7 5.24499e-08 3.87671e-07 5.17856e-08 5.2593e-09 
1.55015 24.3503 14739.4 3.53862e-08 3.86622e-07 4.07813e-08 8.82161e-09 
1.55075 24.3277 14745.1 2.52172e-08 3.78513e-07 4.42236e-08 3.15807e-08 
1.55135 24.3052 14750.8 1.23632e-08 3.72445e-07 4.6684e-08 4.62077e-08 
1.55195 24.2827 14756.5 8.03606e-09 3.57758e-07 6.81052e-08 4.37792e-08 
1.55255 24.2602 14762.2 3.04536e-08 3.1771e-07 9.05767e-08 1.92297e-08 
1.55315 24.2377 14767.9 4.76871e-08 2.85132e-07 9.60244e-08 6.98304e-09 
1.55375 24.2153 14773.6 5.3883e-08 2.64967e-07 1.04752e-07 4.42532e-09 
1.55435 24.1929 14779.4 7.01566e-08 2.35735e-07 1.18531e-07 -2.87215e-09 
1.55495 24.1705 14785.1 6.36395e-08 2.30434e-07 1.1682e-07 -1.08123e-08 
1.55555 24.1481 14790.8 4.49956e-08 2.36222e-07 1.15205e-07 -6.45485e-09 
1.55615 24.1258 14796.5 1.20339e-08 2.54719e-07 1.23436e-07 -5.36261e-09 
1.55675 24.1035 14802.2 -9.82673e-09 2.60426e-07 1.31665e-07 4.34714e-10 
1.55735 24.0812 14807.9 -3.43955e-08 2.6756e-07 1.25645e-07 1.20567e-09 
1.55795 24.0589 14813.6 -6.21948e-08 2.76712e-07 1.20356e-07 -1.02112e-08 
1.55855 24.0367 14819.3 -9.0202e-08 2.84216e-07 1.07743e-07 -2.05012e-08 
1.55915 24.0145 14825 -1.17243e-07 2.89481e-07 8.91798e-08 -1.54569e-08 
1.55975 23.9923 14830.7 -1.371e-07 2.86459e-07 6.16876e-08 2.90957e-09 
1.56035 23.9702 14836.4 -1.52805e-07 2.78666e-07 3.84319e-08 1.05588e-08 
1.56095 23.9481 14842.1 -1.57096e-07 2.59786e-07 3.4806e-08 3.21925e-09 
1.56155 23.926 14847.8 -1.54123e-07 2.34352e-07 4.05406e-08 -3.40645e-09 
1.56215 23.9039 14853.5 -1.67703e-07 2.26245e-07 5.69149e-08 -5.90476e-09 
1.56275 23.8819 14859.2 -1.97498e-07 2.33122e-07 7.41817e-08 -5.3396e-09 
1.56335 23.8599 14864.9 -2.15889e-07 2.27313e-07 9.22292e-08 6.1715e-09 
1.56395 23.8379 14870.7 -1.95573e-07 1.84279e-07 1.02041e-07 1.18791e-08 
1.56455 23.8159 14876.4 -1.59126e-07 1.28037e-07 9.16971e-08 -5.02861e-10 
1.56515 23.794 14882.1 -1.07868e-07 6.18486e-08 1.10508e-07 -1.08742e-08 
1.56575 23.7721 14887.8 -6.34486e-08 6.61469e-09 1.22428e-07 -1.64848e-08 
1.56635 23.7502 14893.5 -8.01346e-08 1.42415e-08 1.15342e-07 -2.5166e-08 
1.56695 23.7284 14899.2 -1.14164e-07 3.70358e-08 9.66209e-08 -3.0616e-08 
1.56755 23.7065 14904.9 -1.44348e-07 5.38854e-08 5.68641e-08 -3.18876e-08 
1.56815 23.6848 14910.6 -1.3117e-07 2.75908e-08 1.49225e-08 -2.59654e-08 
1.56875 23.663 14916.3 -9.10908e-08 -2.29475e-08 -1.46601e-08 -1.77204e-08 
1.56935 23.6413 14922 -6.78004e-08 -5.33409e-08 -1.34106e-08 -8.30273e-09 
1.56995 23.6196 14927.7 -6.61784e-08 -6.10916e-08 -2.29417e-09 2.7941e-10 
1.57055 23.5979 14933.4 -1.07351e-07 -2.7171e-08 -1.7104e-08 -8.27727e-09 
1.57115 23.5763 14939.1 -1.51328e-07 6.54925e-09 -5.72414e-08 -9.55849e-09 
1.57175 23.5546 14944.8 -1.91131e-07 3.31424e-08 -1.09345e-07 1.89908e-09 
1.57235 23.5331 14950.5 -2.05278e-07 3.29818e-08 -1.2345e-07 5.42241e-09 
1.57295 23.5115 14956.2 -2.16146e-07 2.89234e-08 -1.07655e-07 1.3079e-08 
1.57355 23.49 14961.9 -2.38157e-07 3.56731e-08 -5.66654e-08 1.52676e-08 
1.57415 23.4685 14967.7 -2.36643e-07 1.83874e-08 -1.01955e-08 1.32174e-08 
1.57475 23.447 14973.4 -2.20968e-07 -1.13746e-08 -2.64598e-10 1.3911e-08 
1.57535 23.4256 14979.1 -2.13467e-07 -3.09988e-08 -2.03459e-08 2.64444e-08 
1.57595 23.4042 14984.8 -2.25522e-07 -3.10459e-08 -3.60841e-08 3.34432e-08 
1.57655 23.3828 14990.5 -2.5003e-07 -1.90943e-08 -2.44575e-08 2.81585e-08 
1.57715 23.3615 14996.2 -2.71447e-07 -1.17203e-08 -1.71379e-08 1.16572e-08 
1.57775 23.3402 15001.9 -2.75282e-07 -2.22545e-08 -6.81651e-09 -6.74391e-10 
1.57835 23.3189 15007.6 -2.36164e-07 -7.34206e-08 1.06384e-08 -1.15613e-08 
1.57895 23.2976 15013.3 -1.96549e-07 -1.21604e-07 1.18679e-08 -4.64228e-09 
1.57955 23.2764 15019 -1.66751e-07 -1.56289e-07 2.7511e-08 8.38717e-09 
1.58015 23.2552 15024.7 -1.3647e-07 -1.89357e-07 2.70379e-08 8.63614e-09 
1.58075 23.234 15030.4 -1.1945e-07 -2.06625e-07 9.2957e-09 4.2249e-09 
1.58135 23.2129 15036.1 -8.24817e-08 -2.41598e-07 -1.21081e-08 2.76075e-09 
1.58195 23.1918 15041.8 -9.18387e-08 -2.2906e-07 -3.29556e-08 -4.76561e-09 
1.58255 23.1707 15047.5 -1.03714e-07 -2.14799e-07 -1.50627e-09 -7.09593e-09 
1.58315 23.1497 15053.2 -1.14268e-07 -2.03162e-07 3.40569e-08 -4.71318e-09 
1.58375 23.1286 15059 -1.13961e-07 -2.02205e-07 6.40649e-08 -6.03718e-09 
1.58435 23.1076 15064.7 -8.91785e-08 -2.24787e-07 7.80958e-08 -4.49786e-09 
1.58495 23.0867 15070.4 -7.55351e-08 -2.34503e-07 8.07052e-08 6.85803e-09 
1.58555 23.0657 15076.1 -5.67691e-08 -2.47942e-07 8.66609e-08 1.29464e-08 
1.58615 23.0448 15081.8 -6.84339e-08 -2.31206e-07 6.35537e-08 9.39868e-09 
1.58675 23.024 15087.5 -7.27737e-08 -2.22019e-07 5.10682e-08 -4.24999e-09 
1.58735 23.0031 15093.2 -7.31025e-08 -2.17268e-07 2.1477e-08 -2.2199e-08 
1.58795 22.9823 15098.9 -1.16052e-07 -1.71211e-07 -2.2764e-09 -3.26e-08 
1.58855 22.9615 15104.6 -1.56385e-07 -1.31355e-07 4.59678e-09 -2.86905e-08 
1.58915 22.9407 15110.3 -1.94235e-07 -9.6876e-08 7.59977e-09 -6.98343e-09 
1.58975 22.92 15116 -2.0765e-07 -8.83263e-08 -8.2839e-09 -6.26097e-09 
1.59035 22.8993 15121.7 -2.08906e-07 -9.23998e-08 -4.60914e-08 2.19894e-09 
1.59095 22.8786 15127.4 -2.15592e-07 -9.0515e-08 -7.78368e-08 -2.00511e-10 
1.59155 22.8579 15133.1 -2.05003e-07 -1.0568e-07 -1.05021e-07 -2.93416e-09 
1.59215 22.8373 15138.8 -1.97257e-07 -1.17023e-07 -1.39909e-07 4.72702e-09 
1.59275 22.8167 15144.5 -1.81226e-07 -1.35096e-07 -1.64215e-07 8.73674e-09 
1.59335 22.7961 15150.2 -1.74743e-07 -1.4277e-07 -1.80134e-07 8.12145e-09 
1.59395 22.7755 15156 -1.88157e-07 -1.30235e-07 -1.63173e-07 -2.14427e-09 
1.59455 22.755 15161.7 -2.04358e-07 -1.16265e-07 -1.32094e-07 -8.85967e-09 
1.59515 22.7345 15167.4 -2.18646e-07 -1.05097e-07 -9.74325e-08 -1.41639e-08 
1.59575 22.714 15173.1 -1.96246e-07 -1.29771e-07 -6.32581e-08 -1.24368e-08 
1.59635 22.6936 15178.8 -1.98449e-07 -1.2919e-07 -6.13105e-08 1.76711e-09 
1.59695 22.6732 15184.5 -1.84071e-07 -1.44058e-07 -2.67697e-08 7.92722e-09 
1.59755 22.6528 15190.2 -1.46509e-07 -1.80412e-07 -1.2036e-08 1.59873e-08 
1.59815 22.6324 15195.9 -1.00323e-07 -2.21595e-07 -7.66485e-09 2.27453e-08 
1.59875 22.6121 15201.6 -5.58501e-08 -2.57814e-07 -8.5024e-09 2.87892e-08 
1.59935 22.5917 15207.3 -3.15383e-08 -2.71419e-07 9.25976e-09 3.01357e-08 
1.59995 22.5714 15213 -7.15886e-09 -2.83185e-07 4.77953e-08 2.99262e-08 
1.60055 22.5512 15218.7 2.76967e-09 -2.80138e-07 6.60438e-08 2.17099e-08 
1.60116 22.5309 15224.4 1.2999e-08 -2.76469e-07 9.59164e-08 4.73411e-09 
1.60176 22.5107 15230.1 1.55422e-08 -2.65311e-07 1.07783e-07 -2.69199e-09 
1.60236 22.4905 15235.8 -5.82036e-09 -2.31386e-07 1.15976e-07 -1.70313e-08 
1.60296 22.4703 15241.5 -1.35965e-09 -2.24221e-07 1.29906e-07 -1.78963e-08 
1.60356 22.4502 15247.3 5.13622e-09 -2.19281e-07 1.08811e-07 -2.08207e-08 
1.60416 22.4301 15253 2.44127e-08 -2.2602e-07 9.42233e-08 -2.57016e-08 
1.60476 22.41 15258.7 3.28618e-08 -2.21666e-07 7.52826e-08 -2.28994e-08 
1.60536 22.3899 15264.4 3.86563e-08 -2.14395e-07 8.19101e-08 -2.37643e-08 
1.60596 22.3699 15270.1 6.95719e-08 -2.31199e-07 9.89335e-08 -8.79523e-09 
1.60656 22.3498 15275.8 7.65951e-08 -2.23169e-07 1.00563e-07 -7.28736e-10 
1.60716 22.3298 15281.5 6.91435e-08 -2.0099e-07 1.27593e-07 1.28161e-08 
1.60776 22.3099 15287.2 5.71721e-08 -1.75932e-07 1.6027e-07 4.20923e-09 
1.60836 22.2899 15292.9 3.15042e-08 -1.38763e-07 1.84136e-07 -6.36424e-09 
1.60896 22.27 15298.6 9.58722e-09 -1.07648e-07 1.93604e-07 -6.64261e-09 
1.60956 22.2501 15304.3 -2.34653e-08 -6.78667e-08 1.90935e-07 -1.2767e-08 
1.61016 22.2302 15310 -5.82634e-08 -2.88448e-08 1.90281e-07 5.75519e-09 
1.61076 22.2103 15315.7 -8.38426e-08 -2.0649e-09 1.75459e-07 2.05676e-08 
1.61136 22.1905 15321.4 -9.7898e-08 1.21785e-08 1.64195e-07 2.70397e-08 
1.61196 22.1707 15327.1 -8.99286e-08 4.01922e-09 1.44567e-07 2.27635e-08 
1.61256 22.1509 15332.8 -1.09175e-07 2.27873e-08 1.25466e-07 1.16076e-08 
1.61316 22.1311 15338.5 -9.78739e-08 1.07763e-08 1.38317e-07 1.67339e-09 
1.61376 22.1114 15344.3 -8.51029e-08 -1.87497e-09 1.337e-07 -9.78747e-09 
1.61436 22.0917 15350 -7.81153e-08 -7.60639e-09 1.28146e-07 -2.06862e-09 
1.61496 22.072 15355.7 -7.90176e-08 -5.52699e-09 1.23202e-07 -3.16564e-09 
1.61556 22.0523 15361.4 -9.58778e-08 1.19914e-08 1.2169e-07 2.54517e-09 
1.61616 22.0327 15367.1 -9.31268e-08 9.37166e-09 1.15953e-07 1.06596e-08 
1.61676 22.0131 15372.8 -1.0806e-07 2.39061e-08 8.26686e-08 1.11485e-08 
1.61736 21.9935 15378.5 -1.28269e-07 4.26544e-08 5.97118e-08 1.88726e-08 
1.61796 21.9739 15384.2 -1.38485e-07 4.99038e-08 3.92056e-08 1.04518e-08 
1.61856 21.9543 15389.9 -1.5306e-07 6.11391e-08 2.14094e-08 1.75369e-08 
1.61916 21.9348 15395.6 -1.4221e-07 4.6762e-08 9.2224e-09 5.26351e-09 
1.61976 21.9153 15401.3 -1.34888e-07 3.68438e-08 3.6045e-09 5.06665e-09 
1.62036 21.8958 15407 -1.20964e-07 2.1364e-08 1.64841e-08 -7.25115e-09 
1.62096 21.8764 15412.7 -9.54969e-08 -4.4613e-09 3.57203e-08 1.78026e-09 
1.62156 21.8569 15418.4 -5.59298e-08 -4.14567e-08 6.24985e-08 1.32978e-08 
1.62216 21.8375 15424.1 -2.02828e-08 -7.17769e-08 7.58203e-08 5.88499e-09 
1.62276 21.8182 15429.8 2.32276e-11 -8.50187e-08 9.02639e-08 6.00618e-09 
1.62336 21.7988 15435.6 3.53358e-08 -1.11262e-07 1.12735e-07 -7.18934e-09 
1.62396 21.7795 15441.3 6.51024e-08 -1.29962e-07 1.04024e-07 8.98882e-10 
1.62456 21.7601 15447 7.65318e-08 -1.28997e-07 8.72727e-08 8.29202e-10 
1.62516 21.7409 15452.7 8.43588e-08 -1.2432e-07 7.46384e-08 -4.4996e-09 
1.62576 21.7216 15458.4 8.89212e-08 -1.16448e-07 5.80797e-08 6.26028e-09 
1.62636 21.7023 15464.1 9.74723e-08 -1.12362e-07 3.86659e-08 1.36082e-08 
1.62696 21.6831 15469.8 1.02379e-07 -1.04968e-07 1.23351e-08 2.5188e-08 
1.62756 21.6639 15475.5 1.00331e-07 -9.0623e-08 4.19674e-09 4.72287e-09 
1.62816 21.6448 15481.2 1.18147e-07 -9.64951e-08 -4.18547e-10 1.00714e-08 
1.62876 21.6256 15486.9 1.33943e-07 -9.92415e-08 -4.46819e-09 3.17269e-08 
1.62936 21.6065 15492.6 1.62632e-07 -1.13785e-07 -8.02146e-09 4.3982e-08 
1.62996 21.5874 15498.3 1.85875e-07 -1.21669e-07 -1.24488e-08 4.31406e-08 
1.63056 21.5683 15504 2.13312e-07 -1.32299e-07 -1.05199e-08 1.9713e-08 
1.63116 21.5493 15509.7 2.54304e-07 -1.54949e-07 -1.95125e-08 2.54476e-08 
1.63176 21.5302 15515.4 2.82418e-07 -1.6245e-07 -3.41561e-08 2.29922e-08 
1.63236 21.5112 15521.1 3.0239e-07 -1.61006e-07 -4.97582e-08 1.16341e-08 
1.63296 21.4922 15526.8 3.21927e-07 -1.58892e-07 -5.91283e-08 9.69291e-09 
1.63356 21.4733 15532.6 3.4174e-07 -1.56056e-07 -6.48136e-08 1.52296e-08 
1.63416 21.4543 15538.3 3.43634e-07 -1.35798e-07 -8.34006e-08 2.93112e-08 
1.63476 21.4354 15544 3.3128e-07 -1.02435e-07 -7.5377e-08 2.22389e-08 
1.63536 21.4165 15549.7 3.31293e-07 -8.29632e-08 -5.47931e-08 1.87828e-08 
1.63596 21.3977 15555.4 3.17761e-07 -5.13391e-08 -4.02322e-08 9.38877e-10 
1.63656 21.3788 15561.1 3.04914e-07 -2.21266e-08 -1.15967e-08 -4.44636e-09 
1.63716 21.36 15566.8 2.88939e-07 8.12731e-09 2.13259e-08 -1.03243e-09 
1.63776 21.3412 15572.5 2.76567e-07 3.31802e-08 6.07276e-08 3.40839e-09 
1.63836 21.3224 15578.2 2.77254e-07 4.40747e-08 9.40324e-08 1.04624e-08 
1.63896 21.3037 15583.9 2.73518e-07 5.86633e-08 1.16246e-07 -6.24232e-09 
1.63956 21.285 15589.6 2.73717e-07 6.8647e-08 1.39363e-07 -3.68961e-09 
1.64016 21.2662 15595.3 2.811e-07 7.09742e-08 1.53014e-07 9.98693e-09 
1.64076 21.2476 15601 2.95668e-07 6.65939e-08 1.58794e-07 1.29611e-08 
1.64136 21.2289 15606.7 3.05803e-07 6.70103e-08 1.51751e-07 1.52188e-08 
1.64196 21.2103 15612.4 3.0895e-07 7.41981e-08 1.45568e-07 1.08026e-08 
1.64256 21.1917 15618.1 3.16583e-07 7.68438e-08 1.46269e-07 1.88334e-08 
1.64316 21.1731 15623.8 3.26913e-07 7.66756e-08 1.36787e-07 2.03486e-08 
1.64376 21.1545 15629.6 3.11867e-07 1.01512e-07 1.29583e-07 2.58393e-08 
1.64436 21.136 15635.3 3.0376e-07 1.17499e-07 1.33652e-07 2.31057e-08 
1.64496 21.1175 15641 2.91536e-07 1.36584e-07 1.4504e-07 1.19802e-08 
1.64556 21.099 15646.7 2.7173e-07 1.61719e-07 1.4949e-07 -3.48765e-10 
1.64616 21.0805 15652.4 2.41031e-07 1.95148e-07 1.56123e-07 -1.60181e-08 
1.64676 21.062 15658.1 2.12329e-07 2.24333e-07 1.76619e-07 -1.71076e-08 
1.64736 21.0436 15663.8 1.85575e-07 2.49047e-07 1.81445e-07 -3.99148e-08 
1.64796 21.0252 15669.5 1.57414e-07 2.73112e-07 1.84117e-07 -4.28735e-08 
1.64856 21.0068 15675.2 1.36585e-07 2.88075e-07 1.86513e-07 -2.91336e-08 
1.64916 20.9885 15680.9 1.19122e-07 2.9802e-07 1.80735e-07 -1.23622e-08 
1.64976 20.9702 15686.6 1.08751e-07 3.00196e-07 1.78343e-07 7.98558e-09 
1.65036 20.9518 15692.3 9.91568e-08 3.00861e-07 1.65383e-07 8.78927e-09 
1.65096 20.9336 15698 7.62939e-08 3.13839e-07 1.53607e-07 2.73645e-09 
1.65156 20.9153 15703.7 7.53846e-08 3.04009e-07 1.51161e-07 -1.63276e-08 
1.65216 20.8971 15709.4 8.53106e-08 2.83887e-07 1.41391e-07 -2.1037e-08 
1.65276 20.8788 15715.1 1.03318e-07 2.57165e-07 1.36342e-07 -1.62279e-08 
1.65336 20.8607 15720.9 1.14813e-07 2.38073e-07 1.39423e-07 -1.63835e-08 
1.65396 20.8425 15726.6 1.19204e-07 2.26977e-07 1.60353e-07 -1.85129e-08 
1.65456 20.8243 15732.3 1.07354e-07 2.3193e-07 1.75084e-07 -2.00053e-08 
1.65516 20.8062 15738 7.43155e-08 2.56371e-07 1.81046e-07 -1.41913e-08 
1.65576 20.7881 15743.7 6.0416e-08 2.60002e-07 1.92273e-07 -1.27483e-08 
1.65636 20.77 15749.4 7.2415e-08 2.37891e-07 1.94356e-07 -5.31047e-09 
1.65696 20.752 15755.1 8.5526e-08 2.1613e-07 1.93226e-07 5.53778e-09 
1.65756 20.7339 15760.8 7.87259e-08 2.1466e-07 2.00315e-07 7.66456e-10 
1.65817 20.7159 15766.5 4.64996e-08 2.37454e-07 2.16514e-07 1.08067e-08 
1.65877 20.6979 15772.2 -1.71893e-08 2.88306e-07 2.0772e-07 1.68693e-08 
1.65937 20.68 15777.9 -6.56641e-08 3.19903e-07 1.81324e-07 1.68662e-08 
1.65997 20.662 15783.6 -9.37386e-08 3.28866e-07 1.38016e-07 1.20726e-08 
1.66057 20.6441 15789.3 -8.12465e-08 2.9727e-07 1.05105e-07 1.60106e-09 
1.66117 20.6262 15795 -6.224e-08 2.61154e-07 9.51362e-08 4.05894e-09 
1.66177 20.6084 15800.7 -6.94964e-08 2.52567e-07 1.06913e-07 3.21969e-09 
1.66237 20.5905 15806.4 -1.01491e-07 2.67505e-07 1.22459e-07 1.48659e-08 
1.66297 20.5727 15812.1 -1.28463e-07 2.75783e-07 1.25165e-07 1.83985e-08 
1.66357 20.5549 15817.9 -1.39822e-07 2.67614e-07 9.51561e-08 8.16282e-09 
1.66417 20.5371 15823.6 -1.41656e-07 2.50173e-07 6.64795e-08 -2.0344e-09 
1.66477 20.5193 15829.3 -1.28551e-07 2.18914e-07 7.68156e-08 -7.66415e-09 
1.66537 20.5016 15835 -1.07782e-07 1.81939e-07 1.20144e-07 -2.82672e-09 
1.66597 20.4839 15840.7 -9.22538e-08 1.52093e-07 1.66099e-07 -2.34092e-09 
1.66657 20.4662 15846.4 -6.81579e-08 1.15607e-07 2.01477e-07 7.37787e-09 
1.66717 20.4485 15852.1 -4.21091e-08 7.9524e-08 2.09354e-07 3.17051e-09 
1.66777 20.4309 15857.8 -3.3298e-08 6.25609e-08 1.9883e-07 9.48015e-10 
1.66837 20.4133 15863.5 -5.72221e-08 7.78731e-08 1.86046e-07 1.11135e-08 
1.66897 20.3957 15869.2 -8.42588e-08 9.46525e-08 1.94883e-07 1.76237e-08 
1.66957 20.3781 15874.9 -9.33472e-08 9.24564e-08 2.01316e-07 2.47181e-08 
1.67017 20.3605 15880.6 -8.74284e-08 7.56464e-08 1.98341e-07 2.16677e-08 
1.67077 20.343 15886.3 -7.46147e-08 5.31434e-08 2.00062e-07 1.18249e-08 
1.67137 20.3255 15892 -7.39271e-08 4.36864e-08 2.08254e-07 1.00849e-09 
1.67197 20.308 15897.7 -8.41589e-08 4.50837e-08 2.144e-07 -1.21393e-08 
1.67257 20.2905 15903.4 -9.60024e-08 4.76691e-08 2.06142e-07 -7.55038e-09 
1.67317 20.2731 15909.2 -1.1971e-07 6.12426e-08 1.76263e-07 -1.23869e-08 
1.67377 20.2557 15914.9 -1.41074e-07 7.10835e-08 1.50977e-07 -1.33379e-08 
1.67437 20.2382 15920.6 -1.75003e-07 9.22184e-08 1.45087e-07 -1.08989e-08 
1.67497 20.2209 15926.3 -2.17456e-07 1.19297e-07 1.51832e-07 -1.27888e-08 
1.67557 20.2035 15932 -2.31001e-07 1.16055e-07 1.81808e-07 -1.44202e-08 
1.67617 20.1862 15937.7 -2.18069e-07 8.69956e-08 1.92172e-07 -1.43809e-08 
1.67677 20.1689 15943.4 -2.03352e-07 5.81184e-08 1.86571e-07 -2.20398e-08 
1.67737 20.1516 15949.1 -1.94017e-07 3.59682e-08 1.776e-07 -2.98632e-08 
1.67797 20.1343 15954.8 -1.88417e-07 1.86185e-08 1.68791e-07 -2.7584e-08 
1.67857 20.117 15960.5 -1.78884e-07 -1.46496e-09 1.46189e-07 -1.30603e-08 
1.67917 20.0998 15966.2 -1.75064e-07 -1.49335e-08 1.06126e-07 2.37885e-10 
1.67977 20.0826 15971.9 -1.73758e-07 -2.52345e-08 7.65999e-08 1.7949e-08 
1.68037 20.0654 15977.6 -1.8108e-07 -2.66877e-08 6.14977e-08 1.85108e-08 
1.68097 20.0482 15983.3 -1.85226e-07 -3.13717e-08 6.0017e-08 1.02119e-08 
1.68157 20.0311 15989 -1.70059e-07 -5.46068e-08 6.06038e-08 1.51667e-09 
1.68217 20.0139 15994.7 -1.35664e-07 -9.48375e-08 5.02253e-08 1.65466e-09 
1.68277 19.9968 16000.4 -1.04981e-07 -1.28485e-07 3.0495e-08 8.28557e-09 
1.68337 19.9797 16006.2 -8.13766e-08 -1.52887e-07 1.60726e-08 1.51882e-08 
1.68397 19.9626 16011.9 -6.70401e-08 -1.6658e-07 6.88356e-09 2.55639e-08 
1.68457 19.9456 16017.6 -4.57607e-08 -1.85822e-07 9.49531e-10 1.84916e-08 
1.68517 19.9286 16023.3 -3.5955e-08 -1.92323e-07 -7.05579e-09 9.35737e-09 
1.68577 19.9115 16029 -5.27482e-08 -1.72459e-07 8.70874e-10 6.76455e-09 
1.68637 19.8945 16034.7 -7.57386e-08 -1.48078e-07 3.84751e-08 -7.99969e-10 
1.68697 19.8776 16040.4 -8.90295e-08 -1.34554e-07 8.91888e-08 -1.42449e-09 
1.68757 19.8606 16046.1 -1.02173e-07 -1.22084e-07 1.21889e-07 -3.0401e-09 
1.68817 19.8437 16051.8 -1.07115e-07 -1.184e-07 1.51979e-07 -7.09877e-09 
1.68877 19.8268 16057.5 -1.09211e-07 -1.17459e-07 1.80569e-07 -8.80926e-09 
1.68937 19.8099 16063.2 -1.17206e-07 -1.11034e-07 1.93113e-07 -3.4936e-09 
1.68997 19.793 16068.9 -1.10788e-07 -1.18831e-07 2.07577e-07 2.77483e-09 
1.69057 19.7761 16074.6 -1.03939e-07 -1.26413e-07 2.04885e-07 8.56201e-09 
1.69117 19.7593 16080.3 -1.07852e-07 -1.22808e-07 2.03571e-07 8.70342e-09 
1.69177 19.7424 16086 -1.3593e-07 -9.62413e-08 2.08316e-07 1.01138e-08 
1.69237 19.7256 16091.7 -1.58934e-07 -7.64392e-08 2.33146e-07 -1.39574e-09 
1.69297 19.7088 16097.5 -1.75442e-07 -6.43485e-08 2.47647e-07 -1.86134e-09 
1.69357 19.6921 16103.2 -1.95227e-07 -4.99388e-08 2.50373e-07 -5.30938e-09 
1.69417 19.6753 16108.9 -2.16655e-07 -3.51496e-08 2.53843e-07 -1.19746e-08 
1.69477 19.6586 16114.6 -2.27673e-07 -3.15474e-08 2.61997e-07 -1.47119e-08 
1.69537 19.6419 16120.3 -2.17096e-07 -4.92652e-08 2.5742e-07 -1.98314e-08 
1.69597 19.6252 16126 -1.9827e-07 -7.36368e-08 2.39108e-07 -1.84821e-08 
1.69657 19.6085 16131.7 -1.78997e-07 -9.67572e-08 2.1886e-07 -1.22051e-08 
1.69717 19.5918 16137.4 -1.58918e-07 -1.18993e-07 2.12696e-07 2.43542e-09 
1.69777 19.5752 16143.1 -1.37109e-07 -1.41267e-07 2.14356e-07 8.15074e-09 
1.69837 19.5586 16148.8 -1.19739e-07 -1.57467e-07 2.19778e-07 1.26872e-08 
1.69897 19.5419 16154.5 -9.87205e-08 -1.75912e-07 2.32674e-07 7.23559e-09 
1.69957 19.5253 16160.2 -9.84866e-08 -1.72683e-07 2.47782e-07 -1.01783e-10 
1.70017 19.5088 16165.9 -1.05461e-07 -1.62641e-07 2.67733e-07 -2.49601e-09 
1.70077 19.4922 16171.6 -9.5191e-08 -1.69751e-07 2.89116e-07 -2.10993e-09 
1.70137 19.4757 16177.3 -8.1766e-08 -1.79011e-07 2.87372e-07 1.35752e-09 
1.70197 19.4592 16183 -8.11229e-08 -1.75175e-07 2.67685e-07 3.20493e-09 
1.70257 19.4426 16188.7 -6.65985e-08 -1.84686e-07 2.62158e-07 -3.38822e-09 
1.70317 19.4262 16194.5 -4.10611e-08 -2.03864e-07 2.45737e-07 -6.53466e-09 
1.70377 19.4097 16200.2 -9.22983e-09 -2.27404e-07 2.19241e-07 -6.79207e-09 
1.70437 19.3932 16205.9 1.57753e-08 -2.42136e-07 1.97379e-07 7.88035e-09 
1.70497 19.3768 16211.6 3.43464e-08 -2.49297e-07 1.85512e-07 1.67729e-08 
1.70557 19.3604 16217.3 5.36533e-08 -2.56069e-07 1.8724e-07 3.39395e-08 
1.70617 19.344 16223 6.33254e-08 -2.52626e-07 1.8075e-07 3.73383e-08 
1.70677 19.3276 16228.7 6.61383e-08 -2.42117e-07 1.7982e-07 3.09899e-08 
1.70737 19.3113 16234.4 5.1809e-08 -2.15421e-07 1.74155e-07 1.67002e-08 
1.70797 19.2949 16240.1 3.36782e-08 -1.86484e-07 1.73703e-07 -1.14824e-09 
1.70857 19.2786 16245.8 1.78348e-08 -1.6142e-07 1.65157e-07 -1.35191e-08 
1.70917 19.2623 16251.5 6.18894e-09 -1.41766e-07 1.48512e-07 -1.08271e-08 
1.70977 19.246 16257.2 -1.33806e-08 -1.15524e-07 1.27404e-07 -1.51911e-08 
1.71037 19.2298 16262.9 -2.95733e-08 -9.41931e-08 1.16256e-07 -2.06356e-08 
1.71097 19.2135 16268.6 -2.84586e-08 -9.09346e-08 1.11792e-07 -1.4478e-08 
1.71157 19.1973 16274.3 -2.07412e-08 -9.38585e-08 1.06634e-07 -3.87662e-09 
1.71217 19.1811 16280 -2.55382e-08 -8.43339e-08 1.01233e-07 6.06102e-10 
1.71277 19.1649 16285.8 -2.71675e-08 -7.83981e-08 1.17762e-07 -6.64133e-09 
1.71337 19.1488 16291.5 -1.85931e-08 -8.25364e-08 1.38408e-07 -8.36914e-09 
1.71397 19.1326 16297.2 -2.4379e-08 -7.21798e-08 1.44643e-07 -2.90942e-09 
1.71457 19.1165 16302.9 -3.15133e-08 -6.11609e-08 1.51111e-07 4.868e-09 
1.71517 19.1004 16308.6 -5.13601e-08 -3.84407e-08 1.55529e-07 1.0664e-09 
1.71578 19.0843 16314.3 -7.0296e-08 -1.81619e-08 1.51013e-07 1.15218e-09 
1.71638 19.0682 16320 -8.8186e-08 -2.66639e-10 1.3434e-07 2.31782e-08 
1.71698 19.0522 16325.7 -1.08644e-07 1.90378e-08 1.08983e-07 4.33579e-08 
1.71758 19.0361 16331.4 -1.33179e-07 4.06669e-08 7.70975e-08 3.41926e-08 
1.71818 19.0201 16337.1 -1.47683e-07 5.11141e-08 5.67449e-08 1.96416e-08 
1.71878 19.0042 16342.8 -1.48891e-07 4.7849e-08 3.19443e-08 8.26728e-09 
1.71938 18.9882 16348.5 -1.44463e-07 3.93574e-08 9.10675e-09 1.6364e-08 
1.71998 18.9722 16354.2 -1.41827e-07 3.3108e-08 -5.95503e-09 1.49348e-08 
1.72058 18.9563 16359.9 -1.28291e-07 1.65491e-08 -7.70298e-09 9.91973e-09 
1.72118 18.9404 16365.6 -1.03718e-07 -9.3165e-09 -2.51844e-09 9.16593e-09 
1.72178 18.9245 16371.3 -8.16526e-08 -3.10351e-08 -8.49634e-09 1.33158e-08 
1.72238 18.9086 16377 -6.99612e-08 -4.10232e-08 -6.40093e-09 9.19157e-09 
1.72298 18.8928 16382.8 -5.10159e-08 -5.73877e-08 -2.40994e-10 8.92067e-09 
1.72358 18.877 16388.5 -3.32488e-08 -7.11402e-08 2.63629e-09 1.11058e-08 
1.72418 18.8612 16394.2 -2.80663e-08 -7.16255e-08 -7.21522e-09 1.15121e-08 
1.72478 18.8454 16399.9 -2.60997e-08 -6.88731e-08 -9.73516e-09 1.43622e-08 
1.72538 18.8296 16405.6 -2.24513e-08 -6.76756e-08 -6.88729e-09 2.38357e-08 
1.72598 18.8139 16411.3 -2.04166e-08 -6.48439e-08 -8.78591e-09 2.39893e-08 
1.72658 18.7982 16417 -1.88329e-08 -6.1615e-08 -5.8077e-09 1.00617e-08 
1.72718 18.7825 16422.7 -1.41286e-08 -6.13109e-08 8.56816e-09 -4.88632e-10 
1.72778 18.7668 16428.4 -8.10978e-09 -6.23269e-08 2.28048e-08 2.41952e-09 
1.72838 18.7511 16434.1 1.16737e-08 -7.62069e-08 4.93679e-08 1.72085e-08 
1.72898 18.7355 16439.8 3.55969e-08 -9.28734e-08 6.96326e-08 2.23831e-08 
1.72958 18.7199 16445.5 5.11314e-08 -1.00014e-07 8.86263e-08 1.70332e-08 
1.73018 18.7043 16451.2 8.51198e-08 -1.24221e-07 1.16272e-07 1.53025e-08 
1.73078 18.6887 16456.9 1.16177e-07 -1.43523e-07 1.28174e-07 9.12779e-09 
1.73138 18.6731 16462.6 1.49741e-07 -1.63296e-07 1.33629e-07 3.70868e-09 
1.73198 18.6576 16468.3 1.6988e-07 -1.6847e-07 1.26208e-07 1.00246e-08 
1.73258 18.6421 16474 1.93514e-07 -1.76032e-07 1.25075e-07 8.77475e-09 
1.73318 18.6266 16479.8 2.20837e-07 -1.86178e-07 1.09975e-07 1.00203e-08 
1.73378 18.6111 16485.5 2.25951e-07 -1.73417e-07 8.52012e-08 1.1546e-08 
1.73438 18.5957 16491.2 2.32127e-07 -1.62215e-07 6.68654e-08 2.58609e-08 
1.73498 18.5802 16496.9 2.33525e-07 -1.4663e-07 5.42369e-08 2.88573e-08 
1.73558 18.5648 16502.6 2.33828e-07 -1.30435e-07 4.0894e-08 2.65714e-08 
1.73618 18.5494 16508.3 2.28175e-07 -1.09253e-07 2.76492e-08 1.72637e-08 
1.73678 18.534 16514 2.20055e-07 -8.66435e-08 2.70552e-08 1.65577e-08 
1.73738 18.5187 16519.7 2.21844e-07 -7.48405e-08 3.17757e-08 1.30628e-08 
1.73798 18.5033 16525.4 2.16145e-07 -5.62292e-08 3.23044e-08 7.46762e-09 
1.73858 18.488 16531.1 2.23369e-07 -5.09405e-08 4.12661e-08 3.66357e-09 
1.73918 18.4727 16536.8 2.18004e-07 -3.36612e-08 4.02379e-08 -3.55637e-09 
1.73978 18.4574 16542.5 2.28871e-07 -3.29168e-08 4.83236e-08 -1.24202e-08 
1.74038 18.4421 16548.2 2.49844e-07 -4.16981e-08 4.66718e-08 -7.64337e-09 
1.74098 18.4268 16553.9 2.61246e-07 -4.01319e-08 3.56984e-08 8.89202e-10 
1.74158 18.4116 16559.6 2.74845e-07 -4.06169e-08 2.804e-08 -5.931e-09 
1.74218 18.3964 16565.3 2.8854e-07 -4.07938e-08 2.43667e-08 -1.52651e-08 
1.74278 18.3812 16571.1 2.9184e-07 -3.0397e-08 1.33533e-08 -2.39567e-08 
1.74338 18.366 16576.8 2.88571e-07 -1.43286e-08 -2.80065e-09 -2.57021e-08 
1.74398 18.3508 16582.5 2.88284e-07 -1.79446e-09 -5.78256e-09 -1.79853e-08 
1.74458 18.3356 16588.2 3.02207e-07 -3.68091e-09 -1.12894e-08 -8.57609e-09 
1.74518 18.3205 16593.9 3.00472e-07 1.01049e-08 -1.70819e-08 3.23016e-10 
1.74578 18.3054 16599.6 2.86284e-07 3.53357e-08 -9.21175e-09 -5.74283e-09 
1.74638 18.2903 16605.3 2.5521e-07 7.50212e-08 1.00584e-09 -1.39426e-08 
1.74698 18.2752 16611 2.18356e-07 1.17951e-07 1.67948e-08 -1.44298e-08 
1.74758 18.2601 16616.7 1.8952e-07 1.49766e-07 1.00516e-08 -1.69338e-08 
1.74818 18.245 16622.4 1.75804e-07 1.64936e-07 7.1449e-09 -1.48959e-08 
1.74878 18.23 16628.1 1.86927e-07 1.54973e-07 2.03797e-09 -8.73102e-09 
1.74938 18.2149 16633.8 1.86417e-07 1.56867e-07 -4.17383e-09 2.90077e-09 
1.74998 18.1999 16639.5 1.71177e-07 1.73041e-07 3.15102e-09 7.91302e-09 
1.75058 18.1849 16645.2 1.27697e-07 2.1484e-07 -4.63197e-09 1.87988e-08 
1.75118 18.1699 16650.9 9.51085e-08 2.43087e-07 -1.20743e-08 1.84296e-08 
1.75178 18.1549 16656.6 9.69762e-08 2.35564e-07 -4.60303e-08 2.4863e-09 
1.75238 18.14 16662.3 1.1562e-07 2.12267e-07 -8.65136e-08 -1.29265e-08 
1.75298 18.125 16668.1 1.47673e-07 1.77442e-07 -1.05135e-07 -2.45775e-08 
1.75358 18.1101 16673.8 1.70087e-07 1.541e-07 -9.5147e-08 -2.57643e-08 
1.75418 18.0952 16679.5 1.59838e-07 1.64066e-07 -7.08707e-08 -2.32752e-08 
1.75478 18.0803 16685.2 1.34751e-07 1.86999e-07 -6.16759e-08 -1.82686e-08 
1.75538 18.0654 16690.9 1.17832e-07 2.0042e-07 -5.78921e-08 -1.31949e-08 
1.75598 18.0505 16696.6 1.19729e-07 1.94425e-07 -7.78705e-08 -1.6802e-08 
1.75658 18.0356 16702.3 1.13346e-07 1.96641e-07 -9.27916e-08 -7.80917e-09 
1.75718 18.0208 16708 1.08464e-07 1.97056e-07 -7.09858e-08 8.28676e-09 
1.75778 18.0059 16713.7 9.86951e-08 2.01712e-07 -3.28165e-08 2.1701e-08 
1.75838 17.9911 16719.4 9.32906e-08 2.01717e-07 4.41104e-09 2.92252e-08 
1.75898 17.9763 16725.1 8.43737e-08 2.04729e-07 1.03394e-08 2.91431e-08 
1.75958 17.9614 16730.8 5.86264e-08 2.23521e-07 -3.36904e-09 1.97732e-08 
1.76018 17.9467 16736.5 2.50934e-08 2.48259e-07 -1.9041e-08 9.06785e-09 
1.76078 17.9319 16742.2 -2.28599e-08 2.8453e-07 -4.23022e-08 1.01616e-08 
1.76138 17.9171 16747.9 -5.47355e-08 3.02397e-07 -5.15674e-08 9.01485e-09 
1.76198 17.9024 16753.6 -6.18183e-08 2.94258e-07 -6.94426e-08 8.12203e-09 
1.76258 17.8876 16759.4 -5.72035e-08 2.75048e-07 -8.31704e-08 8.14602e-09 
1.76318 17.8729 16765.1 -4.38905e-08 2.48337e-07 -8.982e-08 4.89487e-09 
1.76378 17.8582 16770.8 -5.88255e-08 2.50003e-07 -1.01713e-07 7.69065e-09 
1.76438 17.8435 16776.5 -5.80808e-08 2.36054e-07 -9.70706e-08 7.63051e-09 
1.76498 17.8288 16782.2 -5.55097e-08 2.20543e-07 -1.23967e-07 1.79048e-08 
1.76558 17.8141 16787.9 -6.49173e-08 2.1758e-07 -1.58015e-07 1.15674e-08 
1.76618 17.7995 16793.6 -6.94678e-08 2.09296e-07 -1.8548e-07 7.8484e-09 
1.76678 17.7849 16799.3 -8.11036e-08 2.0803e-07 -1.88274e-07 1.31795e-09 
1.76738 17.7702 16805 -7.32425e-08 1.87627e-07 -1.76514e-07 -8.0501e-10 
1.76798 17.7557 16810.7 -5.96953e-08 1.62371e-07 -1.75347e-07 -7.08455e-09 
1.76858 17.7411 16816.4 -2.70642e-08 1.20447e-07 -1.63611e-07 -4.8905e-09 
1.76918 17.7265 16822.1 -8.05991e-09 9.40247e-08 -1.76437e-07 -7.08754e-09 
1.76978 17.712 16827.8 -1.11677e-08 9.06619e-08 -1.84375e-07 -1.47712e-08 
1.77038 17.6974 16833.5 -1.33371e-08 8.62926e-08 -1.93202e-07 -9.02891e-09 
1.77098 17.6829 16839.2 -2.43585e-08 9.03269e-08 -2.19802e-07 -1.12154e-08 
1.77158 17.6684 16844.9 -3.52848e-08 9.41476e-08 -2.40777e-07 -6.68579e-09 
1.77218 17.654 16850.6 -6.15293e-08 1.11849e-07 -2.66474e-07 -8.09634e-09 
1.77279 17.6395 16856.4 -9.29237e-08 1.33192e-07 -2.5818e-07 -1.53214e-08 
1.77339 17.6251 16862.1 -9.99319e-08 1.28952e-07 -2.40745e-07 -2.21012e-08 
1.77399 17.6107 16867.8 -1.0378e-07 1.21678e-07 -2.30968e-07 -2.64153e-08 
1.77459 17.5963 16873.5 -1.00335e-07 1.07649e-07 -2.23805e-07 -1.22577e-08 
1.77519 17.5819 16879.2 -1.06662e-07 1.03496e-07 -2.19797e-07 -4.50953e-10 
1.77579 17.5675 16884.9 -1.17528e-07 1.03841e-07 -2.04865e-07 1.54156e-08 
1.77639 17.5532 16890.6 -1.27277e-07 1.02634e-07 -1.9535e-07 2.1398e-08 
1.77699 17.5389 16896.3 -1.4665e-07 1.10409e-07 -1.89909e-07 1.34813e-08 
1.77759 17.5246 16902 -1.5394e-07 1.05806e-07 -1.67998e-07 2.90438e-09 
1.77819 17.5103 16907.7 -1.81801e-07 1.20808e-07 -1.49942e-07 -6.61314e-09 
1.77879 17.4961 16913.4 -2.04441e-07 1.29452e-07 -1.06194e-07 -7.09264e-09 
1.77939 17.4818 16919.1 -1.96253e-07 1.07037e-07 -6.15126e-08 -6.26967e-09 
1.77999 17.4676 16924.8 -1.87228e-07 8.51837e-08 -3.4255e-08 6.59339e-10 
1.78059 17.4534 16930.5 -1.67081e-07 5.37614e-08 -1.73741e-08 3.41054e-09 
1.78119 17.4393 16936.2 -1.56067e-07 3.27513e-08 -1.03552e-08 -2.15741e-09 
1.78179 17.4251 16941.9 -1.29039e-07 -2.25696e-09 3.89702e-09 4.40248e-09 
1.78239 17.411 16947.7 -1.06275e-07 -3.12348e-08 -1.28143e-08 -3.03039e-09 
1.78299 17.3969 16953.4 -9.29008e-08 -4.89487e-08 -2.57674e-08 3.81622e-09 
1.78359 17.3829 16959.1 -8.64338e-08 -5.90683e-08 -3.9432e-08 -4.08499e-10 
1.78419 17.3688 16964.8 -9.74235e-08 -5.17489e-08 -4.3519e-08 3.23141e-09 
1.78479 17.3548 16970.5 -9.14189e-08 -6.12484e-08 -3.22562e-08 3.54813e-09 
1.78539 17.3408 16976.2 -9.36022e-08 -6.25254e-08 -3.9634e-08 5.73856e-09 
1.78599 17.3268 16981.9 -8.63765e-08 -7.25214e-08 -3.29545e-08 1.8659e-08 
1.78659 17.3129 16987.6 -8.24069e-08 -7.89191e-08 -3.69702e-08 1.67905e-08 
1.78719 17.299 16993.3 -7.98475e-08 -8.35187e-08 -3.81977e-08 2.24039e-08 
1.78779 17.2851 16999 -5.70093e-08 -1.07301e-07 -3.89557e-08 1.65901e-08 
1.78839 17.2712 17004.7 -4.17847e-08 -1.22175e-07 -5.99849e-08 7.18197e-09 
1.78899 17.2574 17010.4 -4.12249e-08 -1.2142e-07 -7.07e-08 2.02889e-09 
1.78959 17.2436 17016.1 -4.78807e-08 -1.14081e-07 -7.75354e-08 -2.24321e-09 
1.79019 17.2298 17021.8 -5.67983e-08 -1.04719e-07 -6.33988e-08 -4.56485e-10 
1.79079 17.216 17027.5 -6.43584e-08 -9.72398e-08 -5.65344e-08 -5.48997e-09 
1.79139 17.2022 17033.2 -9.69968e-08 -6.6028e-08 -5.29761e-08 -4.30971e-09 
1.79199 17.1885 17038.9 -1.19193e-07 -4.69984e-08 -2.99601e-08 -1.87252e-08 
1.79259 17.1748 17044.7 -1.41909e-07 -2.891e-08 -1.56943e-08 -1.88413e-08 
1.79319 17.1611 17050.4 -1.58284e-07 -1.81589e-08 -1.07973e-08 -1.52897e-08 
1.79379 17.1474 17056.1 -1.5942e-07 -2.30212e-08 -1.55775e-08 -1.71112e-08 
1.79439 17.1338 17061.8 -1.67081e-07 -2.13278e-08 -3.13849e-08 -9.42742e-09 
1.79499 17.1201 17067.5 -1.66561e-07 -2.77477e-08 -4.51311e-08 -1.33826e-08 
1.79559 17.1065 17073.2 -1.5436e-07 -4.52412e-08 -6.02825e-08 -1.20107e-08 
1.79619 17.0929 17078.9 -1.46556e-07 -5.72186e-08 -7.91356e-08 -1.32202e-08 
1.79679 17.0793 17084.6 -1.38741e-07 -6.84078e-08 -9.24643e-08 -1.76199e-08 
1.79739 17.0657 17090.3 -1.4674e-07 -6.37511e-08 -1.0049e-07 -6.42473e-09 
1.79799 17.0521 17096 -1.4869e-07 -6.51084e-08 -8.86009e-08 4.19342e-09 
1.79859 17.0385 17101.7 -1.45237e-07 -7.18582e-08 -8.50342e-08 3.03225e-08 
1.79919 17.025 17107.4 -1.5528e-07 -6.47435e-08 -7.89234e-08 2.21822e-08 
1.79979 17.0114 17113.1 -1.60905e-07 -6.28066e-08 -7.77264e-08 1.52426e-08 
1.80039 16.9979 17118.8 -1.64752e-07 -6.26366e-08 -6.69922e-08 1.19947e-08 
1.80099 16.9844 17124.5 -1.42216e-07 -8.78227e-08 -6.03754e-08 1.04515e-08 
1.80159 16.9708 17130.2 -1.35134e-07 -9.67385e-08 -8.2445e-08 1.05683e-08 
1.80219 16.9573 17136 -1.14251e-07 -1.17835e-07 -7.61107e-08 -2.14769e-09 
1.80279 16.9438 17141.7 -8.77308e-08 -1.43395e-07 -8.49132e-08 -1.19508e-09 
1.80339 16.9303 17147.4 -6.1712e-08 -1.66199e-07 -7.86885e-08 4.29273e-09 
1.80399 16.9168 17153.1 -3.13871e-08 -1.9165e-07 -8.09125e-08 1.04695e-08 
1.80459 16.9032 17158.8 -1.39061e-08 -2.02543e-07 -7.18251e-08 -6.69644e-09 
1.80519 16.8897 17164.5 7.87431e-10 -2.09777e-07 -5.8839e-08 -1.42202e-08 
1.80579 16.8762 17170.2 5.56997e-09 -2.0679e-07 -4.7778e-08 4.08427e-09 
1.80639 16.8627 17175.9 1.73098e-08 -2.10083e-07 -3.05075e-08 7.65759e-09 
1.80699 16.8492 17181.6 1.1897e-08 -1.96481e-07 -3.76563e-08 1.64482e-08 
1.80759 16.8357 17187.3 -1.0571e-09 -1.76146e-07 -3.94489e-08 4.43656e-09 
1.80819 16.8221 17193 -4.61616e-10 -1.69935e-07 -4.04262e-08 5.65165e-09 
1.80879 16.8086 17198.7 -8.85066e-10 -1.62953e-07 -5.92675e-08 6.32234e-09 
1.80939 16.7951 17204.4 -3.47317e-09 -1.5403e-07 -8.14682e-08 3.17544e-09 
1.80999 16.7815 17210.1 -7.20461e-09 -1.44249e-07 -9.58403e-08 -6.79622e-09 
1.81059 16.768 17215.8 3.55354e-09 -1.49154e-07 -1.05711e-07 -1.69988e-08 
1.81119 16.7544 17221.5 1.17782e-08 -1.50768e-07 -1.09183e-07 -2.15169e-08 
1.81179 16.7409 17227.2 2.04178e-08 -1.52436e-07 -1.11633e-07 -2.49943e-08 
1.81239 16.7273 17233 1.95744e-08 -1.44625e-07 -1.02378e-07 -1.52356e-08 
1.81299 16.7137 17238.7 2.71943e-08 -1.45257e-07 -7.89976e-08 7.38036e-09 
1.81359 16.7001 17244.4 1.89512e-08 -1.30173e-07 -6.17621e-08 5.77101e-09 
1.81419 16.6865 17250.1 1.53686e-08 -1.2025e-07 -3.79387e-08 1.44195e-08 
1.81479 16.6729 17255.8 -2.97234e-09 -9.68448e-08 -2.56523e-08 2.17699e-08 
1.81539 16.6592 17261.5 -2.97557e-08 -6.61738e-08 -5.31168e-11 1.53461e-08 
1.81599 16.6456 17267.2 -3.89585e-08 -5.48611e-08 1.21363e-08 7.17766e-09 
1.81659 16.6319 17272.9 -6.57885e-08 -2.69383e-08 2.03124e-08 -1.41774e-08 
1.81719 16.6182 17278.6 -8.50006e-08 -8.13502e-09 2.84412e-08 -1.06411e-08 
1.81779 16.6045 17284.3 -1.05946e-07 1.0867e-08 3.5634e-08 -9.69865e-09 
1.81839 16.5908 17290 -1.07322e-07 9.80385e-09 5.32948e-08 9.23966e-09 
1.81899 16.577 17295.7 -1.12369e-07 1.22657e-08 5.73328e-08 8.06608e-09 
1.81959 16.5632 17301.4 -1.19254e-07 1.64952e-08 7.12636e-08 1.3931e-08 
1.82019 16.5495 17307.1 -1.07636e-07 2.11445e-09 8.83556e-08 1.0505e-08 
1.82079 16.5357 17312.8 -1.02577e-07 -4.63368e-09 1.08455e-07 3.87208e-09 
1.82139 16.5219 17318.5 -8.82683e-08 -1.99423e-08 1.19038e-07 1.96197e-08 
1.82199 16.508 17324.2 -8.38336e-08 -2.478e-08 1.26482e-07 2.44783e-08 
1.82259 16.4942 17330 -7.80252e-08 -3.04977e-08 1.35996e-07 2.60153e-08 
1.82319 16.4804 17335.7 -7.01353e-08 -3.77438e-08 1.37931e-07 1.50134e-08 
1.82379 16.4665 17341.4 -6.60745e-08 -4.08246e-08 1.27199e-07 2.01766e-08 
1.82439 16.4527 17347.1 -7.60541e-08 -3.00025e-08 1.11619e-07 1.14174e-08 
1.82499 16.4389 17352.8 -7.45851e-08 -3.08561e-08 1.02469e-07 1.04907e-08 
1.82559 16.425 17358.5 -8.06996e-08 -2.43875e-08 8.21251e-08 7.56249e-09 
1.82619 16.4112 17364.2 -8.21642e-08 -2.26954e-08 6.69163e-08 5.28812e-09 
1.82679 16.3973 17369.9 -8.54959e-08 -1.92275e-08 5.40056e-08 -7.09733e-10 
1.82739 16.3835 17375.6 -8.48403e-08 -1.9873e-08 4.7728e-08 1.61982e-09 
1.82799 16.3697 17381.3 -7.20481e-08 -3.22483e-08 4.93569e-08 -8.96719e-10 
1.82859 16.3559 17387 -5.73935e-08 -4.52737e-08 5.62659e-08 -1.62545e-09 
1.82919 16.342 17392.7 -4.0096e-08 -6.00283e-08 6.17947e-08 -1.24696e-08 
1.8298 16.3282 17398.4 -2.2294e-08 -7.42892e-08 7.53616e-08 -1.40329e-08 
1.8304 16.3145 17404.1 1.07141e-08 -1.01829e-07 9.97559e-08 -5.60946e-10 
1.831 16.3007 17409.8 3.16663e-08 -1.15875e-07 1.02217e-07 4.87979e-09 
1.8316 16.287 17415.5 5.1158e-08 -1.2722e-07 1.13621e-07 2.49332e-08 
1.8322 16.2732 17421.3 8.06751e-08 -1.47293e-07 1.23967e-07 2.25537e-08 
1.8328 16.2595 17427 1.05272e-07 -1.60812e-07 1.25869e-07 3.2821e-08 
1.8334 16.2458 17432.7 1.23913e-07 -1.67305e-07 1.20642e-07 2.07972e-08 
1.834 16.2322 17438.4 1.29726e-07 -1.60623e-07 1.16566e-07 2.8509e-08 
1.8346 16.2185 17444.1 1.35566e-07 -1.5386e-07 1.20361e-07 3.31916e-08 
1.8352 16.2049 17449.8 1.34691e-07 -1.40875e-07 1.11655e-07 2.95496e-08 
1.8358 16.1913 17455.5 1.36123e-07 -1.30425e-07 1.09486e-07 2.37717e-08 
1.8364 16.1778 17461.2 1.41597e-07 -1.24288e-07 1.04675e-07 1.32693e-08 
1.837 16.1643 17466.9 1.54579e-07 -1.25499e-07 1.06748e-07 1.56021e-08 
1.8376 16.1508 17472.6 1.60327e-07 -1.19046e-07 1.14579e-07 1.18825e-08 
1.8382 16.1373 17478.3 1.55132e-07 -1.02173e-07 1.21567e-07 1.91615e-08 
1.8388 16.1239 17484 1.42474e-07 -7.89224e-08 1.34024e-07 2.25463e-08 
1.8394 16.1106 17489.7 1.42516e-07 -6.92263e-08 1.43396e-07 1.05656e-08 
1.84 16.0972 17495.4 1.67342e-07 -8.39073e-08 1.40932e-07 4.66478e-09 
1.8406 16.0839 17501.1 1.98719e-07 -1.0352e-07 1.29055e-07 2.23339e-10 
1.8412 16.0707 17506.8 2.30169e-07 -1.21515e-07 1.22316e-07 -4.52163e-09 
1.8418 16.0575 17512.5 2.50558e-07 -1.27256e-07 1.26366e-07 5.78524e-10 
1.8424 16.0444 17518.3 2.43522e-07 -1.05471e-07 1.3171e-07 3.26979e-09 
1.843 16.0313 17524 2.25692e-07 -7.47122e-08 1.20619e-07 8.99604e-09 
1.8436 16.0182 17529.7 2.28962e-07 -6.59374e-08 1.12201e-07 8.95114e-09 
1.8442 16.0052 17535.4 2.56897e-07 -8.13414e-08 8.34768e-08 1.37718e-08 
1.8448 15.9923 17541.1 2.80956e-07 -9.14442e-08 5.8063e-08 1.40813e-08 
1.8454 15.9794 17546.8 2.93312e-07 -8.91733e-08 5.83122e-08 4.55579e-09 
1.846 15.9666 17552.5 2.78746e-07 -6.06357e-08 8.33415e-08 -3.27425e-09 
1.8466 15.9538 17558.2 2.48983e-07 -1.90195e-08 1.10045e-07 -1.09809e-08 
1.8472 15.9411 17563.9 2.19328e-07 1.99015e-08 1.19123e-07 -7.99182e-09 
1.8478 15.9284 17569.6 2.00514e-07 4.59734e-08 1.09171e-07 -3.93056e-09 
1.8484 15.9159 17575.3 1.9285e-07 5.96359e-08 9.24671e-08 5.73233e-09 
1.849 15.9034 17581 1.86459e-07 7.13583e-08 9.04026e-08 1.0197e-08 
1.8496 15.8909 17586.7 1.77817e-07 8.44927e-08 1.04619e-07 -2.21972e-09 
1.8502 15.8785 17592.4 1.70332e-07 9.56358e-08 1.27006e-07 -9.52869e-09 
1.8508 15.8662 17598.1 1.74715e-07 9.45556e-08 1.38112e-07 -1.33452e-08 
1.8514 15.8539 17603.8 1.7379e-07 9.88269e-08 1.24271e-07 -1.2418e-08 
1.852 15.8417 17609.6 1.55325e-07 1.19697e-07 9.04639e-08 -3.37409e-09 
1.8526 15.8296 17615.3 1.36668e-07 1.3928e-07 6.53628e-08 4.33484e-09 
1.8532 15.8175 17621 1.2742e-07 1.48284e-07 4.18201e-08 5.2395e-09 
1.8538 15.8055 17626.7 1.38086e-07 1.37371e-07 1.91803e-08 -1.30969e-10 
1.8544 15.7935 17632.4 1.54706e-07 1.21337e-07 -5.14506e-09 -3.40633e-09 
1.855 15.7815 17638.1 1.76158e-07 1.01581e-07 -1.72056e-08 -9.28349e-09 
1.8556 15.7696 17643.8 1.84404e-07 9.60432e-08 -1.63032e-08 -1.22065e-08 
1.8562 15.7578 17649.5 1.74086e-07 1.086e-07 -2.07065e-08 -1.54458e-08 
1.8568 15.746 17655.2 1.65625e-07 1.1848e-07 -2.10752e-08 -2.06891e-08 
1.8574 15.7342 17660.9 1.57995e-07 1.26919e-07 -3.43891e-08 -2.51777e-08 
1.858 15.7225 17666.6 1.36083e-07 1.48503e-07 -5.88096e-08 -2.81407e-08 
1.8586 15.7108 17672.3 1.104e-07 1.72153e-07 -6.51464e-08 -1.9141e-08 
1.8592 15.6992 17678 8.98452e-08 1.89087e-07 -5.1552e-08 -1.36488e-08 
1.8598 15.6876 17683.7 8.27641e-08 1.9155e-07 -3.40914e-08 -8.86014e-09 
1.8604 15.676 17689.4 8.38889e-08 1.85866e-07 -1.73974e-08 -2.8726e-09 
1.861 15.6645 17695.1 7.76087e-08 1.87421e-07 -1.31766e-08 -3.23973e-09 
1.8616 15.6529 17700.8 5.68107e-08 2.02743e-07 -6.31416e-09 -3.77281e-09 
1.8622 15.6415 17706.6 3.69637e-08 2.15739e-07 -1.69867e-09 -4.84374e-10 
1.8628 15.63 17712.3 9.02612e-09 2.35468e-07 -6.87707e-09 -1.50066e-09 
1.8634 15.6186 17718 -9.65196e-09 2.44536e-07 -1.90719e-08 -2.86661e-09 
1.864 15.6071 17723.7 -2.82634e-08 2.52539e-07 -2.83679e-08 -2.70617e-09 
1.8646 15.5957 17729.4 -4.39563e-08 2.56885e-07 -2.32909e-08 -2.92466e-09 
1.8652 15.5844 17735.1 -5.47173e-08 2.55563e-07 -8.39825e-09 4.13636e-10 
1.8658 15.573 17740.8 -4.41829e-08 2.33307e-07 2.02267e-08 1.12356e-08 
1.8664 15.5617 17746.5 -2.07295e-08 1.99689e-07 4.14485e-08 2.48784e-08 
1.867 15.5503 17752.2 -1.08167e-08 1.81073e-07 4.95209e-08 2.80118e-08 
1.8676 15.539 17757.9 -7.96496e-09 1.70087e-07 6.10196e-08 2.57619e-08 
1.8682 15.5277 17763.6 -5.213e-09 1.5959e-07 7.71318e-08 2.17993e-08 
1.8688 15.5164 17769.3 -1.71906e-09 1.48815e-07 8.38494e-08 1.60941e-08 
1.8694 15.5051 17775 -9.23534e-09 1.4914e-07 8.09167e-08 8.55581e-09 
1.87 15.4939 17780.7 -1.51129e-08 1.47493e-07 8.5916e-08 6.94246e-09 
1.8706 15.4826 17786.4 -2.44252e-08 1.49097e-07 1.01654e-07 4.01585e-09 
1.8712 15.4713 17792.1 -2.93532e-08 1.45945e-07 1.14866e-07 -5.50311e-09 
1.8718 15.46 17797.9 -1.77782e-08 1.2675e-07 1.28451e-07 -1.28084e-08 
1.8724 15.4487 17803.6 -9.74021e-09 1.12132e-07 1.26947e-07 -2.04673e-08 
1.873 15.4375 17809.3 -8.00634e-09 1.0425e-07 1.12045e-07 -1.84287e-08 
1.8736 15.4262 17815 -1.49199e-08 1.05057e-07 9.72721e-08 -4.18349e-09 
1.8742 15.4149 17820.7 -2.13873e-08 1.05116e-07 7.54527e-08 1.02066e-08 
1.8748 15.4036 17826.4 -3.05865e-08 1.07632e-07 4.51414e-08 1.94894e-08 
1.8754 15.3923 17832.1 -5.1279e-08 1.20961e-07 1.18597e-08 2.39133e-08 
1.876 15.3809 17837.8 -8.69482e-08 1.47542e-07 -1.48351e-08 2.00198e-08 
1.8766 15.3696 17843.5 -1.10017e-07 1.59841e-07 -1.96081e-08 1.02938e-08 
1.8772 15.3583 17849.2 -1.23431e-07 1.6169e-07 -2.23024e-08 1.69613e-09 
1.8778 15.3469 17854.9 -1.33386e-07 1.59775e-07 -2.98122e-08 -1.21764e-09 
1.8784 15.3355 17860.6 -1.43731e-07 1.57906e-07 -3.5916e-08 -2.18674e-09 
1.879 15.3241 17866.3 -1.40009e-07 1.42216e-07 -3.05981e-08 -1.89749e-10 
1.8796 15.3127 17872 -1.34595e-07 1.25516e-07 -3.53839e-08 -3.07562e-09 
1.8802 15.3012 17877.7 -1.26007e-07 1.06595e-07 -4.43287e-08 -3.91963e-09 
1.8808 15.2897 17883.4 -1.19556e-07 9.0571e-08 -5.81916e-08 -7.02165e-09 
1.8814 15.2782 17889.1 -1.19839e-07 8.19591e-08 -6.43247e-08 -4.86417e-09 
1.882 15.2667 17894.9 -1.26656e-07 7.98583e-08 -6.92851e-08 -1.2633e-08 
1.8826 15.2552 17900.6 -1.29906e-07 7.41436e-08 -6.4779e-08 -1.91603e-08 
1.8832 15.2437 17906.3 -1.25043e-07 6.07796e-08 -5.72034e-08 -2.29663e-08 
1.8838 15.2321 17912 -1.27348e-07 5.49753e-08 -5.69146e-08 -2.1558e-08 
1.8844 15.2205 17917.7 -1.3076e-07 5.03464e-08 -5.28865e-08 -1.43058e-08 
1.885 15.209 17923.4 -1.14947e-07 2.71214e-08 -4.46741e-08 -5.77032e-09 
1.8856 15.1974 17929.1 -9.27649e-08 -8.23587e-10 -4.91896e-08 -3.42279e-09 
1.8862 15.1857 17934.8 -7.47173e-08 -2.30925e-08 -7.06651e-08 1.77496e-09 
1.88681 15.1741 17940.5 -6.08938e-08 -3.99293e-08 -8.97083e-08 8.89919e-09 
1.88741 15.1625 17946.2 -4.64557e-08 -5.63932e-08 -1.0556e-07 -4.60518e-10 
1.88801 15.1509 17951.9 -2.68178e-08 -7.67644e-08 -1.1914e-07 -1.23123e-08 
1.88861 15.1392 17957.6 -2.72455e-08 -7.63014e-08 -1.39329e-07 -1.38116e-08 
1.88921 15.1276 17963.3 -3.45106e-08 -6.93644e-08 -1.49333e-07 -1.6898e-10 
1.88981 15.1159 17969 -4.31843e-08 -6.14185e-08 -1.4046e-07 9.20277e-09 
1.89041 15.1042 17974.7 -5.62022e-08 -4.97944e-08 -1.33916e-07 5.91051e-09 
1.89101 15.0926 17980.4 -6.93393e-08 -3.88507e-08 -1.27015e-07 -7.08217e-11 
1.89161 15.0809 17986.2 -7.96537e-08 -3.13243e-08 -1.17336e-07 5.04772e-09 
1.89221 15.0692 17991.9 -9.24142e-08 -2.19947e-08 -1.12718e-07 1.4666e-08 
1.89281 15.0575 17997.6 -9.98765e-08 -1.8512e-08 -1.09598e-07 1.71712e-08 
1.89341 15.0459 18003.3 -9.41698e-08 -2.80318e-08 -1.07937e-07 9.31617e-09 
1.89401 15.0342 18009 -9.23108e-08 -3.32497e-08 -1.17966e-07 1.54045e-08 
1.89461 15.0225 18014.7 -9.83273e-08 -3.05209e-08 -1.27745e-07 2.25149e-08 
1.89521 15.0108 18020.4 -9.91742e-08 -3.31977e-08 -1.30471e-07 1.68138e-08 
1.89581 14.9991 18026.1 -9.95033e-08 -3.60832e-08 -1.26156e-07 6.2361e-09 
1.89641 14.9875 18031.8 -1.05733e-07 -3.31792e-08 -1.30437e-07 -2.15618e-09 
1.89701 14.9758 18037.5 -1.2584e-07 -1.70758e-08 -1.2917e-07 -1.85976e-09 
1.89761 14.9641 18043.2 -1.3725e-07 -1.05671e-08 -1.17285e-07 5.29498e-09 
1.89821 14.9525 18048.9 -1.51711e-07 -1.62267e-09 -1.09873e-07 5.07414e-09 
1.89881 14.9408 18054.6 -1.59565e-07 2.97617e-10 -1.07149e-07 3.24762e-09 
1.89941 14.9292 18060.3 -1.70781e-07 5.12273e-09 -1.12456e-07 -5.55323e-09 
1.90001 14.9176 18066 -1.74106e-07 1.92159e-09 -1.13286e-07 -1.75052e-08 
1.90061 14.9059 18071.7 -1.66065e-07 -1.23137e-08 -1.19333e-07 -2.15423e-08 
1.90121 14.8943 18077.4 -1.53152e-07 -3.03684e-08 -1.2771e-07 -1.17682e-08 
1.90181 14.8827 18083.2 -1.37512e-07 -4.99965e-08 -1.37976e-07 -7.06592e-09 
1.90241 14.8711 18088.9 -1.2056e-07 -6.97607e-08 -1.41744e-07 -9.13438e-09 
1.90301 14.8596 18094.6 -1.01491e-07 -9.0198e-08 -1.33935e-07 -5.39321e-09 
1.90361 14.848 18100.3 -8.02888e-08 -1.11508e-07 -1.26296e-07 3.96373e-09 
1.90421 14.8364 18106 -6.29566e-08 -1.27435e-07 -1.07782e-07 6.87477e-09 
1.90481 14.8249 18111.7 -6.04531e-08 -1.27984e-07 -9.28508e-08 3.96455e-09 
1.90541 14.8134 18117.4 -5.34151e-08 -1.32842e-07 -6.54584e-08 -2.62757e-10 
1.90601 14.8019 18123.1 -4.41322e-08 -1.39282e-07 -3.69085e-08 -3.86293e-09 
1.90661 14.7904 18128.8 -4.61298e-08 -1.34331e-07 -2.60102e-08 -4.40339e-09 
1.90721 14.7789 18134.5 -5.00451e-08 -1.27635e-07 -1.11391e-08 -4.39892e-09 
1.90781 14.7675 18140.2 -4.50189e-08 -1.30014e-07 7.70873e-10 -3.78248e-09 
1.90841 14.7561 18145.9 -3.86053e-08 -1.33308e-07 6.56425e-09 -2.55288e-09 
1.90901 14.7447 18151.6 -3.04546e-08 -1.37943e-07 1.24089e-09 -7.11364e-09 
1.90961 14.7333 18157.3 -2.27416e-08 -1.41744e-07 -3.6905e-09 -7.29691e-09 
1.91021 14.7219 18163 -9.0866e-09 -1.50802e-07 -3.13922e-09 3.35587e-09 
1.91081 14.7106 18168.7 8.05643e-09 -1.62519e-07 -6.67711e-09 4.60062e-09 
1.91141 14.6993 18174.4 2.05703e-08 -1.6869e-07 -9.24521e-09 -4.71619e-09 
1.91201 14.688 18180.2 3.12078e-08 -1.72418e-07 -9.56646e-09 -6.26424e-09 
1.91261 14.6767 18185.9 3.42712e-08 -1.68376e-07 -8.07204e-09 -7.38507e-09 
1.91321 14.6655 18191.6 3.96459e-08 -1.66451e-07 -1.25483e-09 2.14629e-09 
1.91381 14.6542 18197.3 3.69778e-08 -1.56702e-07 -5.01157e-09 9.65959e-09 
1.91441 14.643 18203 2.34649e-08 -1.36651e-07 -6.91591e-09 1.93328e-08 
1.91501 14.6318 18208.7 1.0679e-08 -1.18554e-07 -1.37105e-08 1.55958e-08 
1.91561 14.6206 18214.4 -6.44434e-09 -9.70828e-08 -1.80077e-08 7.70908e-09 
1.91621 14.6095 18220.1 -1.60682e-08 -8.40961e-08 -2.89132e-08 2.05111e-09 
1.91681 14.5984 18225.8 -4.01405e-08 -5.78206e-08 -4.54568e-08 6.75182e-09 
1.91741 14.5872 18231.5 -5.376e-08 -4.3234e-08 -5.16726e-08 1.22469e-08 
1.91801 14.5761 18237.2 -5.95355e-08 -3.7211e-08 -5.58219e-08 1.48753e-08 
1.91861 14.5651 18242.9 -6.6278e-08 -3.03561e-08 -5.63101e-08 1.61214e-08 
1.91921 14.554 18248.6 -7.37426e-08 -2.33984e-08 -5.91408e-08 1.72953e-08 
1.91981 14.543 18254.3 -7.26812e-08 -2.50877e-08 -4.4028e-08 7.91807e-09 
1.92041 14.5319 18260 -6.48678e-08 -3.30585e-08 -2.50031e-08 -2.00742e-09 
1.92101 14.5209 18265.7 -6.47064e-08 -3.32341e-08 -1.52803e-08 -1.17281e-08 
1.92161 14.5099 18271.5 -6.00456e-08 -3.7528e-08 8.93871e-09 -2.63843e-08 
1.92221 14.4989 18277.2 -6.23809e-08 -3.48973e-08 2.43437e-08 -3.51817e-08 
1.92281 14.488 18282.9 -6.39606e-08 -3.3012e-08 4.35818e-08 -2.89467e-08 
1.92341 14.477 18288.6 -6.58435e-08 -3.09288e-08 5.40498e-08 -1.83409e-08 
1.92401 14.4661 18294.3 -7.62432e-08 -2.07334e-08 5.58264e-08 -7.25662e-09 
1.92461 14.4552 18300 -8.19962e-08 -1.55907e-08 5.9821e-08 -7.98121e-11 
1.92521 14.4443 18305.7 -8.55648e-08 -1.30137e-08 5.5789e-08 1.57673e-09 
1.92581 14.4334 18311.4 -9.54426e-08 -4.25362e-09 5.24612e-08 5.05103e-09 
1.92641 14.4225 18317.1 -1.08864e-07 7.18553e-09 4.15558e-08 5.05896e-09 
1.92701 14.4116 18322.8 -1.21401e-07 1.70258e-08 3.98311e-08 1.17271e-08 
1.92761 14.4008 18328.5 -1.15854e-07 8.70352e-09 3.99388e-08 1.50665e-08 
1.92821 14.39 18334.2 -1.08554e-07 -8.90442e-10 3.08765e-08 6.77841e-09 
1.92881 14.3791 18339.9 -9.32813e-08 -1.75083e-08 2.97364e-08 -4.06051e-10 
1.92941 14.3683 18345.6 -7.30719e-08 -3.79676e-08 3.30942e-08 -7.62554e-09 
1.93001 14.3575 18351.3 -6.15487e-08 -4.85279e-08 4.37092e-08 -4.28664e-09 
1.93061 14.3468 18357 -5.52513e-08 -5.3344e-08 5.18134e-08 -2.71058e-09 
1.93121 14.336 18362.7 -5.09833e-08 -5.59843e-08 5.63472e-08 1.13382e-08 
1.93181 14.3252 18368.5 -2.41463e-08 -8.01012e-08 6.34135e-08 1.45125e-08 
1.93241 14.3145 18374.2 1.26647e-08 -1.12333e-07 5.16256e-08 1.32037e-08 
1.93301 14.3037 18379.9 4.03511e-08 -1.33266e-07 4.14608e-08 1.44061e-08 
1.93361 14.293 18385.6 6.1892e-08 -1.4679e-07 3.82968e-08 1.4378e-08 
1.93421 14.2823 18391.3 4.92353e-08 -1.25989e-07 4.29725e-08 1.22944e-08 
1.93481 14.2716 18397 3.82443e-08 -1.07968e-07 4.87476e-08 1.11688e-08 
1.93541 14.2609 18402.7 3.12966e-08 -9.49418e-08 4.14312e-08 6.05695e-09 
1.93601 14.2502 18408.4 4.32553e-08 -1.00627e-07 2.73227e-08 9.92216e-11 
1.93661 14.2395 18414.1 6.90902e-08 -1.1942e-07 2.76442e-09 -6.54625e-09 
1.93721 14.2288 18419.8 9.18098e-08 -1.33408e-07 4.27002e-09 -4.67156e-09 
1.93781 14.2182 18425.5 9.08281e-08 -1.2335e-07 1.37136e-08 -1.34821e-09 
1.93841 14.2075 18431.2 7.24395e-08 -9.69832e-08 3.79179e-08 -7.33517e-10 
1.93901 14.1969 18436.9 7.12385e-08 -8.86033e-08 6.81579e-08 -1.57088e-09 
1.93961 14.1862 18442.6 7.94515e-08 -8.98045e-08 6.31606e-08 2.81314e-09 
1.94021 14.1756 18448.3 9.13479e-08 -9.40689e-08 4.56523e-08 5.62732e-10 
1.94081 14.165 18454 1.15687e-07 -1.10091e-07 3.03093e-08 8.6853e-10 
1.94141 14.1543 18459.8 1.39535e-07 -1.24226e-07 3.713e-08 8.06281e-09 
1.94201 14.1437 18465.5 1.60669e-07 -1.34534e-07 4.75062e-08 4.37873e-09 
1.94261 14.1331 18471.2 1.7793e-07 -1.40311e-07 5.27389e-08 9.97119e-10 
1.94321 14.1225 18476.9 1.99626e-07 -1.49486e-07 5.65913e-08 8.8842e-10 
1.94382 14.1119 18482.6 2.09232e-07 -1.46091e-07 3.57923e-08 7.87096e-09 
1.94442 14.1014 18488.3 1.94783e-07 -1.19207e-07 1.02242e-08 1.21104e-08 
1.94502 14.0908 18494 1.93128e-07 -1.06228e-07 -3.21149e-09 1.71032e-08 
1.94562 14.0802 18499.7 1.98573e-07 -1.00669e-07 -1.17299e-08 2.26343e-08 
1.94622 14.0697 18505.4 2.13537e-07 -1.04179e-07 -1.72672e-08 9.89307e-09 
1.94682 14.0591 18511.1 2.23693e-07 -1.02683e-07 -2.31603e-08 1.72778e-10 
1.94742 14.0486 18516.8 2.22879e-07 -9.01207e-08 -4.77514e-09 -7.33673e-09 
1.94802 14.0381 18522.5 2.10946e-07 -6.73954e-08 1.62887e-08 -1.34809e-09 
1.94862 14.0275 18528.2 1.91512e-07 -3.86429e-08 3.69822e-08 6.21307e-09 
1.94922 14.017 18533.9 1.80429e-07 -1.94115e-08 5.38054e-08 1.63769e-08 
1.94982 14.0065 18539.6 1.6236e-07 5.41826e-09 5.02353e-08 3.1008e-08 
1.95042 13.996 18545.3 1.45815e-07 2.74847e-08 5.65183e-08 2.76538e-08 
1.95102 13.9856 18551 1.4123e-07 3.65941e-08 7.1952e-08 2.41818e-08 
1.95162 13.9751 18556.8 1.346e-07 4.71803e-08 9.15515e-08 2.3625e-08 
1.95222 13.9646 18562.5 1.55165e-07 3.08969e-08 1.19585e-07 2.02672e-08 
1.95282 13.9542 18568.2 1.69481e-07 2.17238e-08 1.32447e-07 1.99878e-08 
1.95342 13.9437 18573.9 1.71858e-07 2.50524e-08 1.43094e-07 1.87881e-08 
1.95402 13.9333 18579.6 1.6714e-07 3.48203e-08 1.44116e-07 1.94214e-08 
1.95462 13.9228 18585.3 1.5947e-07 4.71218e-08 1.52089e-07 1.38219e-08 
1.95522 13.9124 18591 1.64797e-07 4.60254e-08 1.43612e-07 1.33946e-08 
1.95582 13.902 18596.7 1.56229e-07 5.85924e-08 1.26748e-07 1.02933e-08 
1.95642 13.8916 18602.4 1.53912e-07 6.43778e-08 1.20461e-07 6.28586e-09 
1.95702 13.8812 18608.1 1.55534e-07 6.58822e-08 1.26301e-07 3.14754e-09 
1.95762 13.8709 18613.8 1.57184e-07 6.74674e-08 1.41212e-07 -5.3146e-09 
1.95822 13.8605 18619.5 1.70389e-07 5.76474e-08 1.50979e-07 -5.69587e-09 
1.95882 13.8501 18625.2 1.69946e-07 6.18183e-08 1.56232e-07 -6.18331e-09 
1.95942 13.8398 18630.9 1.6378e-07 7.13616e-08 1.56275e-07 9.60998e-10 
1.96002 13.8294 18636.6 1.39326e-07 9.78835e-08 1.48059e-07 8.73688e-09 
1.96062 13.8191 18642.3 1.16539e-07 1.212e-07 1.4382e-07 1.16623e-08 
1.96122 13.8088 18648.1 9.84823e-08 1.38307e-07 1.28409e-07 1.88128e-08 
1.96182 13.7985 18653.8 7.11507e-08 1.63319e-07 1.08074e-07 1.36204e-08 
1.96242 13.7882 18659.5 4.82303e-08 1.82313e-07 9.34974e-08 1.55718e-08 
1.96302 13.7779 18665.2 2.67191e-08 1.98405e-07 8.50158e-08 1.79198e-08 
1.96362 13.7676 18670.9 2.48237e-08 1.94395e-07 8.59784e-08 2.1369e-08 
1.96422 13.7574 18676.6 2.94499e-08 1.83992e-07 7.13763e-08 2.25975e-08 
1.96482 13.7471 18682.3 1.92825e-08 1.88483e-07 4.96809e-08 1.81822e-08 
1.96542 13.7369 18688 1.80349e-08 1.83641e-07 2.89269e-08 1.70012e-08 
1.96602 13.7267 18693.7 1.12717e-08 1.84264e-07 1.01194e-08 4.84907e-09 
1.96662 13.7164 18699.4 3.86167e-09 1.85283e-07 -1.6377e-08 9.46919e-09 
1.96722 13.7062 18705.1 -1.47643e-09 1.83815e-07 -4.45241e-08 4.98402e-09 
1.96782 13.696 18710.8 -1.20737e-08 1.8747e-07 -5.91499e-08 5.2866e-09 
1.96842 13.6859 18716.5 -1.93384e-08 1.87235e-07 -6.87802e-08 2.97943e-09 
1.96902 13.6757 18722.2 -2.05437e-08 1.80841e-07 -6.28065e-08 -2.8144e-09 
1.96962 13.6655 18727.9 -6.34342e-09 1.59758e-07 -4.87899e-08 -1.1761e-08 
1.97022 13.6554 18733.6 8.87109e-09 1.38657e-07 -4.3267e-08 -2.38136e-08 
1.97082 13.6452 18739.3 1.34662e-08 1.29121e-07 -3.39436e-08 -2.20385e-08 
1.97142 13.6351 18745.1 2.72311e-08 1.1088e-07 -2.5649e-08 -1.52924e-08 
1.97202 13.625 18750.8 3.44846e-08 1.00034e-07 -1.76592e-08 -4.84827e-09 
1.97262 13.6149 18756.5 4.22114e-08 8.93352e-08 -2.06816e-08 5.51808e-12 
1.97322 13.6048 18762.2 2.95214e-08 9.88039e-08 -3.44954e-08 -5.95679e-09 
1.97382 13.5947 18767.9 1.33875e-08 1.11047e-07 -3.30149e-08 -4.14749e-09 
1.97442 13.5847 18773.6 3.05952e-10 1.19155e-07 -3.44014e-08 -5.62673e-09 
1.97502 13.5746 18779.3 -1.57844e-08 1.29715e-07 -2.96087e-08 -5.24648e-09 
1.97562 13.5646 18785 -2.76236e-08 1.35186e-07 -3.30014e-08 -1.76806e-08 
1.97622 13.5546 18790.7 -4.43748e-08 1.44834e-07 -3.3112e-08 -1.68662e-08 
1.97682 13.5445 18796.4 -5.18149e-08 1.44678e-07 -2.9104e-08 -6.92564e-09 
1.97742 13.5345 18802.1 -5.21635e-08 1.37288e-07 -3.41071e-08 -1.05949e-08 
1.97802 13.5245 18807.8 -5.78002e-08 1.35385e-07 -4.51621e-08 -1.20272e-08 
1.97862 13.5146 18813.5 -5.56849e-08 1.25733e-07 -6.22306e-08 -2.41518e-08 
1.97922 13.5046 18819.2 -7.06799e-08 1.33103e-07 -7.86978e-08 -1.55604e-08 
1.97982 13.4946 18824.9 -8.11057e-08 1.35257e-07 -9.20343e-08 8.42877e-10 
1.98042 13.4847 18830.6 -8.65709e-08 1.32177e-07 -9.80427e-08 -1.98317e-10 
1.98102 13.4747 18836.4 -1.02358e-07 1.39188e-07 -1.03601e-07 -1.30981e-10 
1.98162 13.4648 18842.1 -1.20249e-07 1.47369e-07 -1.06657e-07 -3.28786e-09 
1.98222 13.4549 18847.8 -1.3363e-07 1.50345e-07 -9.33816e-08 8.6428e-09 
1.98282 13.445 18853.5 -1.30425e-07 1.36852e-07 -7.43181e-08 1.07674e-08 
1.98342 13.4351 18859.2 -1.3077e-07 1.27249e-07 -6.9738e-08 1.08009e-09 
1.98402 13.4252 18864.9 -1.26266e-07 1.13345e-07 -6.15392e-08 -2.36389e-09 
1.98462 13.4153 18870.6 -1.12822e-07 9.12459e-08 -5.57764e-08 -1.56706e-08 
1.98522 13.4055 18876.3 -9.76615e-08 6.86827e-08 -5.32029e-08 -1.39514e-08 
1.98582 13.3956 18882 -7.6156e-08 4.11997e-08 -5.78161e-08 -1.77073e-08 
1.98642 13.3858 18887.7 -6.58646e-08 2.60683e-08 -6.99793e-08 -1.08027e-08 
1.98702 13.3759 18893.4 -5.64261e-08 1.26427e-08 -7.42026e-08 -1.21883e-09 
1.98762 13.3661 18899.1 -5.04119e-08 3.18988e-09 -7.71401e-08 6.31137e-09 
1.98822 13.3563 18904.8 -4.83837e-08 -1.88084e-09 -7.72399e-08 1.59384e-08 
1.98882 13.3465 18910.5 -4.71189e-08 -5.89232e-09 -7.36849e-08 1.8617e-08 
1.98942 13.3367 18916.2 -5.61357e-08 1.22907e-10 -7.33949e-08 2.01538e-08 
1.99002 13.3269 18921.9 -6.13746e-08 2.12923e-09 -6.20398e-08 1.91575e-09 
1.99062 13.3172 18927.6 -5.94437e-08 -3.13183e-09 -5.5381e-08 -1.16391e-08 
1.99122 13.3074 18933.4 -5.89047e-08 -6.68942e-09 -5.22281e-08 -5.97436e-09 
1.99182 13.2977 18939.1 -5.56164e-08 -1.27276e-08 -5.36226e-08 -2.05252e-09 
1.99242 13.2879 18944.8 -5.93044e-08 -1.18591e-08 -6.00208e-08 9.21841e-09 
1.99302 13.2782 18950.5 -4.59525e-08 -2.74426e-08 -5.30787e-08 7.7974e-09 
1.99362 13.2685 18956.2 -4.07183e-08 -3.4338e-08 -6.06078e-08 1.07591e-08 
1.99422 13.2588 18961.9 -4.64952e-08 -3.00199e-08 -6.37628e-08 1.24e-08 
1.99482 13.2491 18967.6 -4.95926e-08 -2.87611e-08 -6.04973e-08 1.31846e-08 
1.99542 13.2394 18973.3 -5.57227e-08 -2.45767e-08 -4.66117e-08 2.12524e-08 
1.99602 13.2297 18979 -6.81387e-08 -1.45282e-08 -3.65118e-08 2.21125e-08 
1.99662 13.22 18984.7 -8.45083e-08 -1.46657e-09 -2.78724e-08 2.33761e-08 
1.99722 13.2104 18990.4 -1.03955e-07 1.38646e-08 -9.52019e-09 1.32036e-08 
1.99782 13.2007 18996.1 -1.19309e-07 2.40387e-08 4.00283e-10 1.09104e-08 
1.99842 13.1911 19001.8 -1.32426e-07 3.13569e-08 8.93725e-09 1.11247e-08 
1.99902 13.1815 19007.5 -1.39628e-07 3.24032e-08 9.47851e-09 1.32159e-09 
1.99962 13.1718 19013.2 -1.48748e-07 3.49937e-08 -2.50503e-10 -5.94093e-09 
2.00022 13.1622 19018.9 -1.47952e-07 2.7732e-08 -6.7921e-09 -1.05502e-08 
2.00083 13.1526 19024.7 -1.39383e-07 1.31779e-08 -2.02591e-08 -9.50146e-09 
2.00143 13.143 19030.4 -1.31567e-07 1.6788e-10 -3.74668e-08 -1.17104e-08 
2.00203 13.1335 19036.1 -1.23678e-07 -1.21887e-08 -5.31953e-08 -1.36646e-08 
2.00263 13.1239 19041.8 -1.1687e-07 -2.29689e-08 -6.66591e-08 -1.45576e-08 
2.00323 13.1143 19047.5 -1.03137e-07 -3.97231e-08 -6.77108e-08 -2.54501e-08 
2.00383 13.1048 19053.2 -9.59646e-08 -4.91957e-08 -7.54652e-08 -2.27376e-08 
2.00443 13.0952 19058.9 -9.82755e-08 -4.88881e-08 -7.83721e-08 -1.95876e-08 
2.00503 13.0857 19064.6 -9.51705e-08 -5.39194e-08 -7.29067e-08 -4.43813e-09 
2.00563 13.0762 19070.3 -9.2313e-08 -5.84186e-08 -6.68256e-08 3.46554e-09 
2.00623 13.0666 19076 -9.11304e-08 -6.09148e-08 -6.38854e-08 1.59711e-09 
2.00683 13.0571 19081.7 -9.4531e-08 -5.89377e-08 -6.70867e-08 5.23936e-09 
2.00743 13.0476 19087.4 -8.86898e-08 -6.6013e-08 -6.16435e-08 3.17909e-09 
2.00803 13.0382 19093.1 -7.88334e-08 -7.64849e-08 -5.90552e-08 3.16905e-09 
2.00863 13.0287 19098.8 -6.98417e-08 -8.551e-08 -6.38234e-08 4.87065e-09 
2.00923 13.0192 19104.5 -5.5859e-08 -9.87239e-08 -6.16729e-08 3.16053e-09 
2.00983 13.0098 19110.2 -4.01524e-08 -1.12749e-07 -5.75137e-08 -2.22821e-09 
2.01043 13.0003 19115.9 -2.47692e-08 -1.25537e-07 -5.16792e-08 -1.3967e-08 
2.01103 12.9909 19121.7 -4.09692e-09 -1.42464e-07 -3.88434e-08 -1.00891e-08 
2.01163 12.9814 19127.4 7.22512e-09 -1.49203e-07 -3.02694e-08 -7.38426e-09 
2.01223 12.972 19133.1 1.49223e-08 -1.51767e-07 -1.45186e-08 -2.73011e-09 
2.01283 12.9626 19138.8 2.72606e-08 -1.58617e-07 1.4111e-09 2.16752e-09 
2.01343 12.9532 19144.5 2.98754e-08 -1.55217e-07 1.77794e-08 8.17346e-10 
2.01403 12.9438 19150.2 2.42435e-08 -1.43945e-07 2.16624e-08 -2.49753e-10 
2.01463 12.9344 19155.9 1.53856e-08 -1.30022e-07 3.0183e-08 -4.17345e-09 
2.01523 12.925 19161.6 7.94285e-09 -1.18115e-07 3.44559e-08 -2.17171e-09 
2.01583 12.9157 19167.3 9.52291e-10 -1.07235e-07 2.87068e-08 1.83511e-09 
2.01643 12.9063 19173 -1.16738e-08 -9.13566e-08 1.7282e-08 2.75798e-09 
2.01703 12.897 19178.7 -1.77753e-08 -8.27188e-08 5.46291e-09 6.34319e-09 
2.01763 12.8876 19184.4 -2.16582e-08 -7.6612e-08 -3.60413e-09 1.197e-08 
2.01823 12.8783 19190.1 -2.9119e-08 -6.72328e-08 -1.49427e-08 1.83646e-08 
2.01883 12.869 19195.8 -3.96494e-08 -5.54865e-08 -2.74413e-08 1.63805e-08 
2.01943 12.8597 19201.5 -4.03039e-08 -5.39326e-08 -2.81389e-08 1.32776e-08 
2.02003 12.8504 19207.2 -3.28583e-08 -6.02739e-08 -2.97439e-08 8.41996e-09 
2.02063 12.8411 19212.9 -2.3575e-08 -6.79251e-08 -3.27421e-08 -6.39721e-09 
2.02123 12.8318 19218.7 -1.89569e-08 -7.04469e-08 -3.04537e-08 -2.57263e-09 
2.02183 12.8225 19224.4 -2.18153e-08 -6.55244e-08 -2.24095e-08 4.16286e-10 
2.02243 12.8133 19230.1 -3.5891e-08 -4.98811e-08 -8.43778e-09 1.04726e-08 
2.02303 12.804 19235.8 -4.99087e-08 -3.52731e-08 1.36369e-09 1.26475e-08 
2.02363 12.7948 19241.5 -5.94542e-08 -2.58437e-08 6.71487e-09 1.03517e-08 
2.02423 12.7855 19247.2 -5.90011e-08 -2.66411e-08 4.08055e-09 4.3095e-09 
2.02483 12.7763 19252.9 -5.1674e-08 -3.40553e-08 -2.51282e-09 -7.08367e-09 
2.02543 12.7671 19258.6 -5.67995e-08 -2.87056e-08 -3.63436e-09 -6.28954e-09 
2.02603 12.7579 19264.3 -8.51087e-08 -1.29322e-09 -5.50988e-09 -4.33428e-09 
2.02663 12.7487 19270 -1.1412e-07 2.50728e-08 7.76013e-09 -8.01185e-10 
2.02723 12.7395 19275.7 -1.29119e-07 3.61769e-08 1.79655e-08 -4.07868e-10 
2.02783 12.7303 19281.4 -1.28646e-07 3.15084e-08 1.02946e-08 -5.1872e-09 
2.02843 12.7211 19287.1 -1.10964e-07 1.03745e-08 -2.92982e-09 -6.35273e-09 
2.02903 12.712 19292.8 -8.83526e-08 -1.42377e-08 -6.20688e-09 -1.46698e-08 
2.02963 12.7028 19298.5 -7.90929e-08 -2.43891e-08 4.20281e-09 -1.48423e-08 
2.03023 12.6937 19304.2 -8.49363e-08 -1.93024e-08 2.80277e-08 -1.33589e-08 
2.03083 12.6845 19310 -8.83441e-08 -1.69858e-08 5.54685e-08 -1.83791e-08 
2.03143 12.6754 19315.7 -8.0419e-08 -2.58168e-08 6.99413e-08 -1.72524e-08 
2.03203 12.6663 19321.4 -5.76912e-08 -4.8389e-08 6.51993e-08 -1.39499e-08 
2.03263 12.6572 19327.1 -4.2695e-08 -6.20592e-08 4.67744e-08 -9.22831e-09 
2.03323 12.6481 19332.8 -2.41715e-08 -7.82393e-08 4.34459e-08 -1.24184e-09 
2.03383 12.639 19338.5 -1.22354e-08 -8.69807e-08 5.36363e-08 6.84094e-09 
2.03443 12.6299 19344.2 -4.4569e-10 -9.49187e-08 6.8201e-08 1.18274e-08 
2.03503 12.6209 19349.9 7.03022e-09 -9.8034e-08 7.56942e-08 9.7371e-09 
2.03563 12.6118 19355.6 3.54099e-09 -9.01688e-08 7.16596e-08 1.08115e-08 
2.03623 12.6027 19361.3 -5.94364e-09 -7.68343e-08 6.44751e-08 9.62592e-09 
2.03683 12.5937 19367 -1.38915e-08 -6.57137e-08 6.01154e-08 9.08464e-09 
2.03743 12.5847 19372.7 -1.5304e-08 -6.14958e-08 5.97775e-08 7.37856e-09 
2.03803 12.5756 19378.4 -2.82826e-10 -7.3406e-08 6.40282e-08 5.09336e-09 
2.03863 12.5666 19384.1 2.24048e-08 -9.18437e-08 7.47366e-08 3.03877e-09 
2.03923 12.5576 19389.8 3.73109e-08 -1.01392e-07 8.97636e-08 1.51e-10 
2.03983 12.5486 19395.5 3.76654e-08 -9.61463e-08 1.10184e-07 4.24523e-09 
2.04043 12.5396 19401.2 4.32594e-08 -9.62094e-08 1.38927e-07 1.13492e-08 
2.04103 12.5307 19407 5.63519e-08 -1.03279e-07 1.60954e-07 1.23823e-08 
2.04163 12.5217 19412.7 6.35548e-08 -1.04051e-07 1.57586e-07 1.24436e-08 
2.04223 12.5127 19418.4 7.50322e-08 -1.08735e-07 1.51035e-07 6.63978e-09 
2.04283 12.5038 19424.1 9.06343e-08 -1.16951e-07 1.50106e-07 -3.1054e-09 
2.04343 12.4948 19429.8 1.09607e-07 -1.27716e-07 1.52561e-07 -1.13309e-08 
2.04403 12.4859 19435.5 1.37185e-07 -1.45945e-07 1.56181e-07 -9.24905e-09 
2.04463 12.477 19441.2 1.6082e-07 -1.58941e-07 1.55132e-07 -9.10723e-09 
2.04523 12.4681 19446.9 1.77097e-07 -1.63656e-07 1.48944e-07 -6.5395e-09 
2.04583 12.4592 19452.6 1.75287e-07 -1.50255e-07 1.35951e-07 -4.12239e-09 
2.04643 12.4503 19458.3 1.67501e-07 -1.31562e-07 1.22506e-07 -5.36842e-09 
2.04703 12.4414 19464 1.62985e-07 -1.16933e-07 1.04478e-07 -5.60613e-09 
2.04763 12.4325 19469.7 1.60679e-07 -1.04971e-07 8.16019e-08 1.81941e-10 
2.04823 12.4236 19475.4 1.54765e-07 -8.99805e-08 5.48745e-08 7.27475e-09 
2.04883 12.4148 19481.1 1.47722e-07 -7.45814e-08 3.99577e-08 1.52774e-08 
2.04943 12.4059 19486.8 1.48009e-07 -6.70171e-08 3.9893e-08 1.54342e-08 
2.05003 12.3971 19492.5 1.5474e-07 -6.59561e-08 4.33081e-08 1.23987e-08 
2.05063 12.3882 19498.3 1.62154e-07 -6.5339e-08 4.26278e-08 4.91289e-10 
2.05123 12.3794 19504 1.52655e-07 -4.81465e-08 3.20624e-08 -1.34249e-08 
2.05183 12.3706 19509.7 1.44808e-07 -3.34975e-08 2.36264e-08 -2.04859e-08 
2.05243 12.3618 19515.4 1.35328e-07 -1.79149e-08 1.6551e-08 -2.37559e-08 
2.05303 12.353 19521.1 1.28445e-07 -5.70129e-09 -2.01681e-09 -2.1927e-08 
2.05363 12.3442 19526.8 1.26129e-07 1.47293e-09 -2.11018e-08 -1.40519e-08 
2.05423 12.3354 19532.5 1.29701e-07 2.62759e-09 -3.58419e-08 -8.59985e-09 
2.05483 12.3267 19538.2 1.3129e-07 5.7379e-09 -4.54829e-08 -2.79196e-09 
2.05543 12.3179 19543.9 1.42278e-07 -4.36953e-10 -4.71329e-08 4.14931e-09 
2.05603 12.3092 19549.6 1.62652e-07 -1.51913e-08 -4.25904e-08 1.11391e-08 
2.05663 12.3004 19555.3 1.77452e-07 -2.34648e-08 -4.61882e-08 9.68023e-09 
2.05723 12.2917 19561 1.77488e-07 -1.68097e-08 -5.58413e-08 7.01981e-09 
2.05783 12.283 19566.7 1.75712e-07 -8.68985e-09 -5.82582e-08 7.92228e-09 
2.05844 12.2743 19572.4 1.7064e-07 2.28382e-09 -5.92282e-08 7.04713e-09 
2.05904 12.2656 19578.1 1.64079e-07 1.41671e-08 -6.45681e-08 1.19713e-08 
2.05964 12.2569 19583.8 1.51466e-07 3.13455e-08 -6.82103e-08 1.34197e-08 
2.06024 12.2482 19589.5 1.33494e-07 5.27035e-08 -6.56003e-08 1.37404e-08 
2.06084 12.2395 19595.3 1.26307e-07 6.23637e-08 -4.71684e-08 1.83669e-08 
2.06144 12.2309 19601 1.21304e-07 6.93539e-08 -2.74929e-08 1.59905e-08 
2.06204 12.2222 19606.7 1.18686e-07 7.36572e-08 -1.07986e-08 6.94767e-09 
2.06264 12.2136 19612.4 1.13997e-07 7.96808e-08 2.08301e-09 -9.70391e-09 
2.06324 12.2049 19618.1 1.02361e-07 9.21129e-08 1.26992e-08 -1.1311e-08 
2.06384 12.1963 19623.8 9.28406e-08 1.01651e-07 1.74402e-08 -2.31958e-09 
2.06444 12.1877 19629.5 7.88454e-08 1.14941e-07 1.52354e-08 2.40466e-09 
2.06504 12.1791 19635.2 6.50093e-08 1.27239e-07 5.36257e-09 1.08554e-10 
2.06564 12.1705 19640.9 4.31959e-08 1.46392e-07 -9.43993e-09 -3.57227e-09 
2.06624 12.1619 19646.6 2.29933e-08 1.62746e-07 -1.72433e-08 -3.3927e-09 
2.06684 12.1533 19652.3 1.33976e-08 1.67542e-07 -2.2435e-08 2.77523e-09 
2.06744 12.1447 19658 1.46743e-08 1.61443e-07 -2.18698e-08 -2.02158e-09 
2.06804 12.1361 19663.7 1.26267e-08 1.58757e-07 -2.9171e-08 -1.06591e-08 
2.06864 12.1276 19669.4 1.1753e-08 1.54798e-07 -3.46066e-08 -9.32021e-09 
2.06924 12.119 19675.1 2.63909e-08 1.35906e-07 -2.80278e-08 4.451e-10 
2.06984 12.1105 19680.8 3.69617e-08 1.21923e-07 -3.29204e-08 -2.84713e-10 
2.07044 12.102 19686.6 4.41722e-08 1.11926e-07 -4.37846e-08 -7.78328e-09 
2.07104 12.0935 19692.3 4.49884e-08 1.08559e-07 -5.37755e-08 -1.11525e-08 
2.07164 12.0849 19698 4.33071e-08 1.0771e-07 -5.7327e-08 -8.02539e-09 
2.07224 12.0764 19703.7 3.86829e-08 1.0964e-07 -5.88895e-08 3.12849e-09 
2.07284 12.0679 19709.4 3.51594e-08 1.10249e-07 -5.75161e-08 1.18871e-08 
2.07344 12.0595 19715.1 2.56283e-08 1.16589e-07 -5.17404e-08 1.45874e-08 
2.07404 12.051 19720.8 1.72027e-08 1.21253e-07 -4.3183e-08 1.64801e-08 
2.07464 12.0425 19726.5 1.30595e-08 1.21365e-07 -2.6562e-08 1.09775e-08 
2.07524 12.0341 19732.2 1.51508e-08 1.15282e-07 -1.28189e-08 8.98482e-09 
2.07584 12.0256 19737.9 1.54188e-08 1.11158e-07 -7.46248e-09 1.10627e-08 
2.07644 12.0172 19743.6 1.3965e-08 1.08887e-07 -4.25187e-09 1.59746e-08 
2.07704 12.0087 19749.3 7.77028e-09 1.11084e-07 -9.10371e-09 1.54528e-08 
2.07764 12.0003 19755 7.12048e-09 1.07698e-07 -1.06285e-08 1.05783e-08 
2.07824 11.9919 19760.7 8.58082e-10 1.09828e-07 -2.14281e-08 1.25301e-08 
2.07884 11.9835 19766.4 -1.85471e-08 1.24434e-07 -3.72117e-08 1.65286e-08 
2.07944 11.9751 19772.1 -3.69412e-08 1.3699e-07 -4.45288e-08 1.00847e-08 
2.08004 11.9667 19777.8 -5.38838e-08 1.47154e-07 -4.59925e-08 2.41028e-09 
2.08064 11.9583 19783.6 -6.75429e-08 1.53421e-07 -4.40502e-08 -1.87072e-09 
2.08124 11.9499 19789.3 -8.66225e-08 1.64247e-07 -4.801e-08 -1.45537e-09 
2.08184 11.9416 19795 -9.86186e-08 1.67325e-07 -4.18715e-08 2.0124e-09 
2.08244 11.9332 19800.7 -9.95123e-08 1.59149e-07 -3.33385e-08 5.6762e-09 
2.08304 11.9249 19806.4 -1.01151e-07 1.5195e-07 -3.06786e-08 6.85836e-09 
2.08364 11.9165 19812.1 -9.44163e-08 1.36774e-07 -3.16022e-08 1.10656e-08 
2.08424 11.9082 19817.8 -8.88532e-08 1.23365e-07 -3.43876e-08 9.38496e-09 
2.08484 11.8999 19823.5 -8.40818e-08 1.11356e-07 -3.70965e-08 1.34436e-08 
2.08544 11.8915 19829.2 -7.3806e-08 9.43617e-08 -4.2835e-08 1.81722e-08 
2.08604 11.8832 19834.9 -6.75337e-08 8.2235e-08 -4.32081e-08 1.86666e-08 
2.08664 11.8749 19840.6 -6.71719e-08 7.63079e-08 -5.03272e-08 7.60142e-09 
2.08724 11.8666 19846.3 -7.12502e-08 7.48421e-08 -4.98262e-08 7.30375e-10 
2.08784 11.8584 19852 -6.85303e-08 6.67678e-08 -4.07665e-08 2.70502e-09 
2.08844 11.8501 19857.7 -6.81252e-08 6.11931e-08 -3.82331e-08 5.73909e-09 
2.08904 11.8418 19863.4 -7.02819e-08 5.84179e-08 -3.42056e-08 1.20157e-08 
2.08964 11.8335 19869.1 -7.02469e-08 5.33775e-08 -3.57092e-08 1.39319e-08 
2.09024 11.8253 19874.9 -6.43592e-08 4.29256e-08 -3.10036e-08 1.28968e-08 
2.09084 11.817 19880.6 -5.2085e-08 2.67233e-08 -3.67572e-08 5.88671e-09 
2.09144 11.8088 19886.3 -4.56917e-08 1.71655e-08 -4.78411e-08 2.11243e-09 
2.09204 11.8006 19892 -3.91866e-08 7.89317e-09 -6.3203e-08 9.20284e-09 
2.09264 11.7924 19897.7 -2.57534e-08 -7.59409e-09 -7.08721e-08 1.14936e-08 
2.09324 11.7841 19903.4 -1.93954e-08 -1.52997e-08 -8.23956e-08 1.99614e-08 
2.09384 11.7759 19909.1 -1.77284e-08 -1.80366e-08 -9.3974e-08 1.82306e-08 
2.09444 11.7677 19914.8 -2.26899e-08 -1.42527e-08 -9.8764e-08 2.51619e-08 
2.09504 11.7595 19920.5 -2.83808e-08 -9.91541e-09 -9.22093e-08 2.67816e-08 
2.09564 11.7514 19926.2 -3.8423e-08 -1.77451e-09 -8.82135e-08 2.16522e-08 
2.09624 11.7432 19931.9 -5.20626e-08 9.50137e-09 -7.45803e-08 1.81068e-08 
2.09684 11.735 19937.6 -6.67152e-08 2.08696e-08 -6.58212e-08 1.43695e-08 
2.09744 11.7268 19943.3 -8.46961e-08 3.48269e-08 -4.87078e-08 1.07942e-08 
2.09804 11.7187 19949 -9.28563e-08 3.82265e-08 -3.55949e-08 1.25019e-08 
2.09864 11.7105 19954.7 -9.99716e-08 4.03373e-08 -2.37537e-08 2.1531e-08 
2.09924 11.7024 19960.4 -1.08663e-07 4.37802e-08 -1.81959e-08 2.32957e-08 
2.09984 11.6943 19966.1 -1.12417e-07 4.19261e-08 -1.6508e-08 1.69241e-08 
2.10044 11.6861 19971.9 -1.07009e-07 3.12812e-08 -6.61338e-09 6.3263e-09 
2.10104 11.678 19977.6 -1.02392e-07 2.18749e-08 -7.29608e-09 -5.53923e-09 
2.10164 11.6699 19983.3 -1.05188e-07 2.00755e-08 -1.06383e-08 -1.26195e-08 
2.10224 11.6618 19989 -9.9614e-08 1.01767e-08 -4.52843e-09 -1.67351e-08 
2.10284 11.6537 19994.7 -9.85184e-08 5.04052e-09 -1.1955e-09 -1.31126e-08 
2.10344 11.6456 20000.4 -9.66499e-08 -4.93857e-10 5.18002e-09 -1.06997e-08 
2.10404 11.6375 20006.1 -1.00222e-07 -6.34862e-10 4.40527e-09 -1.10699e-08 
2.10464 11.6295 20011.8 -1.06261e-07 1.64426e-09 1.05731e-08 -7.73776e-09 
2.10524 11.6214 20017.5 -1.02779e-07 -5.58406e-09 1.48223e-08 -1.47692e-09 
2.10584 11.6133 20023.2 -1.09822e-07 -2.18536e-09 1.31165e-08 1.0998e-08 
2.10644 11.6053 20028.9 -1.11112e-07 -4.61786e-09 8.65034e-09 1.45323e-08 
2.10704 11.5972 20034.6 -1.11913e-07 -7.55806e-09 1.11183e-09 1.89747e-08 
2.10764 11.5892 20040.3 -1.06588e-07 -1.61959e-08 -3.4072e-09 1.61894e-08 
2.10824 11.5812 20046 -9.38666e-08 -3.16619e-08 -1.62018e-08 7.32132e-09 
2.10884 11.5731 20051.7 -8.38549e-08 -4.35683e-08 -2.73547e-08 -1.41842e-09 
2.10944 11.5651 20057.4 -6.73029e-08 -6.10725e-08 -3.29031e-08 -2.21823e-09 
2.11004 11.5571 20063.1 -5.85581e-08 -7.01204e-08 -4.01535e-08 -6.7965e-09 
2.11064 11.5491 20068.9 -4.15594e-08 -8.64131e-08 -3.04175e-08 -1.03646e-08 
2.11124 11.5411 20074.6 -3.38337e-08 -9.28718e-08 -2.96591e-08 -9.2933e-09 
2.11184 11.5331 20080.3 -2.22809e-08 -1.02519e-07 -1.76538e-08 -1.03206e-08 
2.11244 11.5251 20086 -3.19983e-09 -1.18873e-07 -3.25843e-09 -6.72385e-09 
2.11304 11.5171 20091.7 8.60525e-09 -1.27026e-07 1.15918e-08 -3.5982e-09 
2.11364 11.5091 20097.4 5.41224e-09 -1.19961e-07 2.55341e-08 -1.28976e-09 
2.11424 11.5012 20103.1 -5.91847e-09 -1.05398e-07 4.31449e-08 -3.91791e-10 
2.11484 11.4932 20108.8 -1.68654e-08 -9.19145e-08 6.70043e-08 -9.05464e-09 
2.11545 11.4852 20114.5 -2.36293e-08 -8.31695e-08 8.06423e-08 -1.08472e-08 
2.11605 11.4773 20120.2 -2.43954e-08 -8.0815e-08 7.91468e-08 -1.45337e-08 
2.11665 11.4693 20125.9 -1.19421e-08 -9.11576e-08 8.30955e-08 -1.59105e-08 
2.11725 11.4614 20131.6 -8.20757e-09 -9.24854e-08 7.50937e-08 -1.735e-08 
2.11785 11.4535 20137.3 -1.65527e-08 -8.16946e-08 8.1065e-08 -1.84433e-08 
2.11845 11.4455 20143 -3.26511e-08 -6.41645e-08 8.44444e-08 -1.83152e-08 
2.11905 11.4376 20148.7 -4.56372e-08 -5.05245e-08 9.79712e-08 -2.0455e-08 
2.11965 11.4297 20154.4 -3.26844e-08 -6.29387e-08 9.94086e-08 -1.28093e-08 
2.12025 11.4218 20160.2 -1.53171e-08 -7.87618e-08 9.00902e-08 -2.94018e-09 
2.12085 11.4139 20165.9 6.44964e-09 -9.7786e-08 7.75555e-08 -1.17308e-10 
2.12145 11.406 20171.6 1.16756e-08 -9.95907e-08 7.44561e-08 3.8501e-09 
2.12205 11.3981 20177.3 3.14802e-09 -8.77125e-08 9.09909e-08 -3.71741e-10 
2.12265 11.3902 20183 -1.12085e-08 -7.08943e-08 1.08174e-07 -5.59667e-09 
2.12325 11.3823 20188.7 -2.30735e-08 -5.73566e-08 1.20039e-07 -8.85566e-09 
2.12385 11.3744 20194.4 -2.82117e-08 -5.10243e-08 1.14242e-07 -1.79845e-09 
2.12445 11.3666 20200.1 -2.31372e-08 -5.50188e-08 9.47631e-08 5.21706e-09 
2.12505 11.3587 20205.8 -3.21591e-08 -4.47769e-08 8.07798e-08 1.20403e-08 
2.12565 11.3509 20211.5 -3.8846e-08 -3.7594e-08 6.85908e-08 1.4823e-08 
2.12625 11.343 20217.2 -5.33289e-08 -2.31255e-08 7.745e-08 9.19846e-09 
2.12685 11.3352 20222.9 -5.17399e-08 -2.50651e-08 8.65966e-08 5.01433e-09 
2.12745 11.3273 20228.6 -7.16431e-08 -6.04953e-09 7.91293e-08 -4.30401e-09 
2.12805 11.3195 20234.3 -8.73542e-08 7.85529e-09 7.20741e-08 -1.56426e-09 
2.12865 11.3117 20240 -9.95268e-08 1.72904e-08 6.46053e-08 7.92207e-10 
2.12925 11.3039 20245.7 -1.04913e-07 1.96768e-08 6.50531e-08 2.64328e-09 
2.12985 11.296 20251.4 -9.34832e-08 5.40212e-09 6.06727e-08 1.15314e-08 
2.13045 11.2882 20257.2 -7.87251e-08 -1.12643e-08 6.2475e-08 1.2196e-08 
2.13105 11.2804 20262.9 -6.32977e-08 -2.75762e-08 6.81408e-08 1.61701e-08 
2.13165 11.2727 20268.6 -5.99005e-08 -3.13245e-08 7.55965e-08 1.35209e-08 
2.13225 11.2649 20274.3 -6.48038e-08 -2.67802e-08 8.73346e-08 1.54925e-08 
2.13285 11.2571 20280 -6.22244e-08 -2.97795e-08 9.56449e-08 9.06097e-09 
2.13345 11.2493 20285.7 -6.32845e-08 -2.90972e-08 8.65404e-08 1.7984e-09 
2.13405 11.2416 20291.4 -5.68984e-08 -3.55329e-08 6.95457e-08 5.43228e-10 
2.13465 11.2338 20297.1 -6.06373e-08 -3.18596e-08 4.10912e-08 -4.66501e-09 
2.13525 11.2261 20302.8 -5.7712e-08 -3.477e-08 2.59529e-08 -2.2162e-09 
2.13585 11.2183 20308.5 -4.34474e-08 -4.85565e-08 1.61941e-08 1.44509e-09 
2.13645 11.2106 20314.2 -3.53903e-08 -5.53514e-08 5.46315e-09 1.71375e-09 
2.13705 11.2029 20319.9 -2.82384e-08 -6.07987e-08 -9.34656e-09 1.79661e-09 
2.13765 11.1952 20325.6 -3.8002e-08 -4.94574e-08 -2.48163e-08 -2.80154e-09 
2.13825 11.1874 20331.3 -4.26922e-08 -4.35933e-08 -3.34482e-08 -1.53991e-09 
2.13885 11.1797 20337 -4.56853e-08 -3.97087e-08 -4.56446e-08 -2.51695e-09 
2.13945 11.1721 20342.7 -4.59734e-08 -3.85738e-08 -6.14032e-08 3.70577e-09 
2.14005 11.1644 20348.5 -3.26958e-08 -5.06506e-08 -7.47767e-08 8.69001e-09 
2.14065 11.1567 20354.2 -2.17898e-08 -5.9649e-08 -8.16523e-08 1.15329e-08 
2.14125 11.149 20359.9 -7.49175e-09 -7.12983e-08 -7.73625e-08 1.01875e-08 
2.14185 11.1414 20365.6 1.57013e-08 -9.0998e-08 -6.61431e-08 7.21522e-09 
2.14245 11.1337 20371.3 4.20239e-08 -1.12272e-07 -4.50032e-08 6.94841e-09 
2.14305 11.1261 20377 6.06145e-08 -1.24747e-07 -4.01343e-08 6.43759e-10 
2.14365 11.1184 20382.7 6.42787e-08 -1.21837e-07 -3.7271e-08 1.84623e-10 
2.14425 11.1108 20388.4 7.34565e-08 -1.24268e-07 -3.01315e-08 1.35431e-09 
2.14485 11.1032 20394.1 8.06582e-08 -1.24562e-07 -3.05074e-08 -6.9605e-09 
2.14545 11.0956 20399.8 9.08903e-08 -1.27447e-07 -3.19873e-08 -1.1146e-08 
2.14605 11.088 20405.5 1.02329e-07 -1.31274e-07 -4.06655e-08 -2.39253e-08 
2.14665 11.0804 20411.2 1.06231e-07 -1.27279e-07 -3.94475e-08 -2.51027e-08 
2.14725 11.0728 20416.9 1.21407e-07 -1.34299e-07 -2.97733e-08 -2.27981e-08 
2.14785 11.0652 20422.6 1.30752e-07 -1.35064e-07 -1.84371e-08 -1.32134e-08 
2.14845 11.0577 20428.3 1.40045e-07 -1.35374e-07 -6.5115e-09 -1.13516e-08 
2.14905 11.0501 20434 1.40051e-07 -1.26531e-07 -3.77792e-09 -1.38223e-08 
2.14965 11.0425 20439.7 1.3014e-07 -1.0823e-07 2.4518e-09 -8.16932e-09 
2.15025 11.035 20445.5 1.21554e-07 -9.21058e-08 5.61915e-09 -6.9868e-09 
2.15085 11.0275 20451.2 1.09961e-07 -7.38492e-08 5.46328e-09 -7.05366e-09 
2.15145 11.02 20456.9 1.09538e-07 -6.7168e-08 9.48566e-09 -8.67166e-09 
2.15205 11.0124 20462.6 1.00863e-07 -5.28119e-08 3.7135e-09 -5.54211e-09 
2.15265 11.0049 20468.3 9.79211e-08 -4.4616e-08 9.77946e-09 1.07781e-08 
2.15325 10.9974 20474 1.07365e-07 -4.88932e-08 1.97675e-08 1.65786e-08 
2.15385 10.99 20479.7 1.20867e-07 -5.66407e-08 3.05874e-08 1.78323e-08 
2.15445 10.9825 20485.4 1.3284e-07 -6.22574e-08 3.18031e-08 7.21165e-09 
2.15505 10.975 20491.1 1.35172e-07 -5.81205e-08 2.46598e-08 7.11091e-09 
2.15565 10.9676 20496.8 1.41819e-07 -5.82223e-08 2.18205e-08 1.47096e-08 
2.15625 10.9601 20502.5 1.48144e-07 -5.78174e-08 1.27671e-08 1.16698e-08 
2.15685 10.9527 20508.2 1.44038e-07 -4.71882e-08 -9.60042e-09 3.03226e-09 
2.15745 10.9452 20513.9 1.45623e-07 -4.24784e-08 -2.65903e-08 -3.52902e-09 
2.15805 10.9378 20519.6 1.40623e-07 -3.16009e-08 -4.47926e-08 5.75046e-10 
2.15865 10.9304 20525.3 1.3964e-07 -2.50188e-08 -5.22313e-08 2.36978e-09 
2.15925 10.923 20531 1.47599e-07 -2.75079e-08 -5.77504e-08 4.22079e-09 
2.15985 10.9156 20536.8 1.52127e-07 -2.62656e-08 -5.60236e-08 2.80256e-09 
2.16045 10.9082 20542.5 1.57398e-07 -2.57418e-08 -5.68643e-08 1.67262e-09 
2.16105 10.9008 20548.2 1.55948e-07 -1.86245e-08 -5.35846e-08 6.85679e-09 
2.16165 10.8935 20553.9 1.55422e-07 -1.26302e-08 -4.6238e-08 6.14553e-09 
2.16225 10.8861 20559.6 1.53334e-07 -5.42244e-09 -4.49829e-08 6.99299e-09 
2.16285 10.8787 20565.3 1.40229e-07 1.22862e-08 -4.5747e-08 8.76313e-09 
2.16345 10.8714 20571 1.21237e-07 3.47319e-08 -5.0528e-08 6.21168e-09 
2.16405 10.864 20576.7 9.99462e-08 5.8105e-08 -4.99836e-08 5.02388e-09 
2.16465 10.8567 20582.4 8.88051e-08 7.03965e-08 -4.06094e-08 2.39081e-09 
2.16525 10.8494 20588.1 7.48808e-08 8.46364e-08 -3.85959e-08 4.20853e-09 
2.16585 10.8421 20593.8 5.73159e-08 1.01615e-07 -3.49974e-08 -5.31191e-09 
2.16645 10.8347 20599.5 5.22509e-08 1.0535e-07 -2.57089e-08 -1.7318e-08 
2.16705 10.8274 20605.2 5.08445e-08 1.05266e-07 -1.49665e-08 -1.79675e-08 
2.16765 10.8201 20610.9 5.41343e-08 1.00636e-07 -1.10994e-08 -1.16884e-08 
2.16825 10.8128 20616.6 5.34809e-08 9.99023e-08 -1.96826e-08 2.56107e-09 
2.16885 10.8056 20622.3 5.31519e-08 9.89456e-08 -2.35394e-08 9.52686e-09 
2.16945 10.7983 20628 5.30874e-08 9.75957e-08 -3.52265e-08 1.35179e-08 
2.17005 10.791 20633.8 5.1151e-08 9.81206e-08 -4.56521e-08 9.33868e-09 
2.17065 10.7837 20639.5 4.88172e-08 9.89533e-08 -5.79876e-08 -7.41921e-10 
2.17125 10.7765 20645.2 4.08563e-08 1.05043e-07 -7.09172e-08 -5.58835e-09 
2.17185 10.7692 20650.9 3.18873e-08 1.11758e-07 -7.32226e-08 -1.40382e-08 
2.17246 10.762 20656.6 3.39843e-08 1.07083e-07 -7.30596e-08 -1.00774e-08 
2.17306 10.7547 20662.3 3.55644e-08 1.03238e-07 -6.45232e-08 -1.62608e-08 
2.17366 10.7475 20668 3.59106e-08 1.00636e-07 -6.40121e-08 -1.854e-08 
2.17426 10.7403 20673.7 3.81208e-08 9.6216e-08 -5.78525e-08 -8.05644e-09 
2.17486 10.7331 20679.4 4.74667e-08 8.51114e-08 -4.55007e-08 -3.15164e-09 
2.17546 10.7258 20685.1 5.43961e-08 7.68269e-08 -4.39144e-08 2.35259e-10 
2.17606 10.7186 20690.8 5.65347e-08 7.36874e-08 -4.35742e-08 -3.18787e-09 
2.17666 10.7114 20696.5 5.13623e-08 7.77147e-08 -4.80444e-08 -6.86641e-11 
2.17726 10.7042 20702.2 4.59711e-08 8.16237e-08 -4.92778e-08 3.06641e-09 
2.17786 10.697 20707.9 3.88473e-08 8.70035e-08 -4.78406e-08 1.8763e-09 
2.17846 10.6898 20713.6 2.51471e-08 9.83506e-08 -5.24115e-08 4.08404e-09 
2.17906 10.6827 20719.3 4.42828e-09 1.15778e-07 -5.40026e-08 1.04284e-09 
2.17966 10.6755 20725.1 -8.38954e-09 1.24412e-07 -4.76814e-08 -1.24741e-09 
2.18026 10.6683 20730.8 -2.34901e-08 1.34624e-07 -4.12212e-08 -7.00871e-09 
2.18086 10.6611 20736.5 -3.34356e-08 1.39136e-07 -3.50674e-08 -5.09591e-09 
2.18146 10.654 20742.2 -4.25795e-08 1.42384e-07 -3.2541e-08 7.19233e-09 
2.18206 10.6468 20747.9 -5.13836e-08 1.44995e-07 -2.85355e-08 1.40284e-08 
2.18266 10.6397 20753.6 -5.14514e-08 1.38706e-07 -2.73168e-08 1.63872e-08 
2.18326 10.6325 20759.3 -4.929e-08 1.30463e-07 -2.63282e-08 1.33109e-08 
2.18386 10.6254 20765 -4.9657e-08 1.25014e-07 -3.06154e-08 1.44773e-08 
2.18446 10.6182 20770.7 -5.54755e-08 1.24903e-07 -3.77588e-08 1.33528e-08 
2.18506 10.6111 20776.4 -5.61157e-08 1.19623e-07 -3.41259e-08 8.60628e-09 
2.18566 10.604 20782.1 -5.4841e-08 1.1261e-07 -2.84793e-08 1.42053e-08 
2.18626 10.5969 20787.8 -6.42662e-08 1.16258e-07 -2.51021e-08 9.37202e-09 
2.18686 10.5898 20793.5 -7.38053e-08 1.19579e-07 -1.80899e-08 4.53358e-09 
2.18746 10.5826 20799.2 -7.51714e-08 1.14567e-07 -3.49918e-10 -2.58972e-09 
2.18806 10.5755 20804.9 -7.62807e-08 1.09476e-07 1.76434e-08 -6.08933e-09 
2.18866 10.5684 20810.6 -7.61189e-08 1.03232e-07 2.90201e-08 -5.5406e-09 
2.18926 10.5613 20816.3 -7.69571e-08 9.81004e-08 3.96921e-08 -6.44302e-09 
2.18986 10.5543 20822.1 -6.62136e-08 8.18801e-08 5.42366e-08 -1.08747e-08 
2.19046 10.5472 20827.8 -5.71626e-08 6.80205e-08 5.95363e-08 -1.66386e-08 
2.19106 10.5401 20833.5 -4.58109e-08 5.26398e-08 6.06203e-08 -1.99373e-08 
2.19166 10.533 20839.2 -3.65071e-08 3.99518e-08 5.54512e-08 -1.72318e-08 
2.19226 10.526 20844.9 -2.70345e-08 2.7707e-08 5.04378e-08 -1.37295e-08 
2.19286 10.5189 20850.6 -1.43878e-08 1.30629e-08 4.76969e-08 -7.64595e-09 
2.19346 10.5118 20856.3 -1.35792e-08 1.06258e-08 3.69795e-08 -6.47051e-09 
2.19406 10.5048 20862 -1.12852e-08 6.88947e-09 3.33028e-08 2.36825e-09 
2.19466 10.4977 20867.7 -1.48819e-08 9.01433e-09 3.13111e-08 9.90905e-09 
2.19526 10.4907 20873.4 -2.29735e-08 1.53544e-08 3.10419e-08 1.10286e-08 
2.19586 10.4837 20879.1 -2.66788e-08 1.70277e-08 3.39216e-08 9.17687e-09 
2.19646 10.4767 20884.8 -3.87922e-08 2.67456e-08 3.48084e-08 7.26538e-09 
2.19706 10.4696 20890.5 -4.80876e-08 3.30862e-08 3.51101e-08 3.78747e-09 
2.19766 10.4626 20896.2 -5.31433e-08 3.48721e-08 3.86687e-08 -6.19994e-09 
2.19826 10.4556 20901.9 -5.92143e-08 3.75063e-08 3.95156e-08 -8.81384e-09 
2.19886 10.4486 20907.6 -6.61623e-08 4.07411e-08 3.63875e-08 -4.25524e-09 
2.19946 10.4416 20913.3 -6.73951e-08 3.80932e-08 3.51439e-08 2.12248e-09 
2.20006 10.4346 20919.1 -6.47768e-08 3.18306e-08 3.73515e-08 8.0672e-09 
2.20066 10.4277 20924.8 -6.17934e-08 2.54515e-08 3.49194e-08 4.39276e-09 
2.20126 10.4207 20930.5 -6.56738e-08 2.60436e-08 3.46541e-08 -3.79139e-09 
2.20186 10.4137 20936.2 -6.59744e-08 2.3025e-08 4.07833e-08 -8.63729e-09 
2.20246 10.4067 20941.9 -7.24498e-08 2.61126e-08 5.09419e-08 -7.74277e-09 
2.20306 10.3998 20947.6 -8.20619e-08 3.20301e-08 6.15689e-08 1.39873e-09 
2.20366 10.3928 20953.3 -8.95227e-08 3.53364e-08 7.1513e-08 5.74276e-09 
2.20426 10.3859 20959 -8.98894e-08 3.15424e-08 8.70806e-08 7.42061e-09 
2.20486 10.379 20964.7 -9.26336e-08 3.01885e-08 9.53398e-08 1.40877e-08 
2.20546 10.372 20970.4 -1.01767e-07 3.50264e-08 1.00211e-07 1.58625e-08 
2.20606 10.3651 20976.1 -1.15235e-07 4.37294e-08 1.0819e-07 9.87475e-09 
2.20666 10.3582 20981.8 -1.28428e-07 5.14884e-08 1.13755e-07 1.80333e-09 
2.20726 10.3513 20987.5 -1.29447e-07 4.68559e-08 1.16796e-07 4.61478e-09 
2.20786 10.3444 20993.2 -1.2078e-07 3.29601e-08 1.09042e-07 5.58071e-09 
2.20846 10.3375 20998.9 -1.05878e-07 1.36472e-08 9.10808e-08 3.68496e-09 
2.20906 10.3306 21004.6 -8.59006e-08 -9.57439e-09 7.57952e-08 -4.69671e-09 
2.20966 10.3237 21010.4 -7.52421e-08 -2.24372e-08 6.503e-08 -5.44046e-09 
2.21026 10.3169 21016.1 -8.06047e-08 -1.9099e-08 5.59927e-08 -5.81449e-10 
2.21086 10.31 21021.8 -8.14163e-08 -2.04516e-08 5.70958e-08 1.47193e-09 
2.21146 10.3031 21027.5 -7.22365e-08 -3.15445e-08 5.68361e-08 -2.27337e-09 
2.21206 10.2963 21033.2 -4.21419e-08 -6.23269e-08 5.00456e-08 -1.06789e-08 
2.21266 10.2894 21038.9 -2.04186e-08 -8.3104e-08 3.38235e-08 -1.13958e-08 
2.21326 10.2826 21044.6 -1.89246e-08 -8.30785e-08 1.51913e-08 -3.7805e-09 
2.21386 10.2758 21050.3 -1.82841e-08 -8.21841e-08 2.21644e-08 -6.41567e-09 
2.21446 10.269 21056 -2.4631e-08 -7.4455e-08 3.93583e-08 -9.00671e-09 
2.21506 10.2621 21061.7 -3.78919e-08 -6.0383e-08 4.37391e-08 -4.41054e-09 
2.21566 10.2553 21067.4 -4.06267e-08 -5.73926e-08 3.58161e-08 1.96274e-09 
2.21626 10.2485 21073.1 -3.05123e-08 -6.6949e-08 2.4805e-08 1.48778e-09 
2.21686 10.2417 21078.8 -1.9136e-08 -7.71092e-08 4.63224e-09 -7.19969e-09 
2.21746 10.235 21084.5 -1.85629e-08 -7.61473e-08 -1.48142e-08 -7.04655e-09 
2.21806 10.2282 21090.2 -1.81875e-08 -7.50193e-08 -1.95788e-08 1.35351e-09 
2.21866 10.2214 21095.9 -1.13587e-08 -8.02061e-08 -1.34015e-08 4.05594e-09 
2.21926 10.2146 21101.6 -3.89875e-10 -8.89751e-08 -8.98979e-09 5.40558e-10 
2.21986 10.2079 21107.4 -3.402e-09 -8.35464e-08 -1.88855e-08 -2.57885e-09 
2.22046 10.2011 21113.1 -1.25734e-08 -7.24429e-08 -3.23979e-08 -1.13861e-09 
2.22106 10.1944 21118.8 -1.02316e-08 -7.3118e-08 -3.36449e-08 5.09895e-09 
2.22166 10.1876 21124.5 7.64683e-09 -8.87521e-08 -3.09137e-08 1.24621e-08 
2.22226 10.1809 21130.2 1.85839e-08 -9.66094e-08 -3.68233e-08 1.57527e-08 
2.22286 10.1742 21135.9 2.06332e-08 -9.52942e-08 -4.39252e-08 1.97163e-08 
2.22346 10.1675 21141.6 1.48152e-08 -8.63607e-08 -4.02657e-08 2.48464e-08 
2.22406 10.1607 21147.3 8.20858e-09 -7.69679e-08 -2.58367e-08 1.84582e-08 
2.22466 10.154 21153 -9.62089e-09 -5.71496e-08 -2.36226e-08 6.63734e-09 
2.22526 10.1473 21158.7 -2.93692e-08 -3.6488e-08 -2.92086e-08 -2.18288e-10 
2.22586 10.1406 21164.4 -3.92022e-08 -2.66428e-08 -4.04945e-08 2.37772e-10 
2.22646 10.134 21170.1 -4.60055e-08 -2.0159e-08 -5.18608e-08 3.35611e-10 
2.22706 10.1273 21175.8 -5.65013e-08 -1.04492e-08 -6.80693e-08 9.90957e-11 
2.22766 10.1206 21181.5 -6.58155e-08 -2.51452e-09 -7.59613e-08 -2.34427e-09 
2.22826 10.1139 21187.2 -5.983e-08 -9.8669e-09 -6.71861e-08 -3.46721e-09 
2.22886 10.1073 21192.9 -5.70021e-08 -1.37033e-08 -5.97637e-08 -5.22674e-09 
2.22947 10.1006 21198.7 -6.77132e-08 -4.1353e-09 -5.80442e-08 -5.20852e-09 
2.23007 10.094 21204.4 -7.857e-08 4.90942e-09 -5.30323e-08 -2.13444e-09 
2.23067 10.0873 21210.1 -8.62813e-08 1.04202e-08 -3.8394e-08 1.6354e-09 
2.23127 10.0807 21215.8 -8.12965e-08 3.17319e-09 -3.0778e-08 3.07709e-09 
2.23187 10.074 21221.5 -7.40464e-08 -5.80721e-09 -2.47801e-08 4.68267e-09 
2.23247 10.0674 21227.2 -7.10333e-08 -1.02431e-08 -2.42353e-08 6.63526e-10 
2.23307 10.0608 21232.9 -6.31532e-08 -1.92268e-08 -1.27755e-08 -1.48718e-09 
2.23367 10.0542 21238.6 -5.12228e-08 -3.16037e-08 8.98184e-09 -6.08916e-10 
2.23427 10.0476 21244.3 -4.20178e-08 -4.06468e-08 2.52664e-08 -2.71996e-09 
2.23487 10.041 21250 -4.11695e-08 -4.10087e-08 3.55268e-08 -2.40475e-09 
2.23547 10.0344 21255.7 -4.54456e-08 -3.63704e-08 3.93065e-08 7.83325e-09 
2.23607 10.0278 21261.4 -5.6867e-08 -2.49927e-08 3.93802e-08 1.37228e-08 
2.23667 10.0212 21267.1 -6.54742e-08 -1.7009e-08 3.35691e-08 1.75762e-08 
2.23727 10.0146 21272.8 -6.84463e-08 -1.49596e-08 2.48548e-08 1.87867e-08 
2.23787 10.008 21278.5 -6.64553e-08 -1.77835e-08 1.39812e-08 2.24835e-08 
2.23847 10.0014 21284.2 -6.78703e-08 -1.71771e-08 -4.01511e-10 2.56138e-08 
2.23907 9.99488 21289.9 -6.44601e-08 -2.13005e-08 -5.00044e-09 1.99553e-08 
2.23967 9.98832 21295.7 -5.41382e-08 -3.19475e-08 -1.98512e-09 6.29786e-09 
2.24027 9.98176 21301.4 -4.30873e-08 -4.26229e-08 1.95153e-09 -7.20924e-09 
2.24087 9.97521 21307.1 -3.89105e-08 -4.60288e-08 -3.34816e-09 -7.2451e-09 
2.24147 9.96866 21312.8 -3.78145e-08 -4.61978e-08 -7.54246e-09 1.43479e-09 
2.24207 9.96212 21318.5 -3.46863e-08 -4.83457e-08 -1.19616e-08 7.53921e-09 
2.24267 9.95558 21324.2 -2.9491e-08 -5.22989e-08 -1.70218e-08 8.40712e-09 
2.24327 9.94905 21329.9 -1.87275e-08 -6.14493e-08 -2.84965e-08 1.4179e-08 
2.24387 9.94253 21335.6 -5.31096e-09 -7.25585e-08 -3.72723e-08 2.34751e-08 
2.24447 9.936 21341.3 1.02007e-08 -8.50455e-08 -4.5099e-08 2.52309e-08 
2.24507 9.92949 21347 2.51066e-08 -9.61607e-08 -4.7318e-08 1.74023e-08 
2.24567 9.92297 21352.7 4.89987e-08 -1.15307e-07 -4.51126e-08 1.23043e-08 
2.24627 9.91647 21358.4 6.66418e-08 -1.27113e-07 -4.41054e-08 1.289e-08 
2.24687 9.90997 21364.1 7.69999e-08 -1.31033e-07 -5.10326e-08 1.83573e-08 
2.24747 9.90347 21369.8 8.03068e-08 -1.27729e-07 -5.83256e-08 2.1579e-08 
2.24807 9.89698 21375.5 8.0618e-08 -1.2148e-07 -6.39769e-08 1.29451e-08 
2.24867 9.89049 21381.2 8.12853e-08 -1.15801e-07 -7.39385e-08 6.4122e-09 
2.24927 9.88401 21387 8.02754e-08 -1.08541e-07 -8.19169e-08 1.60178e-09 
2.24987 9.87753 21392.7 7.35686e-08 -9.60114e-08 -9.2397e-08 -2.33277e-10 
2.25047 9.87106 21398.4 7.09628e-08 -8.80624e-08 -9.3954e-08 -1.5892e-09 
2.25107 9.8646 21404.1 7.86788e-08 -9.0356e-08 -8.11789e-08 4.03761e-09 
2.25167 9.85814 21409.8 8.31755e-08 -8.9298e-08 -7.28021e-08 2.51141e-09 
2.25227 9.85168 21415.5 8.85933e-08 -8.89812e-08 -6.02766e-08 1.70914e-10 
2.25287 9.84523 21421.2 9.25011e-08 -8.71244e-08 -4.7958e-08 -1.05893e-09 
2.25347 9.83878 21426.9 9.59964e-08 -8.47756e-08 -3.31543e-08 4.37846e-09 
2.25407 9.83234 21432.6 9.7856e-08 -8.08212e-08 -2.42139e-08 1.21219e-08 
2.25467 9.82591 21438.3 9.82198e-08 -7.55093e-08 -2.11967e-08 1.40179e-08 
2.25527 9.81948 21444 9.72546e-08 -6.89882e-08 -1.91433e-08 1.70853e-08 
2.25587 9.81306 21449.7 9.34147e-08 -5.99714e-08 -2.2686e-08 1.91061e-08 
2.25647 9.80664 21455.4 9.44297e-08 -5.60124e-08 -2.0748e-08 2.34863e-08 
2.25707 9.80023 21461.1 1.04847e-07 -6.13374e-08 -1.8555e-08 2.26215e-08 
2.25767 9.79382 21466.8 1.13478e-07 -6.44311e-08 -1.63309e-08 1.63038e-08 
2.25827 9.78741 21472.5 1.21408e-07 -6.65838e-08 -1.82865e-08 1.08527e-08 
2.25887 9.78102 21478.2 1.31694e-07 -7.08167e-08 -1.58616e-08 6.53574e-09 
2.25947 9.77463 21484 1.48171e-07 -8.06327e-08 -9.90401e-09 6.0836e-09 
2.26007 9.76824 21489.7 1.56006e-07 -8.13549e-08 -1.39774e-08 6.23616e-09 
2.26067 9.76186 21495.4 1.56145e-07 -7.43696e-08 -2.22529e-08 1.14397e-08 
2.26127 9.75548 21501.1 1.53776e-07 -6.52165e-08 -2.91657e-08 9.94791e-09 
2.26187 9.74911 21506.8 1.48965e-07 -5.40028e-08 -3.23694e-08 1.94293e-09 
2.26247 9.74275 21512.5 1.42436e-07 -4.15877e-08 -3.73617e-08 -3.82358e-10 
2.26307 9.73639 21518.2 1.30651e-07 -2.46071e-08 -4.13038e-08 1.00774e-09 
2.26367 9.73004 21523.9 1.16138e-07 -5.78578e-09 -3.90347e-08 1.00679e-11 
2.26427 9.72369 21529.6 1.09982e-07 3.89023e-09 -2.98296e-08 -2.83062e-09 
2.26487 9.71735 21535.3 1.0426e-07 1.27534e-08 -1.45864e-08 -7.87453e-09 
2.26547 9.71101 21541 1.00213e-07 1.95608e-08 -3.09119e-09 -1.28658e-08 
2.26607 9.70468 21546.7 9.50469e-08 2.7051e-08 6.79887e-09 -1.23056e-08 
2.26667 9.69836 21552.4 9.24291e-08 3.18087e-08 2.26228e-08 -1.27153e-08 
2.26727 9.69204 21558.1 8.83021e-08 3.76536e-08 2.73698e-08 -7.93775e-09 
2.26787 9.68572 21563.8 8.50157e-08 4.2499e-08 3.5193e-08 -3.65641e-09 
2.26847 9.67941 21569.5 7.906e-08 4.96415e-08 3.38551e-08 -5.76222e-09 
2.26907 9.67311 21575.3 6.28855e-08 6.63087e-08 2.92238e-08 -1.28163e-08 
2.26967 9.66681 21581 5.83364e-08 7.07454e-08 3.06667e-08 -1.43565e-08 
2.27027 9.66052 21586.7 5.09646e-08 7.7616e-08 3.10556e-08 -1.15072e-08 
2.27087 9.65424 21592.4 4.32454e-08 8.44963e-08 3.18648e-08 -7.50717e-09 
2.27147 9.64796 21598.1 3.6373e-08 8.99944e-08 3.06061e-08 -6.45356e-09 
2.27207 9.64169 21603.8 3.55684e-08 8.92536e-08 3.92455e-08 1.50656e-09 
2.27267 9.63542 21609.5 4.59087e-08 7.76641e-08 4.93276e-08 3.28936e-09 
2.27327 9.62915 21615.2 4.76251e-08 7.49883e-08 5.06718e-08 3.68973e-09 
2.27387 9.6229 21620.9 5.56995e-08 6.62689e-08 5.45588e-08 3.74504e-09 
2.27447 9.61665 21626.6 6.1433e-08 6.01436e-08 5.57705e-08 1.37696e-09 
2.27507 9.6104 21632.3 6.86982e-08 5.29261e-08 6.04848e-08 -5.47293e-09 
2.27567 9.60416 21638 7.29016e-08 4.89821e-08 5.72398e-08 -1.31275e-08 
2.27627 9.59793 21643.7 6.97977e-08 5.23418e-08 5.39716e-08 -1.33799e-08 
2.27687 9.5917 21649.4 6.45508e-08 5.76089e-08 5.38189e-08 -1.15123e-08 
2.27747 9.58548 21655.1 5.73333e-08 6.44058e-08 5.42678e-08 -5.62606e-09 
2.27807 9.57927 21660.8 4.85199e-08 7.24268e-08 6.01768e-08 -4.37559e-09 
2.27867 9.57306 21666.5 3.85574e-08 8.10185e-08 6.27393e-08 -9.50543e-09 
2.27927 9.56685 21672.3 2.56845e-08 9.19387e-08 6.87396e-08 -1.0724e-08 
2.27987 9.56065 21678 1.91476e-08 9.60105e-08 7.59548e-08 -1.68901e-08 
2.28047 9.55446 21683.7 1.25972e-08 9.97724e-08 8.12188e-08 -1.59744e-08 
2.28107 9.54827 21689.4 9.26697e-09 1.00162e-07 8.39916e-08 -7.71769e-09 
2.28167 9.54209 21695.1 2.68813e-09 1.03541e-07 7.93527e-08 3.57215e-10 
2.28227 9.53592 21700.8 -2.28076e-09 1.05085e-07 7.43906e-08 3.06664e-09 
2.28287 9.52975 21706.5 -3.43965e-10 9.97e-08 6.76601e-08 3.41815e-09 
2.28347 9.52358 21712.2 -5.82546e-09 1.0179e-07 5.69693e-08 3.46898e-09 
2.28407 9.51743 21717.9 -1.65304e-08 1.08704e-07 4.0473e-08 -7.68608e-10 
2.28467 9.51127 21723.6 -2.28208e-08 1.10788e-07 3.08421e-08 -2.23226e-09 
2.28527 9.50513 21729.3 -3.00869e-08 1.13681e-07 2.77192e-08 -3.77112e-11 
2.28587 9.49899 21735 -4.24337e-08 1.21194e-07 1.92021e-08 -1.63456e-10 
2.28648 9.49285 21740.7 -5.4469e-08 1.27841e-07 1.58503e-08 -2.36078e-09 
2.28708 9.48672 21746.4 -6.18838e-08 1.29525e-07 2.06257e-08 -2.03603e-09 
2.28768 9.4806 21752.1 -6.66736e-08 1.28343e-07 2.36934e-08 2.93291e-09 
2.28828 9.47448 21757.8 -6.83005e-08 1.24082e-07 3.04725e-08 5.81684e-09 
2.28888 9.46837 21763.5 -6.75788e-08 1.17519e-07 3.18993e-08 1.06672e-08 
2.28948 9.46226 21769.3 -6.45215e-08 1.0893e-07 3.7606e-08 1.32644e-08 
2.29008 9.45616 21775 -5.62971e-08 9.56161e-08 4.10308e-08 1.22083e-08 
2.29068 9.45007 21780.7 -4.88142e-08 8.36222e-08 4.19722e-08 1.20878e-08 
2.29128 9.44398 21786.4 -3.91058e-08 7.00051e-08 4.06382e-08 7.21339e-09 
2.29188 9.43789 21792.1 -3.22707e-08 5.97779e-08 3.67065e-08 9.68922e-09 
2.29248 9.43182 21797.8 -2.04163e-08 4.51542e-08 3.57564e-08 1.04213e-08 
2.29308 9.42574 21803.5 -1.34586e-08 3.60242e-08 3.36275e-08 9.6556e-09 
2.29368 9.41968 21809.2 -1.36404e-08 3.42859e-08 3.01831e-08 9.80191e-09 
2.29428 9.41362 21814.9 -1.84766e-08 3.71067e-08 2.99445e-08 1.12928e-08 
2.29488 9.40756 21820.6 -2.37534e-08 4.01006e-08 3.20653e-08 1.26388e-08 
2.29548 9.40151 21826.3 -2.36801e-08 3.77214e-08 3.6444e-08 1.23855e-08 
2.29608 9.39547 21832 -2.62105e-08 3.79015e-08 3.16991e-08 1.755e-08 
2.29668 9.38943 21837.7 -2.60348e-08 3.54171e-08 2.60505e-08 1.19033e-08 
2.29728 9.3834 21843.4 -2.61104e-08 3.32117e-08 1.84295e-08 4.27755e-09 
2.29788 9.37737 21849.1 -2.994e-08 3.47879e-08 1.26408e-08 -5.57006e-09 
2.29848 9.37135 21854.8 -4.13045e-08 4.3504e-08 1.45831e-09 -1.26093e-08 
2.29908 9.36533 21860.6 -4.63003e-08 4.54133e-08 -9.02742e-09 -1.56585e-08 
2.29968 9.35932 21866.3 -3.74947e-08 3.37382e-08 -1.7542e-08 -1.69232e-08 
2.30028 9.35332 21872 -2.647e-08 2.04823e-08 -3.51978e-08 -1.23852e-08 
2.30088 9.34732 21877.7 -2.04065e-08 1.2725e-08 -5.72441e-08 -1.08317e-08 
2.30148 9.34133 21883.4 -2.15254e-08 1.2335e-08 -7.07911e-08 -1.00134e-08 
2.30208 9.33534 21889.1 -3.78021e-08 2.66758e-08 -7.36255e-08 -7.38043e-09 
2.30268 9.32936 21894.8 -5.57619e-08 4.17577e-08 -6.93898e-08 -2.28558e-09 
2.30328 9.32338 21900.5 -6.62394e-08 4.86492e-08 -6.01819e-08 5.03303e-09 
2.30388 9.31741 21906.2 -6.80993e-08 4.66937e-08 -5.74024e-08 1.16736e-08 
2.30448 9.31145 21911.9 -6.42852e-08 3.92151e-08 -6.20722e-08 1.53219e-08 
2.30508 9.30549 21917.6 -6.61141e-08 3.7621e-08 -6.41193e-08 1.41223e-08 
2.30568 9.29953 21923.3 -8.3046e-08 5.06674e-08 -6.30728e-08 3.89334e-09 
2.30628 9.29359 21929 -1.04546e-07 6.73218e-08 -4.91785e-08 -5.71355e-09 
2.30688 9.28764 21934.7 -1.17085e-07 7.41614e-08 -3.09178e-08 -1.0899e-08 
2.30748 9.28171 21940.4 -1.18628e-07 6.98066e-08 -2.09336e-08 -1.45299e-08 
2.30808 9.27577 21946.1 -1.12129e-07 5.77252e-08 -2.78556e-08 -1.38184e-08 
2.30868 9.26985 21951.8 -1.06526e-07 4.69997e-08 -4.396e-08 -7.42243e-09 
2.30928 9.26393 21957.6 -9.50192e-08 3.09745e-08 -5.21942e-08 -6.27522e-09 
2.30988 9.25801 21963.3 -8.79481e-08 2.00075e-08 -5.10071e-08 -4.90653e-09 
2.31048 9.2521 21969 -8.13648e-08 9.99597e-09 -4.42717e-08 -5.03574e-09 
2.31108 9.2462 21974.7 -7.57041e-08 1.30455e-09 -3.57234e-08 -5.5368e-09 
2.31168 9.2403 21980.4 -7.19305e-08 -5.12554e-09 -2.85523e-08 -8.80955e-09 
2.31228 9.23441 21986.1 -7.26224e-08 -6.95218e-09 -2.75251e-08 -9.09773e-09 
2.31288 9.22852 21991.8 -7.54155e-08 -6.70869e-09 -2.73527e-08 -9.82424e-09 
2.31348 9.22264 21997.5 -6.75622e-08 -1.69592e-08 -2.4836e-08 -8.96891e-09 
2.31408 9.21676 22003.2 -5.35387e-08 -3.26333e-08 -1.80644e-08 -7.2659e-09 
2.31468 9.21089 22008.9 -4.61297e-08 -4.10496e-08 -1.8284e-08 -1.9877e-09 
2.31528 9.20503 22014.6 -4.67186e-08 -4.12343e-08 -1.63874e-08 3.6084e-09 
2.31588 9.19916 22020.3 -5.33424e-08 -3.55637e-08 -8.49315e-09 5.23816e-09 
2.31648 9.19331 22026 -5.87304e-08 -3.14051e-08 2.05673e-09 4.33303e-09 
2.31708 9.18746 22031.7 -6.09318e-08 -3.05842e-08 6.03385e-09 3.09233e-09 
2.31768 9.18162 22037.4 -5.55465e-08 -3.71873e-08 1.18464e-09 9.23557e-10 
2.31828 9.17578 22043.1 -5.17535e-08 -4.18466e-08 -9.84849e-09 1.71442e-09 
2.31888 9.16994 22048.9 -4.24229e-08 -5.16796e-08 -2.07944e-08 5.19431e-09 
2.31948 9.16411 22054.6 -2.98033e-08 -6.41125e-08 -2.04849e-08 1.14592e-08 
2.32008 9.15829 22060.3 -1.64515e-08 -7.65464e-08 -1.65881e-08 1.53505e-08 
2.32068 9.15247 22066 -3.9843e-09 -8.73741e-08 -9.38013e-09 1.97231e-08 
2.32128 9.14666 22071.7 4.06501e-09 -9.31759e-08 -1.62873e-10 1.95603e-08 
2.32188 9.14085 22077.4 -1.17381e-09 -8.56137e-08 5.16743e-09 1.00661e-08 
2.32248 9.13505 22083.1 -6.87866e-09 -7.79394e-08 9.51833e-09 4.91425e-09 
2.32308 9.12925 22088.8 -5.23894e-09 -7.7683e-08 1.67961e-08 5.80096e-09 
2.32368 9.12346 22094.5 -1.82704e-09 -7.90074e-08 1.6336e-08 5.75209e-09 
2.32428 9.11768 22100.2 -2.26395e-09 -7.63578e-08 8.04832e-09 5.2846e-09 
2.32488 9.11189 22105.9 -5.79872e-09 -7.07123e-08 7.36761e-10 -1.16746e-10 
2.32548 9.10612 22111.6 -7.17039e-09 -6.73354e-08 1.05445e-09 -4.66343e-09 
2.32608 9.10035 22117.3 -8.21197e-09 -6.42719e-08 4.19358e-09 -4.21531e-09 
2.32668 9.09458 22123 -1.71423e-08 -5.35353e-08 -1.95711e-10 -1.23072e-09 
2.32728 9.08882 22128.7 -2.92923e-08 -4.00946e-08 -9.47856e-09 -2.72728e-09 
2.32788 9.08307 22134.4 -4.49896e-08 -2.37872e-08 -2.08065e-08 -4.24975e-09 
2.32848 9.07731 22140.1 -5.86428e-08 -1.02245e-08 -3.43556e-08 -1.64766e-09 
2.32908 9.07157 22145.9 -6.4686e-08 -4.72201e-09 -4.96036e-08 5.52544e-09 
2.32968 9.06583 22151.6 -6.30075e-08 -6.88964e-09 -6.29478e-08 3.80168e-09 
2.33028 9.06009 22157.3 -5.87772e-08 -1.13309e-08 -7.6234e-08 -6.69986e-09 
2.33088 9.05436 22163 -5.75458e-08 -1.24978e-08 -8.31162e-08 -1.3421e-08 
2.33148 9.04864 22168.7 -5.13406e-08 -1.83897e-08 -8.08434e-08 -9.69741e-09 
2.33208 9.04292 22174.4 -4.46562e-08 -2.42743e-08 -6.92847e-08 -3.28335e-09 
2.33268 9.03721 22180.1 -4.05115e-08 -2.72598e-08 -6.16185e-08 -3.63168e-10 
2.33328 9.0315 22185.8 -4.4114e-08 -2.24067e-08 -5.71733e-08 -5.50955e-09 
2.33388 9.02579 22191.5 -5.17055e-08 -1.3823e-08 -5.43918e-08 -9.83625e-09 
2.33448 9.02009 22197.2 -5.66317e-08 -8.2361e-09 -5.10862e-08 -8.24539e-09 
2.33508 9.0144 22202.9 -5.45409e-08 -9.6426e-09 -4.56109e-08 -5.59585e-09 
2.33568 9.00871 22208.6 -5.58846e-08 -7.55609e-09 -4.63073e-08 -7.53771e-09 
2.33628 9.00302 22214.3 -5.92967e-08 -3.50589e-09 -4.67165e-08 -8.38732e-09 
2.33688 8.99734 22220 -5.84885e-08 -3.78825e-09 -4.05241e-08 -3.8733e-09 
2.33748 8.99167 22225.7 -5.46579e-08 -6.90042e-09 -2.63863e-08 7.65058e-10 
2.33808 8.986 22231.4 -5.70835e-08 -3.75646e-09 -1.87015e-08 2.27775e-09 
2.33868 8.98033 22237.2 -5.88739e-08 -1.3938e-09 -1.21245e-08 8.26754e-09 
2.33928 8.97467 22242.9 -6.71423e-08 7.18248e-09 -5.41892e-09 7.95468e-09 
2.33988 8.96902 22248.6 -7.78693e-08 1.76159e-08 -3.70438e-09 5.45854e-09 
2.34048 8.96337 22254.3 -8.429e-08 2.32603e-08 5.57522e-10 1.73056e-09 
2.34108 8.95772 22260 -8.55782e-08 2.35307e-08 3.41827e-09 -6.67756e-10 
2.34168 8.95208 22265.7 -8.59968e-08 2.28759e-08 5.00185e-09 8.36939e-10 
2.34228 8.94645 22271.4 -8.33285e-08 1.91212e-08 7.78531e-09 -9.69427e-10 
2.34288 8.94082 22277.1 -7.50454e-08 9.97734e-09 1.78661e-08 -6.54346e-09 
2.34349 8.93519 22282.8 -5.72639e-08 -8.03814e-09 3.30632e-08 -8.69774e-09 
2.34409 8.92957 22288.5 -4.35135e-08 -2.12174e-08 4.68231e-08 -4.2949e-09 
2.34469 8.92396 22294.2 -3.49644e-08 -2.87699e-08 5.34102e-08 3.82941e-09 
2.34529 8.91835 22299.9 -2.6618e-08 -3.58073e-08 6.24005e-08 6.20357e-09 
2.34589 8.91274 22305.6 -1.85855e-08 -4.22455e-08 6.87722e-08 3.50897e-09 
2.34649 8.90714 22311.3 -1.26979e-08 -4.63151e-08 6.78032e-08 1.97992e-09 
2.34709 8.90155 22317 -1.11076e-08 -4.60425e-08 6.02072e-08 2.4413e-09 
2.34769 8.89596 22322.7 -1.19464e-08 -4.35155e-08 5.03922e-08 2.09713e-09 
2.34829 8.89037 22328.4 -7.64225e-09 -4.62021e-08 4.53086e-08 9.46554e-09 
2.34889 8.88479 22334.2 -1.43553e-09 -5.0654e-08 4.26256e-08 1.70346e-08 
2.34949 8.87921 22339.9 6.09166e-09 -5.62049e-08 4.00424e-08 1.81393e-08 
2.35009 8.87364 22345.6 1.12427e-08 -5.92024e-08 3.89812e-08 1.3517e-08 
2.35069 8.86807 22351.3 1.72549e-08 -6.29257e-08 4.16915e-08 9.50665e-09 
2.35129 8.86251 22357 2.20732e-08 -6.53091e-08 4.70287e-08 5.38516e-09 
2.35189 8.85696 22362.7 2.39387e-08 -6.47125e-08 5.02624e-08 3.70887e-09 
2.35249 8.8514 22368.4 2.56862e-08 -6.40477e-08 5.21385e-08 -3.2138e-10 
2.35309 8.84586 22374.1 1.93015e-08 -5.54619e-08 5.3079e-08 -3.0429e-09 
2.35369 8.84031 22379.8 1.28255e-08 -4.73225e-08 5.13541e-08 -3.75629e-09 
2.35429 8.83478 22385.5 1.37297e-08 -4.67815e-08 5.77078e-08 -2.32332e-09 
2.35489 8.82924 22391.2 1.55716e-08 -4.71515e-08 6.38411e-08 -7.28348e-09 
2.35549 8.82371 22396.9 1.36656e-08 -4.38733e-08 6.64099e-08 -1.07372e-08 
2.35609 8.81819 22402.6 1.95042e-08 -4.83309e-08 7.49557e-08 -1.54203e-08 
2.35669 8.81267 22408.3 3.20582e-08 -5.90631e-08 8.9651e-08 -2.27043e-08 
2.35729 8.80716 22414 4.57114e-08 -7.02254e-08 1.01271e-07 -2.54042e-08 
2.35789 8.80165 22419.7 5.70089e-08 -7.84803e-08 1.05664e-07 -1.89232e-08 
2.35849 8.79614 22425.5 6.71113e-08 -8.50267e-08 1.09973e-07 -7.11281e-09 
2.35909 8.79065 22431.2 7.66064e-08 -9.05865e-08 1.0965e-07 1.89543e-09 
2.35969 8.78515 22436.9 8.49363e-08 -9.45391e-08 1.07695e-07 4.80246e-09 
2.36029 8.77966 22442.6 8.59909e-08 -9.1102e-08 9.60647e-08 7.93505e-09 
2.36089 8.77417 22448.3 8.55228e-08 -8.61989e-08 8.43157e-08 6.68019e-09 
2.36149 8.76869 22454 8.17735e-08 -7.82277e-08 7.27528e-08 4.65207e-09 
2.36209 8.76322 22459.7 8.04743e-08 -7.29096e-08 6.36596e-08 5.72933e-09 
2.36269 8.75775 22465.4 7.93441e-08 -6.78645e-08 5.6673e-08 4.83252e-09 
2.36329 8.75228 22471.1 7.68575e-08 -6.16014e-08 5.00587e-08 2.00105e-09 
2.36389 8.74682 22476.8 7.40089e-08 -5.51646e-08 4.5856e-08 -3.50196e-09 
2.36449 8.74136 22482.5 7.45869e-08 -5.22395e-08 4.54978e-08 -7.1611e-09 
2.36509 8.73591 22488.2 7.43279e-08 -4.84716e-08 4.50489e-08 -4.70643e-09 
2.36569 8.73046 22493.9 7.32776e-08 -4.39563e-08 4.13953e-08 2.04054e-09 
2.36629 8.72502 22499.6 6.47718e-08 -3.22323e-08 3.50956e-08 6.31818e-09 
2.36689 8.71958 22505.3 5.66934e-08 -2.14167e-08 2.72668e-08 1.06366e-08 
2.36749 8.71415 22511 4.93263e-08 -1.16744e-08 2.23304e-08 1.37143e-08 
2.36809 8.70872 22516.7 3.80901e-08 1.50011e-09 1.36631e-08 1.09456e-08 
2.36869 8.70329 22522.5 2.12346e-08 1.95765e-08 1.86257e-09 6.98523e-09 
2.36929 8.69787 22528.2 8.74227e-09 3.2559e-08 -5.23242e-09 6.40301e-09 
2.36989 8.69246 22533.9 2.30066e-09 3.90951e-08 -6.76809e-09 4.11014e-09 
2.37049 8.68705 22539.6 -5.98714e-09 4.72328e-08 -9.7502e-09 -2.15016e-09 
2.37109 8.68164 22545.3 -1.19115e-08 5.26706e-08 -1.6238e-08 -5.11946e-09 
2.37169 8.67624 22551 -1.01455e-08 5.0462e-08 -1.52275e-08 -6.16975e-09 
2.37229 8.67085 22556.7 -7.04517e-09 4.71526e-08 -1.66659e-08 -4.87914e-09 
2.37289 8.66546 22562.4 -1.09496e-09 4.13315e-08 -2.14135e-08 -2.34106e-09 
2.37349 8.66007 22568.1 6.34442e-09 3.44816e-08 -2.7045e-08 1.66994e-09 
2.37409 8.65469 22573.8 9.84412e-09 3.19308e-08 -3.56847e-08 3.86243e-09 
2.37469 8.64931 22579.5 1.62584e-08 2.67702e-08 -4.41937e-08 4.09204e-09 
2.37529 8.64394 22585.2 2.02056e-08 2.44287e-08 -5.08085e-08 9.99872e-10 
2.37589 8.63857 22590.9 2.18192e-08 2.46109e-08 -5.86913e-08 2.67307e-09 
2.37649 8.63321 22596.6 1.85406e-08 2.96552e-08 -6.49394e-08 1.76973e-09 
2.37709 8.62785 22602.3 1.7381e-08 3.24914e-08 -6.52806e-08 6.83195e-10 
2.37769 8.6225 22608 1.60737e-08 3.54224e-08 -6.17695e-08 -3.83647e-09 
2.37829 8.61715 22613.7 1.5793e-08 3.73333e-08 -5.55342e-08 -7.96363e-09 
2.37889 8.61181 22619.5 1.14513e-08 4.31721e-08 -5.01081e-08 -9.29186e-09 
2.37949 8.60647 22625.2 1.1635e-08 4.4357e-08 -4.17212e-08 -1.12965e-08 
2.38009 8.60114 22630.9 1.68337e-08 4.06781e-08 -3.04264e-08 -5.34548e-09 
2.38069 8.59581 22636.6 1.89867e-08 4.02471e-08 -2.39072e-08 1.15829e-09 
2.38129 8.59049 22642.3 2.03848e-08 4.05992e-08 -2.31964e-08 2.43775e-09 
2.38189 8.58517 22648 1.92005e-08 4.35126e-08 -2.18781e-08 -1.57608e-09 
2.38249 8.57986 22653.7 2.08637e-08 4.34996e-08 -2.30546e-08 -3.51364e-09 
2.38309 8.57455 22659.4 1.77458e-08 4.82348e-08 -2.48488e-08 -8.44443e-09 
2.38369 8.56924 22665.1 9.60494e-09 5.7566e-08 -3.45763e-08 -8.86784e-09 
2.38429 8.56394 22670.8 4.08681e-09 6.3849e-08 -4.01123e-08 -3.5873e-09 
2.38489 8.55865 22676.5 -1.54391e-09 6.99074e-08 -4.34876e-08 3.63839e-09 
2.38549 8.55336 22682.2 -1.45705e-08 8.28166e-08 -4.93739e-08 6.83412e-09 
2.38609 8.54808 22687.9 -2.77269e-08 9.5069e-08 -5.40367e-08 8.1902e-09 
2.38669 8.5428 22693.6 -4.05059e-08 1.06235e-07 -5.21167e-08 5.43503e-09 
2.38729 8.53752 22699.3 -4.76517e-08 1.11163e-07 -5.08685e-08 1.51808e-09 
2.38789 8.53225 22705 -4.77296e-08 1.08825e-07 -4.90302e-08 -1.89593e-09 
2.38849 8.52699 22710.8 -4.43305e-08 1.03065e-07 -5.12212e-08 -3.5092e-09 
2.38909 8.52173 22716.5 -4.35343e-08 9.99963e-08 -5.50386e-08 3.59324e-10 
2.38969 8.51647 22722.2 -4.36038e-08 9.77241e-08 -5.80125e-08 3.18099e-09 
2.39029 8.51122 22727.9 -4.23078e-08 9.40783e-08 -5.51922e-08 5.31523e-09 
2.39089 8.50598 22733.6 -4.32221e-08 9.25923e-08 -5.35488e-08 9.62051e-09 
2.39149 8.50074 22739.3 -3.85219e-08 8.54728e-08 -5.48553e-08 1.3945e-08 
2.39209 8.4955 22745 -2.32665e-08 6.82879e-08 -5.28143e-08 1.47208e-08 
2.39269 8.49027 22750.7 -1.19737e-08 5.57202e-08 -5.37922e-08 1.39571e-08 
2.39329 8.48505 22756.4 -1.02272e-08 5.29644e-08 -5.50512e-08 1.10368e-08 
2.39389 8.47983 22762.1 -2.17323e-08 6.30915e-08 -4.84525e-08 5.08606e-09 
2.39449 8.47461 22767.8 -3.37805e-08 7.30166e-08 -3.14553e-08 -1.29884e-09 
2.39509 8.4694 22773.5 -3.87192e-08 7.53271e-08 -9.36499e-09 -3.61757e-09 
2.39569 8.46419 22779.2 -3.63928e-08 7.02765e-08 4.77235e-09 -1.95219e-09 
2.39629 8.45899 22784.9 -2.53616e-08 5.6832e-08 8.5505e-09 -6.48374e-09 
2.39689 8.4538 22790.6 -1.55993e-08 4.52386e-08 9.92927e-09 -6.0306e-09 
2.39749 8.44861 22796.3 -1.71928e-08 4.51814e-08 9.87039e-09 -1.00832e-08 
2.39809 8.44342 22802 -2.77266e-08 5.36785e-08 1.54351e-08 -1.39298e-08 
2.39869 8.43824 22807.8 -3.21975e-08 5.5667e-08 2.80519e-08 -1.63827e-08 
2.39929 8.43306 22813.5 -2.902e-08 4.99806e-08 3.70883e-08 -1.34448e-08 
2.39989 8.42789 22819.2 -1.88066e-08 3.76467e-08 3.2223e-08 -9.22592e-09 
2.4005 8.42272 22824.9 -1.30313e-08 3.01838e-08 1.51255e-08 -4.01614e-09 
2.4011 8.41756 22830.6 -9.17853e-09 2.48869e-08 -1.27391e-09 -3.98276e-10 
2.4017 8.4124 22836.3 -9.64015e-09 2.39938e-08 -7.10874e-09 3.88028e-09 
2.4023 8.40725 22842 -1.46291e-08 2.74943e-08 -5.04052e-09 5.93252e-09 
2.4029 8.4021 22847.7 -2.00325e-08 3.11354e-08 1.39125e-10 6.30459e-09 
2.4035 8.39695 22853.4 -3.42119e-08 4.314e-08 5.14498e-09 9.61849e-09 
2.4041 8.39181 22859.1 -5.02011e-08 5.61241e-08 2.25159e-09 1.32069e-08 
2.4047 8.38668 22864.8 -6.17449e-08 6.40781e-08 4.92921e-09 1.47809e-08 
2.4053 8.38155 22870.5 -7.10872e-08 6.935e-08 2.87807e-09 1.29263e-08 
2.4059 8.37642 22876.2 -7.43145e-08 6.82928e-08 -8.0799e-11 9.49138e-09 
2.4065 8.3713 22881.9 -7.12982e-08 6.11184e-08 -1.78755e-09 1.92343e-09 
2.4071 8.36618 22887.6 -7.50507e-08 6.08772e-08 -2.92271e-09 -1.60276e-09 
2.4077 8.36106 22893.3 -8.70016e-08 6.84997e-08 -6.49318e-09 5.84295e-10 
2.4083 8.35595 22899.1 -9.65165e-08 7.3235e-08 -3.23949e-09 5.35414e-09 
2.4089 8.35085 22904.8 -9.78012e-08 6.95975e-08 1.6778e-09 5.55584e-09 
2.4095 8.34574 22910.5 -9.51058e-08 6.22067e-08 -8.30274e-10 6.12657e-09 
2.4101 8.34065 22916.2 -9.17406e-08 5.4431e-08 -1.37649e-08 5.06775e-09 
2.4107 8.33555 22921.9 -8.59249e-08 4.45942e-08 -2.46439e-08 3.1522e-09 
2.4113 8.33046 22927.6 -7.80612e-08 3.31717e-08 -2.94046e-08 2.18665e-09 
2.4119 8.32538 22933.3 -6.8342e-08 2.05041e-08 -2.58336e-08 1.97737e-09 
2.4125 8.3203 22939 -6.39059e-08 1.35855e-08 -2.11463e-08 8.35348e-10 
2.4131 8.31522 22944.7 -6.25045e-08 9.95851e-09 -1.46971e-08 6.6615e-09 
2.4137 8.31014 22950.4 -6.835e-08 1.35658e-08 -8.03578e-09 1.37701e-08 
2.4143 8.30507 22956.1 -7.76682e-08 2.03195e-08 -4.41934e-09 1.43298e-08 
2.4149 8.30001 22961.8 -8.05493e-08 2.03973e-08 -1.72936e-09 9.35443e-09 
2.4155 8.29494 22967.5 -7.72721e-08 1.44635e-08 -1.61135e-09 4.58696e-09 
2.4161 8.28988 22973.2 -7.10253e-08 5.91935e-09 -8.20593e-09 5.99939e-09 
2.4167 8.28483 22978.9 -6.65977e-08 -4.20674e-10 -1.59714e-08 9.68442e-09 
2.4173 8.27978 22984.6 -6.1895e-08 -6.73813e-09 -1.96309e-08 3.20659e-09 
2.4179 8.27473 22990.3 -5.45889e-08 -1.52796e-08 -1.59846e-08 -2.23367e-09 
2.4185 8.26969 22996.1 -4.53686e-08 -2.52306e-08 -1.01777e-08 -6.03424e-09 
2.4191 8.26465 23001.8 -4.05804e-08 -3.032e-08 -8.20944e-09 -9.27676e-10 
2.4197 8.25961 23007.5 -4.14926e-08 -2.9588e-08 -1.04274e-08 4.60012e-09 
2.4203 8.25457 23013.2 -3.86786e-08 -3.25515e-08 -1.09625e-08 5.26789e-09 
2.4209 8.24954 23018.9 -2.80033e-08 -4.2985e-08 -6.27509e-09 1.14904e-09 
2.4215 8.24452 23024.6 -1.51984e-08 -5.49075e-08 -3.17614e-09 3.81549e-09 
2.4221 8.23949 23030.3 -5.31977e-09 -6.33371e-08 -1.87819e-09 1.10147e-08 
2.4227 8.23447 23036 7.07998e-09 -7.37546e-08 6.34178e-09 1.23285e-08 
2.4233 8.22946 23041.7 1.389e-08 -7.80887e-08 2.3122e-08 1.02598e-08 
2.4239 8.22444 23047.4 1.64256e-08 -7.80152e-08 3.93286e-08 1.05417e-08 
2.4245 8.21943 23053.1 1.85487e-08 -7.74565e-08 5.85913e-08 1.36181e-08 
2.4251 8.21443 23058.8 1.32229e-08 -6.95741e-08 7.30904e-08 1.52641e-08 
2.4257 8.20942 23064.5 1.16378e-09 -5.55016e-08 7.87401e-08 1.58345e-08 
2.4263 8.20442 23070.2 -1.0491e-08 -4.25086e-08 8.25089e-08 1.19398e-08 
2.4269 8.19943 23075.9 -1.56808e-08 -3.64735e-08 8.45645e-08 7.28484e-09 
2.4275 8.19443 23081.6 -1.73879e-08 -3.40741e-08 8.43456e-08 4.17511e-09 
2.4281 8.18944 23087.4 -2.01707e-08 -3.0751e-08 7.78052e-08 6.07024e-09 
2.4287 8.18446 23093.1 -2.43099e-08 -2.62563e-08 7.3622e-08 1.31809e-08 
2.4293 8.17948 23098.8 -2.39429e-08 -2.64246e-08 7.36204e-08 2.53346e-08 
2.4299 8.1745 23104.5 -2.19771e-08 -2.80874e-08 7.86961e-08 3.07245e-08 
2.4305 8.16952 23110.2 -2.38674e-08 -2.59193e-08 7.71173e-08 2.6554e-08 
2.4311 8.16455 23115.9 -3.05252e-08 -1.92069e-08 7.24397e-08 1.92068e-08 
2.4317 8.15958 23121.6 -3.64455e-08 -1.35927e-08 6.68023e-08 1.3816e-08 
2.4323 8.15462 23127.3 -4.10413e-08 -9.5611e-09 6.22778e-08 9.92459e-09 
2.4329 8.14966 23133 -3.99074e-08 -1.1353e-08 5.54058e-08 2.83821e-09 
2.4335 8.1447 23138.7 -4.02019e-08 -1.16423e-08 4.80091e-08 -2.95685e-09 
2.4341 8.13975 23144.4 -3.87803e-08 -1.3656e-08 3.88791e-08 -1.35935e-09 
2.4347 8.1348 23150.1 -3.47249e-08 -1.81215e-08 3.76213e-08 1.80965e-10 
2.4353 8.12985 23155.8 -3.1586e-08 -2.14899e-08 3.78081e-08 2.21425e-09 
2.4359 8.12491 23161.5 -2.83525e-08 -2.47845e-08 3.86839e-08 6.24709e-09 
2.4365 8.11997 23167.2 -2.91064e-08 -2.40046e-08 3.86354e-08 6.25425e-09 
2.4371 8.11504 23172.9 -3.74805e-08 -1.58414e-08 3.41046e-08 5.91281e-09 
2.4377 8.11011 23178.6 -4.86147e-08 -5.4329e-09 2.72178e-08 3.92915e-09 
2.4383 8.10518 23184.4 -5.62954e-08 1.05127e-09 2.03279e-08 3.79495e-09 
2.4389 8.10026 23190.1 -6.30296e-08 6.30202e-09 1.16607e-08 5.91476e-09 
2.4395 8.09534 23195.8 -7.51641e-08 1.65075e-08 -3.40556e-09 7.65936e-09 
2.4401 8.09043 23201.5 -8.24113e-08 2.13451e-08 -1.58367e-08 3.20521e-09 
2.4407 8.08552 23207.2 -7.99902e-08 1.64787e-08 -1.79178e-08 -2.34602e-09 
2.4413 8.08062 23212.9 -7.63009e-08 1.06076e-08 -1.76577e-08 -2.3074e-10 
2.4419 8.07572 23218.6 -7.29554e-08 5.30791e-09 -1.9135e-08 4.85998e-09 
2.4425 8.07082 23224.3 -6.82286e-08 -1.10288e-09 -1.5608e-08 1.00684e-08 
2.4431 8.06593 23230 -6.34096e-08 -7.30591e-09 -8.8005e-09 1.53467e-08 
2.4437 8.06104 23235.7 -5.72499e-08 -1.45347e-08 -2.88252e-09 1.86032e-08 
2.4443 8.05616 23241.4 -5.25126e-08 -1.99871e-08 1.34328e-09 1.53551e-08 
2.4449 8.05128 23247.1 -5.18004e-08 -2.12749e-08 -4.94631e-10 1.01106e-08 
2.4455 8.04641 23252.8 -4.79804e-08 -2.55246e-08 -1.35431e-09 7.81629e-09 
2.4461 8.04154 23258.5 -4.3206e-08 -3.04893e-08 -1.89044e-09 8.04998e-09 
2.4467 8.03668 23264.2 -3.39473e-08 -3.9564e-08 -3.19986e-09 6.03314e-09 
2.4473 8.03182 23269.9 -2.38568e-08 -4.89511e-08 -4.32428e-09 3.27965e-10 
2.4479 8.02696 23275.7 -1.45435e-08 -5.70777e-08 -6.34111e-09 -4.83776e-09 
2.4485 8.02211 23281.4 -3.74446e-09 -6.62061e-08 -6.48987e-09 -8.25022e-09 
2.4491 8.01727 23287.1 8.86041e-09 -7.6573e-08 -5.20087e-09 -1.07088e-08 
2.4497 8.01243 23292.8 2.01854e-08 -8.50713e-08 -6.13201e-09 -1.07239e-08 
2.4503 8.00759 23298.5 2.41618e-08 -8.5889e-08 -1.29323e-08 -1.08008e-08 
2.4509 8.00276 23304.2 2.46573e-08 -8.3192e-08 -2.22236e-08 -1.07415e-08 
2.4515 7.99793 23309.9 2.36358e-08 -7.90782e-08 -3.11713e-08 -1.15805e-08 
2.4521 7.99311 23315.6 2.51032e-08 -7.74882e-08 -3.96565e-08 -1.45865e-08 
2.4527 7.98829 23321.3 1.97498e-08 -6.92169e-08 -5.11916e-08 -1.1951e-08 
2.4533 7.98348 23327 1.37252e-08 -6.0665e-08 -6.3954e-08 -5.64382e-09 
2.4539 7.97868 23332.7 1.46599e-08 -5.9272e-08 -6.80907e-08 -5.54387e-09 
2.4545 7.97387 23338.4 1.96938e-08 -6.18218e-08 -6.54062e-08 -3.71335e-09 
2.4551 7.96908 23344.1 2.22619e-08 -6.17998e-08 -6.58375e-08 -1.31152e-09 
2.4557 7.96429 23349.8 2.99273e-08 -6.66664e-08 -6.15206e-08 -4.76704e-10 
2.4563 7.9595 23355.5 3.75018e-08 -7.11299e-08 -5.39269e-08 -1.8768e-09 
2.4569 7.95472 23361.2 4.78974e-08 -7.80179e-08 -4.55933e-08 -3.66283e-09 
2.4575 7.94994 23366.9 5.61356e-08 -8.23746e-08 -4.0147e-08 -7.08527e-09 
2.45811 7.94517 23372.7 6.40798e-08 -8.61076e-08 -3.66423e-08 -1.39051e-08 
2.45871 7.9404 23378.4 6.69186e-08 -8.45795e-08 -3.64161e-08 -1.97461e-08 
2.45931 7.93564 23384.1 7.06027e-08 -8.38661e-08 -3.75766e-08 -2.0087e-08 
2.45991 7.93089 23389.8 7.65927e-08 -8.53169e-08 -3.72211e-08 -1.52324e-08 
2.46051 7.92613 23395.5 7.88462e-08 -8.29187e-08 -3.89128e-08 -6.83104e-09 
2.46111 7.92138 23401.2 8.10046e-08 -8.04733e-08 -4.25618e-08 -1.98945e-09 
2.46171 7.91664 23406.9 8.602e-08 -8.08167e-08 -4.05751e-08 1.60472e-09 
2.46231 7.9119 23412.6 9.39987e-08 -8.39296e-08 -3.68052e-08 -3.82285e-10 
2.46291 7.90717 23418.3 1.02502e-07 -8.72648e-08 -3.28598e-08 -3.31007e-09 
2.46351 7.90244 23424 1.0824e-07 -8.76115e-08 -3.06666e-08 -5.65056e-09 
2.46411 7.89771 23429.7 1.12864e-07 -8.67567e-08 -2.89969e-08 -1.11116e-09 
2.46471 7.89299 23435.4 1.20435e-07 -8.86807e-08 -2.46253e-08 3.97826e-09 
2.46531 7.88827 23441.1 1.22565e-07 -8.50416e-08 -2.24031e-08 6.89356e-09 
2.46591 7.88356 23446.8 1.18287e-07 -7.5231e-08 -2.61094e-08 6.52833e-09 
2.46651 7.87885 23452.5 1.1344e-07 -6.52449e-08 -2.7942e-08 6.07016e-09 
2.46711 7.87414 23458.2 1.07343e-07 -5.44202e-08 -2.73458e-08 1.71956e-09 
2.46771 7.86944 23463.9 9.98607e-08 -4.26723e-08 -2.7172e-08 -3.47676e-09 
2.46831 7.86475 23469.7 8.71956e-08 -2.63679e-08 -2.74315e-08 -3.61567e-09 
2.46891 7.86005 23475.4 7.79749e-08 -1.42009e-08 -2.50912e-08 -4.6428e-09 
2.46951 7.85536 23481.1 7.19622e-08 -5.68487e-09 -1.63498e-08 -7.88178e-09 
2.47011 7.85068 23486.8 6.71119e-08 1.31455e-09 -9.14713e-09 -7.12182e-09 
2.47071 7.846 23492.5 6.38381e-08 6.4584e-09 -3.13319e-09 -5.19322e-09 
2.47131 7.84132 23498.2 6.39834e-08 8.04504e-09 3.39925e-09 -2.73764e-09 
2.47191 7.83665 23503.9 6.45161e-08 9.20775e-09 8.65571e-09 1.43951e-09 
2.47251 7.83198 23509.6 6.71482e-08 8.27527e-09 1.05832e-08 3.44317e-09 
2.47311 7.82731 23515.3 7.1852e-08 5.41377e-09 1.12102e-08 5.13312e-09 
2.47371 7.82265 23521 7.01387e-08 8.99839e-09 7.13905e-09 3.96712e-09 
2.47431 7.81799 23526.7 6.8708e-08 1.21059e-08 -6.54607e-10 2.03699e-09 
2.47491 7.81333 23532.4 6.93038e-08 1.31337e-08 -3.77246e-09 4.71344e-09 
2.47551 7.80868 23538.1 6.78024e-08 1.618e-08 -8.68193e-09 8.88778e-09 
2.47611 7.80403 23543.8 6.35145e-08 2.18005e-08 -1.49005e-08 1.27439e-08 
2.47671 7.79938 23549.5 6.21578e-08 2.42804e-08 -1.74408e-08 1.37647e-08 
2.47731 7.79474 23555.2 6.15433e-08 2.59362e-08 -1.49558e-08 1.4706e-08 
2.47791 7.7901 23561 5.99728e-08 2.84625e-08 -1.12521e-08 1.19874e-08 
2.47851 7.78546 23566.7 5.5189e-08 3.39784e-08 -7.40153e-09 8.53686e-09 
2.47911 7.78083 23572.4 5.64557e-08 3.33023e-08 2.2979e-10 9.44064e-09 
2.47971 7.77619 23578.1 6.15369e-08 2.89371e-08 9.64978e-09 1.1987e-08 
2.48031 7.77157 23583.8 7.09495e-08 2.05889e-08 1.62126e-08 1.20713e-08 
2.48091 7.76694 23589.5 7.27518e-08 2.01091e-08 1.80849e-08 1.05069e-08 
2.48151 7.76232 23595.2 7.15724e-08 2.25417e-08 1.78834e-08 8.61727e-09 
2.48211 7.7577 23600.9 6.63949e-08 2.87852e-08 2.33875e-08 5.05942e-09 
2.48271 7.75308 23606.6 5.70634e-08 3.87603e-08 2.79862e-08 1.30846e-09 
2.48331 7.74847 23612.3 5.02398e-08 4.57571e-08 3.09363e-08 3.563e-09 
2.48391 7.74386 23618 4.91039e-08 4.68655e-08 3.39339e-08 4.76882e-09 
2.48451 7.73925 23623.7 4.68724e-08 4.89905e-08 3.28335e-08 3.53875e-09 
2.48511 7.73465 23629.4 3.85173e-08 5.69886e-08 2.98369e-08 -5.56264e-10 
2.48571 7.73004 23635.1 2.00087e-08 7.4464e-08 2.97099e-08 -6.60124e-09 
2.48631 7.72544 23640.8 -2.25753e-09 9.46561e-08 3.53353e-08 -1.48117e-08 
2.48691 7.72084 23646.5 -1.67359e-08 1.06149e-07 4.5645e-08 -1.80263e-08 
2.48751 7.71625 23652.2 -1.8745e-08 1.0483e-07 5.29287e-08 -1.78205e-08 
2.48811 7.71166 23658 -1.23349e-08 9.53043e-08 4.93564e-08 -1.20883e-08 
2.48871 7.70707 23663.7 -9.37616e-09 8.95717e-08 3.59375e-08 -5.5878e-09 
2.48931 7.70248 23669.4 -1.16802e-08 8.9146e-08 2.03167e-08 -3.06685e-09 
2.48991 7.6979 23675.1 -1.68094e-08 9.14356e-08 1.49943e-08 -5.46528e-10 
2.49051 7.69332 23680.8 -2.67818e-08 9.8232e-08 1.36201e-08 -6.90461e-10 
2.49111 7.68874 23686.5 -2.98464e-08 9.782e-08 1.13651e-08 -3.05414e-09 
2.49171 7.68417 23692.2 -2.27958e-08 8.74886e-08 7.39437e-09 -9.18574e-10 
2.49231 7.6796 23697.9 -1.5978e-08 7.78582e-08 -4.34954e-09 1.58394e-09 
2.49291 7.67504 23703.6 -1.65725e-08 7.58465e-08 -2.19742e-08 1.24356e-09 
2.49351 7.67047 23709.3 -1.83377e-08 7.49765e-08 -3.09898e-08 -8.68958e-10 
2.49411 7.66592 23715 -2.04652e-08 7.44428e-08 -2.58445e-08 -2.53396e-09 
2.49471 7.66136 23720.7 -2.28983e-08 7.415e-08 -1.60627e-08 -4.66803e-09 
2.49531 7.65681 23726.4 -2.76218e-08 7.60584e-08 -6.02572e-09 -8.23469e-09 
2.49591 7.65226 23732.1 -3.52592e-08 8.06047e-08 -7.09225e-10 -8.0276e-09 
2.49651 7.64772 23737.8 -3.74289e-08 7.94981e-08 4.99522e-09 -6.37778e-09 
2.49711 7.64318 23743.5 -3.41458e-08 7.30403e-08 1.04648e-08 -4.47523e-09 
2.49771 7.63865 23749.3 -2.39611e-08 6.00888e-08 1.29348e-08 -6.12285e-10 
2.49831 7.63412 23755 -1.09401e-08 4.49591e-08 1.36559e-08 7.04505e-10 
2.49891 7.62959 23760.7 -1.72816e-09 3.42649e-08 1.3781e-08 -1.16796e-09 
2.49951 7.62507 23766.4 -1.36454e-09 3.26818e-08 1.45093e-08 -3.75733e-09 
2.50011 7.62056 23772.1 -4.99981e-09 3.50164e-08 1.89719e-08 -2.29647e-09 
2.50071 7.61604 23777.8 -6.3236e-09 3.49195e-08 2.62072e-08 -2.81482e-09 
2.50131 7.61154 23783.5 -3.91776e-09 3.11699e-08 3.10205e-08 -7.2125e-09 
2.50191 7.60703 23789.2 -6.68105e-10 2.67388e-08 2.74405e-08 -1.23426e-08 
2.50251 7.60254 23794.9 5.30041e-11 2.50022e-08 2.14815e-08 -1.19056e-08 
2.50311 7.59804 23800.6 -5.73271e-09 2.96269e-08 1.5475e-08 -1.87052e-09 
2.50371 7.59356 23806.3 -6.53986e-09 2.91259e-08 1.94844e-08 8.26593e-09 
2.50431 7.58907 23812 -9.9384e-09 3.11795e-08 3.06721e-08 1.40152e-08 
2.50491 7.5846 23817.7 -1.96478e-08 3.9261e-08 3.82923e-08 1.46897e-08 
2.50551 7.58012 23823.4 -3.55478e-08 5.2919e-08 4.30692e-08 1.34383e-08 
2.50611 7.57566 23829.1 -4.88508e-08 6.32926e-08 4.85583e-08 1.27021e-08 
2.50671 7.5712 23834.8 -5.78091e-08 6.88482e-08 5.31564e-08 9.92946e-09 
2.50731 7.56674 23840.5 -6.28239e-08 7.02068e-08 5.14519e-08 -1.68327e-09 
2.50791 7.56229 23846.3 -6.20935e-08 6.57878e-08 4.42567e-08 -8.56991e-09 
2.50851 7.55785 23852 -5.81943e-08 5.84549e-08 3.85943e-08 -3.53676e-09 
2.50911 7.55341 23857.7 -5.88959e-08 5.58822e-08 3.23375e-08 4.1696e-09 
2.50971 7.54898 23863.4 -5.79739e-08 5.17493e-08 3.03821e-08 8.04525e-09 
2.51031 7.54455 23869.1 -5.46962e-08 4.54688e-08 3.56075e-08 6.01379e-09 
2.51091 7.54013 23874.8 -5.6243e-08 4.41521e-08 3.8938e-08 4.17266e-09 
2.51151 7.53571 23880.5 -6.10448e-08 4.59902e-08 3.73528e-08 5.94784e-09 
2.51211 7.5313 23886.2 -6.8169e-08 4.99385e-08 3.59455e-08 1.0525e-08 
2.51271 7.5269 23891.9 -7.06168e-08 4.90163e-08 3.3937e-08 1.38894e-08 
2.51331 7.52251 23897.6 -6.67609e-08 4.19509e-08 3.45251e-08 1.26426e-08 
2.51391 7.51812 23903.3 -6.33792e-08 3.56371e-08 3.13578e-08 1.06655e-08 
2.51451 7.51373 23909 -6.37006e-08 3.31927e-08 2.68767e-08 8.36429e-09 
2.51512 7.50936 23914.7 -6.44839e-08 3.123e-08 2.54975e-08 2.82132e-09 
2.51572 7.50499 23920.4 -6.50969e-08 2.9162e-08 3.00166e-08 -1.05971e-09 
2.51632 7.50062 23926.1 -6.68753e-08 2.82583e-08 3.1468e-08 -2.89589e-09 
2.51692 7.49626 23931.8 -6.97417e-08 2.84288e-08 2.87732e-08 -5.0193e-09 
2.51752 7.49191 23937.6 -7.53603e-08 3.11984e-08 1.87816e-08 -9.84228e-09 
2.51812 7.48757 23943.3 -7.6182e-08 2.90819e-08 6.15882e-09 -1.3814e-08 
2.51872 7.48322 23949 -7.25957e-08 2.27194e-08 -7.03344e-09 -1.2818e-08 
2.51932 7.47889 23954.7 -6.38751e-08 1.15959e-08 -2.29006e-08 -1.22844e-08 
2.51992 7.47456 23960.4 -5.08936e-08 -3.17409e-09 -3.78562e-08 -1.49819e-08 
2.52052 7.47023 23966.1 -3.78645e-08 -1.7284e-08 -5.04812e-08 -1.82292e-08 
2.52112 7.4659 23971.8 -2.88964e-08 -2.67509e-08 -5.97755e-08 -1.43809e-08 
2.52172 7.46158 23977.5 -1.90271e-08 -3.66682e-08 -6.42883e-08 -7.77574e-09 
2.52232 7.45727 23983.2 -7.99397e-09 -4.71828e-08 -6.16196e-08 1.50989e-10 
2.52292 7.45295 23988.9 -6.03366e-09 -4.82867e-08 -6.18272e-08 5.38646e-09 
2.52352 7.44864 23994.6 -9.99176e-09 -4.35762e-08 -6.64462e-08 3.95328e-09 
2.52412 7.44433 24000.3 -9.34279e-09 -4.35866e-08 -6.66536e-08 2.86208e-09 
2.52472 7.44003 24006 -6.30356e-09 -4.58816e-08 -6.43102e-08 9.32899e-10 
2.52532 7.43572 24011.7 -2.68898e-09 -4.85948e-08 -6.61296e-08 -1.80272e-09 
2.52592 7.43142 24017.4 -2.68426e-09 -4.76088e-08 -6.85081e-08 3.27398e-10 
2.52652 7.42712 24023.1 -1.01075e-09 -4.82939e-08 -6.75372e-08 3.8644e-09 
2.52712 7.42281 24028.8 -5.14012e-10 -4.77289e-08 -5.90202e-08 1.1483e-09 
2.52772 7.41851 24034.6 -1.85761e-10 -4.70218e-08 -5.15867e-08 -2.94979e-09 
2.52832 7.41421 24040.3 -2.62479e-09 -4.35749e-08 -4.37856e-08 -3.01989e-09 
2.52892 7.40991 24046 -1.01179e-08 -3.53519e-08 -4.15867e-08 5.47665e-10 
2.52952 7.40561 24051.7 -1.82488e-08 -2.68951e-08 -4.10877e-08 3.38382e-09 
2.53012 7.40131 24057.4 -2.34399e-08 -2.17005e-08 -4.04003e-08 2.93127e-09 
2.53072 7.39701 24063.1 -2.82697e-08 -1.70995e-08 -4.19123e-08 3.08976e-09 
2.53132 7.39271 24068.8 -2.88022e-08 -1.69213e-08 -4.4982e-08 3.37998e-10 
2.53192 7.3884 24074.5 -2.95448e-08 -1.65227e-08 -4.55484e-08 -1.76407e-09 
2.53252 7.3841 24080.2 -2.79138e-08 -1.84911e-08 -4.48984e-08 -3.24824e-09 
2.53312 7.37979 24085.9 -2.10317e-08 -2.5476e-08 -3.7589e-08 -6.95267e-10 
2.53372 7.37548 24091.6 -1.44936e-08 -3.17536e-08 -2.79761e-08 2.68205e-09 
2.53432 7.37116 24097.3 -1.21777e-08 -3.35969e-08 -2.09804e-08 3.73705e-09 
2.53492 7.36685 24103 -1.30417e-08 -3.22312e-08 -1.41525e-08 3.50467e-09 
2.53552 7.36253 24108.7 -1.43036e-08 -3.05491e-08 -7.70276e-09 4.25554e-09 
2.53612 7.3582 24114.4 -1.53741e-08 -2.90861e-08 -1.85107e-09 5.66768e-09 
2.53672 7.35388 24120.1 -2.38309e-08 -2.04579e-08 -2.80317e-09 5.92116e-09 
2.53732 7.34954 24125.9 -3.66845e-08 -7.97167e-09 -8.84378e-09 1.97738e-09 
2.53792 7.34521 24131.6 -4.50558e-08 -5.04e-10 -1.27725e-08 1.48609e-09 
2.53852 7.34087 24137.3 -4.81269e-08 1.45123e-09 -1.27066e-08 4.1973e-09 
2.53912 7.33652 24143 -5.1746e-08 3.81568e-09 -1.75066e-08 6.50241e-09 
2.53972 7.33217 24148.7 -5.16898e-08 2.45521e-09 -2.28488e-08 9.66044e-09 
2.54032 7.32781 24154.4 -5.2535e-08 2.04016e-09 -2.44062e-08 1.48661e-08 
2.54092 7.32345 24160.1 -5.54272e-08 3.61797e-09 -2.45337e-08 1.33341e-08 
2.54152 7.31908 24165.8 -5.96706e-08 6.41609e-09 -2.20697e-08 4.77973e-09 
2.54212 7.31471 24171.5 -6.41823e-08 9.3152e-09 -1.8765e-08 -1.62244e-09 
2.54272 7.31032 24177.2 -7.08097e-08 1.41169e-08 -1.72728e-08 -6.54351e-09 
2.54332 7.30594 24182.9 -7.42966e-08 1.55454e-08 -1.94777e-08 -6.46092e-09 
2.54392 7.30154 24188.6 -7.1768e-08 1.10261e-08 -1.93616e-08 -4.54822e-09 
2.54452 7.29713 24194.3 -7.02447e-08 7.67822e-09 -2.10798e-08 -3.55865e-09 
2.54512 7.29272 24200 -6.99862e-08 5.69803e-09 -2.18849e-08 -3.99615e-09 
2.54572 7.2883 24205.7 -6.93432e-08 3.38076e-09 -1.73325e-08 -7.77876e-09 
2.54632 7.28387 24211.4 -6.20419e-08 -5.36017e-09 -5.19295e-09 -1.28554e-08 
2.54692 7.27944 24217.1 -4.9452e-08 -1.88489e-08 9.78821e-09 -1.46521e-08 
2.54752 7.27499 24222.9 -3.65129e-08 -3.20165e-08 2.08512e-08 -1.21379e-08 
2.54812 7.27054 24228.6 -2.54526e-08 -4.2707e-08 2.74488e-08 -8.41953e-09 
2.54872 7.26609 24234.3 -1.67556e-08 -5.05587e-08 3.31545e-08 -5.51025e-09 
2.54932 7.26163 24240 -8.4142e-09 -5.76504e-08 3.92438e-08 -2.43894e-09 
2.54992 7.25716 24245.7 -8.58155e-09 -5.60164e-08 4.32253e-08 1.61218e-09 
2.55052 7.25269 24251.4 -1.25071e-08 -5.0814e-08 3.97265e-08 1.70519e-09 
2.55112 7.24822 24257.1 -1.20055e-08 -5.01223e-08 3.90722e-08 1.5777e-09 
2.55172 7.24374 24262.8 -1.06147e-08 -5.02916e-08 3.55857e-08 1.75708e-09 
2.55232 7.23927 24268.5 -8.61166e-09 -5.09942e-08 2.85935e-08 -1.06706e-10 
2.55292 7.23479 24274.2 -7.74533e-09 -5.05186e-08 2.1234e-08 -3.77218e-09 
2.55352 7.23031 24279.9 -6.35312e-09 -5.05403e-08 1.81318e-08 -5.71851e-09 
2.55412 7.22583 24285.6 -2.97441e-09 -5.24618e-08 2.00864e-08 -2.16732e-09 
2.55472 7.22135 24291.3 4.32918e-10 -5.4261e-08 2.45516e-08 -9.43299e-10 
2.55532 7.21687 24297 5.92111e-09 -5.79745e-08 2.73981e-08 8.54116e-10 
2.55592 7.21239 24302.7 1.1642e-08 -6.16495e-08 3.04565e-08 3.49019e-09 
2.55652 7.20791 24308.4 1.50967e-08 -6.28978e-08 2.90823e-08 3.99027e-09 
2.55712 7.20344 24314.1 2.10942e-08 -6.65097e-08 2.76368e-08 4.365e-09 
2.55772 7.19897 24319.9 2.51944e-08 -6.8001e-08 2.69903e-08 6.94309e-09 
2.55832 7.19451 24325.6 2.31578e-08 -6.33722e-08 2.27836e-08 9.73767e-09 
2.55892 7.19005 24331.3 2.37681e-08 -6.15203e-08 1.94351e-08 1.25345e-08 
2.55952 7.18559 24337 2.95323e-08 -6.46991e-08 2.19146e-08 1.11753e-08 
2.56012 7.18114 24342.7 3.55115e-08 -6.78509e-08 2.29441e-08 5.65205e-09 
2.56072 7.1767 24348.4 4.15677e-08 -7.08632e-08 2.12861e-08 1.42051e-09 
2.56132 7.17226 24354.1 4.98052e-08 -7.57812e-08 2.22764e-08 -7.72319e-10 
2.56192 7.16783 24359.8 5.93412e-08 -8.16535e-08 2.5582e-08 -2.51761e-09 
2.56252 7.16341 24365.5 7.04581e-08 -8.86843e-08 2.96048e-08 2.35179e-09 
2.56312 7.159 24371.2 7.88663e-08 -9.26312e-08 3.12409e-08 7.3328e-09 
2.56372 7.15459 24376.9 8.71708e-08 -9.61908e-08 3.02479e-08 7.51012e-09 
2.56432 7.1502 24382.6 9.61804e-08 -1.00157e-07 2.87216e-08 3.44546e-09 
2.56492 7.14582 24388.3 1.03668e-07 -1.02299e-07 2.59185e-08 -2.26799e-09 
2.56552 7.14145 24394 1.03295e-07 -9.65459e-08 1.85956e-08 -6.38652e-09 
2.56612 7.13709 24399.7 1.01296e-07 -8.938e-08 1.106e-08 -1.09419e-08 
2.56672 7.13274 24405.4 9.75536e-08 -8.07319e-08 8.03153e-09 -1.02469e-08 
2.56732 7.1284 24411.2 9.35327e-08 -7.21247e-08 5.73252e-09 -6.82294e-09 
2.56792 7.12408 24416.9 8.82751e-08 -6.26186e-08 4.27276e-09 -6.19854e-09 
2.56852 7.11977 24422.6 8.43536e-08 -5.47882e-08 3.96656e-09 -6.62318e-09 
2.56912 7.11548 24428.3 7.96441e-08 -4.64673e-08 6.70272e-09 -5.36827e-09 
2.56972 7.1112 24434 7.52504e-08 -3.87899e-08 1.04963e-08 -3.43866e-09 
2.57032 7.10694 24439.7 7.27769e-08 -3.32844e-08 1.68214e-08 7.62774e-11 
2.57092 7.1027 24445.4 7.08179e-08 -2.84659e-08 2.36334e-08 5.82389e-09 
2.57152 7.09847 24451.1 7.06968e-08 -2.56426e-08 2.70133e-08 1.06904e-08 
2.57213 7.09426 24456.8 7.76635e-08 -2.97965e-08 3.06417e-08 1.18891e-08 
2.57273 7.09007 24462.5 8.1119e-08 -3.02326e-08 3.06508e-08 7.8825e-09 
2.57333 7.08589 24468.2 7.8387e-08 -2.45458e-08 2.46374e-08 1.50352e-09 
2.57393 7.08174 24473.9 6.82108e-08 -1.18335e-08 1.83243e-08 -6.23423e-09 
2.57453 7.07761 24479.6 6.22813e-08 -3.87928e-09 1.54495e-08 -1.08842e-08 
2.57513 7.07349 24485.3 5.87995e-08 1.3647e-09 1.62167e-08 -1.62376e-08 
2.57573 7.0694 24491 5.73961e-08 4.31457e-09 9.62138e-09 -1.54087e-08 
2.57633 7.06533 24496.7 6.23366e-08 9.56097e-10 2.11792e-09 -1.22158e-08 
2.57693 7.06128 24502.4 6.63949e-08 -1.31669e-09 -3.5893e-09 -9.65487e-09 
2.57753 7.05725 24508.2 6.18417e-08 4.96564e-09 -9.37601e-09 -3.88554e-09 
2.57813 7.05324 24513.9 5.44907e-08 1.36778e-08 -1.10248e-08 3.55617e-09 
2.57873 7.04925 24519.6 5.12056e-08 1.80198e-08 -5.02269e-09 7.08412e-09 
2.57933 7.04528 24525.3 5.80741e-08 1.22403e-08 5.26299e-10 8.25918e-09 
2.57993 7.04133 24531 7.27522e-08 -8.25505e-10 7.0944e-10 8.43409e-09 
2.58053 7.0374 24536.7 8.34526e-08 -9.33664e-09 -9.53061e-09 6.76996e-09 
2.58113 7.03348 24542.4 8.61677e-08 -9.61776e-09 -2.30897e-08 5.15695e-09 
2.58173 7.02958 24548.1 8.102e-08 -2.19839e-09 -2.93664e-08 6.45078e-09 
2.58233 7.02569 24553.8 7.24001e-08 8.25702e-09 -2.58216e-08 9.61705e-09 
2.58293 7.02182 24559.5 6.60445e-08 1.59872e-08 -1.73396e-08 1.29561e-08 
2.58353 7.01797 24565.2 6.5732e-08 1.74637e-08 -9.03301e-09 1.40492e-08 
2.58413 7.01412 24570.9 6.5973e-08 1.83608e-08 -6.07962e-09 1.49102e-08 
2.58473 7.0103 24576.6 6.39007e-08 2.1496e-08 -7.65535e-09 1.00939e-08 
2.58533 7.00648 24582.3 5.64134e-08 2.97989e-08 -6.57117e-09 3.06145e-09 
2.58593 7.00268 24588 4.49706e-08 4.15643e-08 -3.92879e-10 -5.97593e-10 
2.58653 6.99888 24593.7 3.44989e-08 5.18095e-08 1.12082e-08 -5.66718e-10 
2.58713 6.9951 24599.5 2.61056e-08 5.95345e-08 2.31548e-08 2.07469e-09 
2.58773 6.99133 24605.2 1.422e-08 7.0298e-08 2.86846e-08 1.75864e-09 
2.58833 6.98757 24610.9 1.76248e-09 8.10071e-08 2.50835e-08 -1.53422e-09 
2.58893 6.98382 24616.6 -5.60886e-10 8.12411e-08 2.31137e-08 -4.54393e-09 
2.58953 6.98007 24622.3 4.06145e-09 7.46267e-08 2.18995e-08 -7.6347e-09 
2.59013 6.97634 24628 9.24391e-09 6.77446e-08 1.71456e-08 -1.07241e-08 
2.59073 6.97261 24633.7 1.03188e-08 6.51248e-08 9.528e-09 -1.47601e-08 
2.59133 6.96888 24639.4 8.57095e-09 6.535e-08 7.16236e-09 -1.88791e-08 
2.59193 6.96517 24645.1 -3.94918e-10 7.25516e-08 7.73777e-09 -1.99995e-08 
2.59253 6.96146 24650.8 -9.04263e-09 7.90235e-08 8.33172e-09 -1.46364e-08 
2.59313 6.95775 24656.5 -1.40633e-08 8.158e-08 7.52417e-09 -1.14845e-08 
2.59373 6.95405 24662.2 -1.44953e-08 7.94882e-08 1.23556e-09 -1.61413e-08 
2.59433 6.95035 24667.9 -1.71625e-08 7.96353e-08 -1.17727e-08 -1.76955e-08 
2.59493 6.94666 24673.6 -2.12575e-08 8.1082e-08 -2.76208e-08 -9.41209e-09 
2.59553 6.94297 24679.3 -2.21233e-08 7.92322e-08 -3.61029e-08 1.21747e-09 
2.59613 6.93928 24685 -2.21568e-08 7.66012e-08 -3.68907e-08 1.13579e-08 
2.59673 6.93559 24690.7 -2.12661e-08 7.3114e-08 -3.56825e-08 1.29596e-08 
2.59733 6.9319 24696.5 -2.45652e-08 7.3854e-08 -3.25706e-08 1.18081e-08 
2.59793 6.92821 24702.2 -3.09419e-08 7.74375e-08 -3.32321e-08 1.30959e-08 
2.59853 6.92452 24707.9 -2.8743e-08 7.23969e-08 -3.02908e-08 1.63109e-08 
2.59913 6.92083 24713.6 -2.09972e-08 6.21158e-08 -2.79988e-08 1.59433e-08 
2.59973 6.91714 24719.3 -1.04311e-08 4.95158e-08 -3.2664e-08 1.11689e-08 
2.60033 6.91344 24725 -9.4426e-10 3.8516e-08 -4.20044e-08 7.80608e-09 
2.60093 6.90975 24730.7 6.33706e-09 3.01505e-08 -5.02101e-08 8.13589e-09 
2.60153 6.90605 24736.4 1.35232e-08 2.22286e-08 -5.3871e-08 7.19462e-09 
2.60213 6.90234 24742.1 1.82238e-08 1.71233e-08 -5.21029e-08 3.15187e-09 
2.60273 6.89863 24747.8 1.63569e-08 1.86462e-08 -5.23376e-08 -9.95999e-10 
2.60333 6.89492 24753.5 1.19875e-08 2.25289e-08 -5.24929e-08 -5.04091e-09 
2.60393 6.8912 24759.2 3.63509e-09 3.011e-08 -5.19201e-08 -8.84094e-09 
2.60453 6.88747 24764.9 -7.81458e-09 4.03262e-08 -5.2879e-08 -1.11969e-08 
2.60513 6.88374 24770.6 -1.54712e-08 4.62931e-08 -5.37616e-08 -9.78344e-09 
2.60573 6.87999 24776.3 -1.83874e-08 4.73425e-08 -5.11062e-08 -5.4078e-09 
2.60633 6.87624 24782 -2.56261e-08 5.25361e-08 -5.08825e-08 -5.04345e-09 
2.60693 6.87249 24787.8 -3.51485e-08 5.96377e-08 -5.23553e-08 -5.44131e-09 
2.60753 6.86872 24793.5 -4.02834e-08 6.20494e-08 -4.77981e-08 -4.47915e-09 
2.60813 6.86494 24799.2 -4.12766e-08 6.02607e-08 -3.89695e-08 -1.28466e-09 
2.60873 6.86116 24804.9 -4.25375e-08 5.87657e-08 -3.39662e-08 4.31738e-09 
2.60933 6.85737 24810.6 -4.24745e-08 5.59762e-08 -3.3967e-08 4.13508e-09 
2.60993 6.85358 24816.3 -4.06368e-08 5.15302e-08 -3.4507e-08 -2.06734e-09 
2.61053 6.84977 24822 -3.62598e-08 4.47438e-08 -3.57438e-08 -6.39891e-09 
2.61113 6.84596 24827.7 -3.02003e-08 3.65924e-08 -3.59951e-08 -5.34774e-09 
2.61173 6.84215 24833.4 -2.63079e-08 3.08935e-08 -3.63119e-08 -4.42013e-09 
2.61233 6.83833 24839.1 -2.80141e-08 3.08953e-08 -3.46935e-08 -2.12267e-09 
2.61293 6.8345 24844.8 -3.53769e-08 3.63506e-08 -3.02256e-08 2.24346e-09 
2.61353 6.83067 24850.5 -4.49501e-08 4.36654e-08 -1.95172e-08 1.70868e-09 
2.61413 6.82683 24856.2 -5.70925e-08 5.3086e-08 -6.60577e-09 -2.12683e-09 
2.61473 6.82299 24861.9 -6.86666e-08 6.14609e-08 6.36337e-09 -7.08018e-09 
2.61533 6.81914 24867.6 -8.02534e-08 6.93879e-08 1.74033e-08 -9.31301e-09 
2.61593 6.81529 24873.3 -8.72668e-08 7.24011e-08 2.70401e-08 -9.26847e-09 
2.61653 6.81144 24879 -8.73959e-08 6.84618e-08 3.60605e-08 -1.07291e-08 
2.61713 6.80758 24884.8 -7.76154e-08 5.49681e-08 4.48459e-08 -1.26815e-08 
2.61773 6.80372 24890.5 -6.83411e-08 4.25749e-08 5.11799e-08 -1.11051e-08 
2.61833 6.79986 24896.2 -6.24967e-08 3.40197e-08 5.16667e-08 -9.56155e-09 
2.61893 6.79599 24901.9 -5.50431e-08 2.42145e-08 5.47505e-08 -6.99637e-09 
2.61953 6.79212 24907.6 -4.73574e-08 1.45836e-08 6.00203e-08 -9.2468e-09 
2.62013 6.78825 24913.3 -4.16323e-08 7.26965e-09 6.09093e-08 -1.00835e-08 
2.62073 6.78438 24919 -4.42391e-08 8.41234e-09 5.56316e-08 -9.32557e-09 
2.62133 6.7805 24924.7 -4.98395e-08 1.23229e-08 4.44221e-08 -6.37371e-09 
2.62193 6.77663 24930.4 -4.86934e-08 9.44042e-09 3.90192e-08 -2.32195e-09 
2.62253 6.77275 24936.1 -4.6491e-08 5.64529e-09 3.42401e-08 6.01076e-09 
2.62313 6.76887 24941.8 -4.05381e-08 -1.65577e-09 2.6873e-08 1.45241e-08 
2.62373 6.765 24947.5 -3.12353e-08 -1.18784e-08 2.23358e-08 1.69876e-08 
2.62433 6.76112 24953.2 -2.19127e-08 -2.16122e-08 2.18971e-08 1.2393e-08 
2.62493 6.75724 24958.9 -1.28635e-08 -3.06321e-08 2.39423e-08 9.37428e-09 
2.62553 6.75337 24964.6 -1.36984e-09 -4.15823e-08 3.13466e-08 7.95868e-09 
2.62613 6.74949 24970.3 4.78703e-09 -4.67727e-08 3.83016e-08 5.66494e-09 
2.62673 6.74562 24976.1 3.99954e-09 -4.4921e-08 4.0196e-08 7.28839e-09 
2.62733 6.74174 24981.8 -1.37243e-09 -3.86927e-08 3.88862e-08 8.84137e-09 
2.62793 6.73787 24987.5 -6.55078e-09 -3.29365e-08 3.75785e-08 6.76311e-09 
2.62853 6.734 24993.2 -1.31355e-08 -2.60811e-08 3.3055e-08 3.58887e-09 
2.62914 6.73013 24998.9 -1.90567e-08 -2.01922e-08 2.49268e-08 -7.91149e-10 
2.62974 6.72627 25004.6 -2.492e-08 -1.46436e-08 1.556e-08 -3.30346e-09 
2.63034 6.72241 25010.3 -2.55147e-08 -1.45064e-08 8.79945e-09 -3.69532e-09 
2.63094 6.71855 25016 -2.17642e-08 -1.86039e-08 6.8742e-09 -6.09073e-09 
2.63154 6.71469 25021.7 -1.61017e-08 -2.43417e-08 7.59588e-09 -1.04937e-08 
2.63214 6.71084 25027.4 -1.33377e-08 -2.69639e-08 8.70895e-09 -1.30884e-08 
2.63274 6.70699 25033.1 -8.23995e-09 -3.17347e-08 1.22743e-08 -1.25948e-08 
2.63334 6.70315 25038.8 -4.14018e-09 -3.52617e-08 1.95723e-08 -1.0829e-08 
2.63394 6.69931 25044.5 -4.38216e-09 -3.43541e-08 2.40803e-08 -3.50502e-09 
2.63454 6.69548 25050.2 -9.36506e-09 -2.88582e-08 2.5126e-08 4.56761e-09 
2.63514 6.69165 25055.9 -1.14744e-08 -2.64337e-08 2.64167e-08 1.24263e-08 
2.63574 6.68782 25061.6 -1.29583e-08 -2.47075e-08 2.90971e-08 1.41853e-08 
2.63634 6.68401 25067.3 -1.4345e-08 -2.31577e-08 2.8148e-08 1.61341e-08 
2.63694 6.68019 25073.1 -1.71529e-08 -2.02787e-08 2.67438e-08 1.994e-08 
2.63754 6.67639 25078.8 -1.94406e-08 -1.80497e-08 2.64968e-08 2.14149e-08 
2.63814 6.67259 25084.5 -2.10696e-08 -1.65558e-08 2.97046e-08 1.87901e-08 
2.63874 6.66879 25090.2 -2.02803e-08 -1.74972e-08 3.32338e-08 1.60734e-08 
2.63934 6.66501 25095.9 -2.01162e-08 -1.7748e-08 3.62123e-08 1.07714e-08 
2.63994 6.66122 25101.6 -2.45754e-08 -1.34619e-08 3.40672e-08 6.82286e-09 
2.64054 6.65744 25107.3 -3.37499e-08 -4.76408e-09 2.89056e-08 6.05455e-09 
2.64114 6.65367 25113 -4.26858e-08 3.25911e-09 2.22058e-08 1.14682e-08 
2.64174 6.64991 25118.7 -4.68768e-08 6.28041e-09 1.70486e-08 1.57368e-08 
2.64234 6.64615 25124.4 -5.58483e-08 1.38483e-08 8.22336e-09 1.72579e-08 
2.64294 6.64239 25130.1 -6.68434e-08 2.29646e-08 -7.37308e-09 1.67374e-08 
2.64354 6.63864 25135.8 -7.15016e-08 2.54386e-08 -1.66205e-08 1.50426e-08 
2.64414 6.63489 25141.5 -7.42255e-08 2.58726e-08 -2.11963e-08 1.70642e-08 
2.64474 6.63115 25147.2 -7.20033e-08 2.14059e-08 -2.47592e-08 1.92306e-08 
2.64534 6.62742 25152.9 -6.82788e-08 1.56593e-08 -2.50741e-08 1.93189e-08 
2.64594 6.62369 25158.6 -6.28746e-08 8.4886e-09 -2.43398e-08 1.82944e-08 
2.64654 6.61996 25164.4 -5.53934e-08 -3.97221e-10 -1.9775e-08 1.35313e-08 
2.64714 6.61624 25170.1 -4.8844e-08 -7.96992e-09 -1.4064e-08 4.48431e-09 
2.64774 6.61253 25175.8 -4.55046e-08 -1.20697e-08 -1.01867e-08 1.7503e-09 
2.64834 6.60882 25181.5 -4.11263e-08 -1.7019e-08 -7.70022e-09 3.87272e-09 
2.64894 6.60511 25187.2 -3.61822e-08 -2.22726e-08 -4.59565e-09 8.06118e-09 
2.64954 6.60141 25192.9 -3.44352e-08 -2.41534e-08 -5.44517e-09 1.19293e-08 
2.65014 6.59771 25198.6 -3.49972e-08 -2.36948e-08 -9.29381e-09 1.4601e-08 
2.65074 6.59402 25204.3 -3.46656e-08 -2.41336e-08 -1.22047e-08 1.41449e-08 
2.65134 6.59033 25210 -3.27741e-08 -2.60588e-08 -1.25622e-08 9.70866e-09 
2.65194 6.58665 25215.7 -2.92514e-08 -2.94877e-08 -1.30181e-08 5.5864e-09 
2.65254 6.58297 25221.4 -2.44029e-08 -3.40255e-08 -1.24769e-08 3.82928e-09 
2.65314 6.57929 25227.1 -2.15346e-08 -3.64003e-08 -1.23417e-08 2.50552e-09 
2.65374 6.57562 25232.8 -1.95601e-08 -3.77782e-08 -1.19922e-08 1.72972e-09 
2.65434 6.57196 25238.5 -1.46824e-08 -4.19184e-08 -1.00917e-08 3.2863e-09 
2.65494 6.56829 25244.2 -8.96711e-09 -4.66219e-08 -6.76861e-09 5.69358e-09 
2.65554 6.56463 25249.9 -8.24813e-09 -4.61944e-08 -8.58074e-09 5.12754e-09 
2.65614 6.56098 25255.6 -9.07451e-09 -4.42557e-08 -1.31033e-08 5.58674e-09 
2.65674 6.55733 25261.4 -8.34341e-09 -4.39038e-08 -1.59205e-08 3.72549e-09 
2.65734 6.55368 25267.1 -7.58535e-09 -4.35344e-08 -1.72288e-08 2.86604e-09 
2.65794 6.55004 25272.8 -1.04632e-08 -3.96058e-08 -2.15566e-08 1.23267e-09 
2.65854 6.5464 25278.5 -1.16151e-08 -3.75315e-08 -2.53107e-08 -7.14375e-10 
2.65914 6.54276 25284.2 -8.44367e-09 -3.97581e-08 -2.47442e-08 6.02639e-11 
2.65974 6.53913 25289.9 -2.2473e-09 -4.47884e-08 -2.14626e-08 2.6777e-09 
2.66034 6.5355 25295.6 3.34184e-09 -4.89689e-08 -1.98885e-08 4.45238e-09 
2.66094 6.53187 25301.3 1.21883e-08 -5.61025e-08 -1.73081e-08 6.50047e-09 
2.66154 6.52825 25307 2.1707e-08 -6.35043e-08 -1.19875e-08 8.51477e-09 
2.66214 6.52463 25312.7 3.10469e-08 -7.03317e-08 -7.32947e-09 6.39398e-09 
2.66274 6.52101 25318.4 4.01361e-08 -7.65426e-08 -4.2402e-09 -1.0457e-10 
2.66334 6.5174 25324.1 5.01648e-08 -8.33064e-08 -2.48588e-09 -3.36698e-09 
2.66394 6.51379 25329.8 5.97621e-08 -8.92671e-08 -4.16496e-09 -6.10745e-09 
2.66454 6.51018 25335.5 7.11476e-08 -9.65997e-08 -7.80688e-09 -8.5664e-09 
2.66514 6.50658 25341.2 7.36695e-08 -9.48067e-08 -1.35843e-08 -5.99507e-09 
2.66574 6.50298 25346.9 7.03485e-08 -8.73393e-08 -2.34075e-08 -4.13098e-09 
2.66634 6.49938 25352.6 6.64111e-08 -7.95145e-08 -2.65963e-08 -3.98468e-09 
2.66694 6.49578 25358.4 6.36024e-08 -7.30979e-08 -2.75074e-08 -5.56222e-09 
2.66754 6.49219 25364.1 6.86782e-08 -7.46002e-08 -2.70234e-08 -7.05393e-09 
2.66814 6.4886 25369.8 7.51294e-08 -7.72599e-08 -2.69688e-08 -8.34378e-09 
2.66874 6.48501 25375.5 7.80373e-08 -7.62498e-08 -3.09113e-08 -8.70016e-09 
2.66934 6.48143 25381.2 7.72038e-08 -7.15397e-08 -3.2052e-08 -8.6967e-09 
2.66994 6.47785 25386.9 7.25234e-08 -6.3207e-08 -2.72509e-08 -6.92702e-09 
2.67054 6.47427 25392.6 6.6149e-08 -5.35352e-08 -1.85168e-08 -9.12446e-09 
2.67114 6.47069 25398.3 6.53918e-08 -4.97666e-08 -1.00868e-08 -1.27358e-08 
2.67174 6.46712 25404 7.49552e-08 -5.61714e-08 -2.51881e-09 -1.57948e-08 
2.67234 6.46354 25409.7 8.30748e-08 -6.07534e-08 -1.84375e-09 -1.60863e-08 
2.67294 6.45997 25415.4 8.09142e-08 -5.49966e-08 -1.0228e-08 -1.35172e-08 
2.67354 6.45641 25421.1 7.10208e-08 -4.19049e-08 -1.71542e-08 -1.10233e-08 
2.67414 6.45284 25426.8 6.02128e-08 -2.84726e-08 -1.3619e-08 -8.64977e-09 
2.67474 6.44928 25432.5 5.15153e-08 -1.76796e-08 -4.23739e-09 -6.24503e-09 
2.67534 6.44572 25438.2 4.82212e-08 -1.26281e-08 2.85975e-09 -4.83656e-09 
2.67594 6.44216 25443.9 5.01571e-08 -1.28795e-08 4.38203e-09 -3.69624e-09 
2.67654 6.43861 25449.7 5.34299e-08 -1.43715e-08 1.08306e-09 -1.14642e-09 
2.67714 6.43505 25455.4 5.3816e-08 -1.29418e-08 -4.54479e-09 -5.71122e-10 
2.67774 6.4315 25461.1 5.37186e-08 -1.10842e-08 -6.85589e-09 1.76111e-09 
2.67834 6.42795 25466.8 5.50298e-08 -1.06646e-08 -3.49274e-09 1.028e-08 
2.67894 6.42441 25472.5 5.85315e-08 -1.23698e-08 1.61406e-09 1.46316e-08 
2.67954 6.42086 25478.2 6.17095e-08 -1.36433e-08 2.95266e-09 1.18703e-08 
2.68014 6.41732 25483.9 6.38702e-08 -1.38306e-08 -1.42433e-09 4.92509e-09 
2.68074 6.41378 25489.6 6.63321e-08 -1.42868e-08 -9.59851e-09 7.74125e-10 
2.68134 6.41024 25495.3 7.40205e-08 -1.98025e-08 -1.75685e-08 -1.14934e-09 
2.68194 6.4067 25501 8.35094e-08 -2.67589e-08 -2.41345e-08 -1.11354e-09 
2.68254 6.40317 25506.7 8.70071e-08 -2.74697e-08 -3.23394e-08 -4.15551e-09 
2.68314 6.39964 25512.4 8.13533e-08 -1.91679e-08 -4.07185e-08 -1.04058e-08 
2.68374 6.3961 25518.1 7.22672e-08 -7.86599e-09 -4.24656e-08 -1.14155e-08 
2.68434 6.39258 25523.8 6.27257e-08 3.38792e-09 -3.6647e-08 -6.50461e-09 
2.68494 6.38905 25529.5 5.70033e-08 1.0412e-08 -2.89133e-08 -2.14444e-09 
2.68554 6.38552 25535.2 5.28006e-08 1.56631e-08 -2.30261e-08 -2.45323e-09 
2.68615 6.382 25540.9 4.99442e-08 1.93581e-08 -2.1671e-08 -6.04798e-09 
2.68675 6.37848 25546.7 4.9195e-08 2.08406e-08 -1.92184e-08 -3.56951e-09 
2.68735 6.37496 25552.4 4.67462e-08 2.39374e-08 -1.37595e-08 1.74348e-09 
2.68795 6.37144 25558.1 4.27885e-08 2.83444e-08 -6.98599e-09 4.04235e-09 
2.68855 6.36792 25563.8 4.34168e-08 2.80701e-08 4.2832e-09 4.09182e-09 
2.68915 6.36441 25569.5 3.83207e-08 3.34469e-08 1.64761e-08 4.10331e-09 
2.68975 6.3609 25575.2 2.82152e-08 4.34203e-08 2.01423e-08 7.14921e-09 
2.69035 6.35738 25580.9 2.14754e-08 4.96287e-08 2.45582e-08 1.10126e-08 
2.69095 6.35387 25586.6 1.99021e-08 5.04691e-08 2.87935e-08 1.37371e-08 
2.69155 6.35037 25592.3 2.15956e-08 4.80852e-08 3.05841e-08 1.35023e-08 
2.69215 6.34686 25598 1.95159e-08 4.94736e-08 2.66856e-08 9.82198e-09 
2.69275 6.34335 25603.7 1.52889e-08 5.2869e-08 2.28083e-08 5.24028e-09 
2.69335 6.33985 25609.4 7.8532e-09 5.9212e-08 2.45591e-08 2.96257e-09 
2.69395 6.33635 25615.1 9.94974e-10 6.46528e-08 3.12658e-08 1.31597e-09 
2.69455 6.33284 25620.8 -6.27804e-09 7.02228e-08 4.10417e-08 5.6383e-09 
2.69515 6.32934 25626.5 -1.52903e-08 7.71843e-08 4.76318e-08 1.06801e-08 
2.69575 6.32585 25632.2 -2.37332e-08 8.32061e-08 5.10367e-08 8.71443e-09 
2.69635 6.32235 25638 -2.76424e-08 8.44452e-08 5.31119e-08 3.31189e-09 
2.69695 6.31885 25643.7 -2.60687e-08 8.02074e-08 5.48153e-08 2.32056e-09 
2.69755 6.31536 25649.4 -2.02416e-08 7.19424e-08 5.42245e-08 3.53027e-09 
2.69815 6.31186 25655.1 -1.25006e-08 6.21359e-08 5.22301e-08 4.51118e-09 
2.69875 6.30837 25660.8 -6.74369e-09 5.46754e-08 5.01644e-08 5.91273e-09 
2.69935 6.30488 25666.5 -4.60245e-09 5.10362e-08 4.89643e-08 7.00615e-09 
2.69995 6.30139 25672.2 -1.92845e-09 4.69816e-08 5.02139e-08 9.86817e-09 
2.70055 6.2979 25677.9 2.20259e-09 4.16613e-08 5.37882e-08 1.03216e-08 
2.70115 6.29442 25683.6 3.44521e-09 3.93878e-08 5.39142e-08 7.87848e-09 
2.70175 6.29093 25689.3 1.0816e-09 4.06969e-08 4.83522e-08 2.32584e-09 
2.70235 6.28745 25695 1.52688e-09 3.91447e-08 4.24045e-08 -3.82293e-09 
2.70295 6.28397 25700.7 6.30027e-09 3.34151e-08 4.02654e-08 -1.00901e-08 
2.70355 6.28049 25706.4 1.04126e-08 2.85858e-08 3.80812e-08 -1.4274e-08 
2.70415 6.27701 25712.1 9.50053e-09 2.88703e-08 3.43346e-08 -1.36976e-08 
2.70475 6.27353 25717.8 6.02693e-09 3.16011e-08 3.23022e-08 -9.84476e-09 
2.70535 6.27006 25723.5 3.30378e-09 3.34548e-08 3.60919e-08 -3.49664e-09 
2.70595 6.26659 25729.2 -1.63553e-09 3.73798e-08 4.10646e-08 -2.51656e-09 
2.70655 6.26312 25735 -9.41578e-09 4.38651e-08 4.11805e-08 -4.55901e-09 
2.70715 6.25965 25740.7 -1.53708e-08 4.82239e-08 3.778e-08 -4.09932e-09 
2.70775 6.25618 25746.4 -2.04782e-08 5.1532e-08 3.28295e-08 -3.44517e-09 
2.70835 6.25272 25752.1 -2.41559e-08 5.32227e-08 2.27125e-08 -3.24927e-09 
2.70895 6.24926 25757.8 -2.1299e-08 4.84075e-08 1.21243e-08 -3.95421e-09 
2.70955 6.2458 25763.5 -1.81296e-08 4.34867e-08 1.91327e-09 -5.53798e-09 
2.71015 6.24234 25769.2 -1.62109e-08 3.99552e-08 -1.05729e-08 -9.66129e-09 
2.71075 6.23888 25774.9 -1.42421e-08 3.65039e-08 -1.94519e-08 -1.42383e-08 
2.71135 6.23543 25780.6 -1.55828e-08 3.64175e-08 -2.47469e-08 -1.1465e-08 
2.71195 6.23198 25786.3 -1.80944e-08 3.74275e-08 -2.89855e-08 -5.90998e-09 
2.71255 6.22853 25792 -2.13473e-08 3.90991e-08 -3.03345e-08 -1.55697e-09 
2.71315 6.22509 25797.7 -2.93455e-08 4.52927e-08 -3.33064e-08 2.13509e-09 
2.71375 6.22165 25803.4 -3.77629e-08 5.15581e-08 -3.76851e-08 3.39929e-09 
2.71435 6.21821 25809.1 -4.4282e-08 5.56284e-08 -3.9919e-08 4.76652e-09 
2.71495 6.21477 25814.8 -4.62424e-08 5.50041e-08 -4.01973e-08 5.85262e-09 
2.71555 6.21134 25820.5 -4.95441e-08 5.56894e-08 -3.9368e-08 2.60062e-09 
2.71615 6.2079 25826.3 -5.35891e-08 5.69835e-08 -4.04279e-08 -3.56183e-10 
2.71675 6.20447 25832 -5.55441e-08 5.61296e-08 -3.62133e-08 -7.61751e-10 
2.71735 6.20105 25837.7 -5.74522e-08 5.52017e-08 -2.92309e-08 -2.47274e-09 
2.71795 6.19763 25843.4 -5.93728e-08 5.42795e-08 -2.15511e-08 -6.03486e-09 
2.71855 6.19421 25849.1 -6.3366e-08 5.53552e-08 -1.63595e-08 -8.54586e-09 
2.71915 6.19079 25854.8 -6.69168e-08 5.58916e-08 -1.29814e-08 -6.06695e-09 
2.71975 6.18737 25860.5 -7.07934e-08 5.66472e-08 -1.20043e-08 -1.5632e-09 
2.72035 6.18396 25866.2 -6.95943e-08 5.23296e-08 -1.2888e-08 -5.13006e-10 
2.72095 6.18056 25871.9 -6.49805e-08 4.4821e-08 -1.41953e-08 -1.83818e-09 
2.72155 6.17715 25877.6 -5.97149e-08 3.69618e-08 -1.8419e-08 -8.47323e-10 
2.72215 6.17375 25883.3 -5.43287e-08 2.92804e-08 -2.32696e-08 4.2198e-11 
2.72275 6.17035 25889 -4.50385e-08 1.80692e-08 -2.47095e-08 1.00093e-09 
2.72335 6.16696 25894.7 -3.25605e-08 4.23109e-09 -2.08455e-08 2.31882e-09 
2.72395 6.16357 25900.4 -2.45373e-08 -4.62431e-09 -1.66999e-08 2.34818e-09 
2.72455 6.16018 25906.1 -2.29197e-08 -6.85237e-09 -1.57546e-08 -1.991e-10 
2.72515 6.1568 25911.8 -2.02507e-08 -1.00377e-08 -1.2694e-08 -7.40051e-10 
2.72575 6.15342 25917.5 -1.69806e-08 -1.36521e-08 -6.17038e-09 2.06755e-09 
2.72635 6.15004 25923.3 -1.81514e-08 -1.27545e-08 -4.09019e-09 6.62867e-09 
2.72695 6.14667 25929 -2.24139e-08 -8.89565e-09 -8.04318e-09 1.22453e-08 
2.72755 6.1433 25934.7 -2.46144e-08 -7.24051e-09 -1.19755e-08 1.36791e-08 
2.72815 6.13993 25940.4 -2.42519e-08 -8.17073e-09 -1.43653e-08 1.33688e-08 
2.72875 6.13657 25946.1 -2.1373e-08 -1.15207e-08 -1.73488e-08 1.12172e-08 
2.72935 6.13321 25951.8 -1.98296e-08 -1.34015e-08 -2.10905e-08 8.499e-09 
2.72995 6.12986 25957.5 -1.94646e-08 -1.40672e-08 -2.58775e-08 5.81724e-09 
2.73055 6.12651 25963.2 -1.49573e-08 -1.8762e-08 -2.69018e-08 6.53875e-09 
2.73115 6.12316 25968.9 -1.07414e-08 -2.29217e-08 -2.42036e-08 1.13438e-08 
2.73175 6.11981 25974.6 -1.15901e-08 -2.19514e-08 -2.58067e-08 1.22322e-08 
2.73235 6.11647 25980.3 -1.09092e-08 -2.25266e-08 -2.81896e-08 1.01724e-08 
2.73295 6.11314 25986 -1.17631e-08 -2.15437e-08 -2.80131e-08 6.4656e-09 
2.73355 6.1098 25991.7 -1.31317e-08 -2.01167e-08 -3.0724e-08 -2.03737e-09 
2.73415 6.10647 25997.4 -1.21702e-08 -2.10142e-08 -3.20736e-08 -8.89998e-09 
2.73475 6.10315 26003.1 -1.18323e-08 -2.12491e-08 -3.30116e-08 -1.17605e-08 
2.73535 6.09982 26008.8 -1.09751e-08 -2.19792e-08 -3.37169e-08 -1.14564e-08 
2.73595 6.0965 26014.6 -7.98698e-09 -2.47552e-08 -3.1212e-08 -1.15897e-08 
2.73655 6.09319 26020.3 -2.30243e-09 -3.00276e-08 -2.50731e-08 -1.26872e-08 
2.73715 6.08987 26026 1.89425e-09 -3.35624e-08 -1.66905e-08 -9.44415e-09 
2.73775 6.08656 26031.7 4.90205e-10 -3.14532e-08 -1.01432e-08 -3.43206e-09 
2.73835 6.08325 26037.4 1.42876e-09 -3.17331e-08 -2.33639e-09 -1.6276e-09 
2.73895 6.07995 26043.1 1.06011e-09 -3.06615e-08 9.42523e-09 -1.65716e-09 
2.73955 6.07665 26048.8 -4.42478e-09 -2.46303e-08 1.48385e-08 -3.93259e-10 
2.74015 6.07335 26054.5 -1.23641e-08 -1.64499e-08 1.66841e-08 -2.3169e-10 
2.74075 6.07006 26060.2 -2.17645e-08 -7.2134e-09 1.63056e-08 -1.28244e-09 
2.74135 6.06676 26065.9 -2.98253e-08 3.09066e-10 1.53557e-08 -3.08863e-09 
2.74195 6.06347 26071.6 -3.83872e-08 7.97268e-09 1.22525e-08 -2.62291e-09 
2.74255 6.06019 26077.3 -4.52551e-08 1.36205e-08 7.57072e-09 -8.79818e-10 
2.74316 6.0569 26083 -5.07039e-08 1.76023e-08 3.11685e-09 -3.39477e-10 
2.74376 6.05362 26088.7 -5.2682e-08 1.79848e-08 4.94562e-11 -2.33784e-09 
2.74436 6.05035 26094.4 -5.28817e-08 1.65899e-08 -9.11591e-10 -4.86268e-09 
2.74496 6.04707 26100.1 -5.23106e-08 1.448e-08 -1.24705e-09 -8.87786e-09 
2.74556 6.0438 26105.8 -5.31847e-08 1.38525e-08 -1.10805e-09 -1.02514e-08 
2.74616 6.04053 26111.6 -5.13401e-08 1.05442e-08 -6.28145e-10 -6.96058e-09 
2.74676 6.03726 26117.3 -4.81848e-08 6.10936e-09 2.90713e-09 -2.20011e-09 
2.74736 6.034 26123 -4.99214e-08 6.63224e-09 2.55557e-09 -1.93206e-09 
2.74796 6.03074 26128.7 -5.09472e-08 6.3899e-09 -5.22357e-10 -5.76245e-10 
2.74856 6.02748 26134.4 -4.9427e-08 3.66308e-09 -1.02362e-10 2.34337e-09 
2.74916 6.02422 26140.1 -5.03771e-08 3.46513e-09 -9.74272e-11 2.7669e-09 
2.74976 6.02097 26145.8 -5.08268e-08 2.73988e-09 -2.59958e-09 3.03729e-09 
2.75036 6.01772 26151.5 -4.76529e-08 -1.50091e-09 -1.44865e-09 5.89158e-09 
2.75096 6.01447 26157.2 -4.60702e-08 -3.99936e-09 8.86942e-10 8.27625e-09 
2.75156 6.01122 26162.9 -4.2626e-08 -8.24745e-09 1.74065e-09 6.89324e-09 
2.75216 6.00798 26168.6 -3.32803e-08 -1.80754e-08 6.59687e-09 4.74151e-09 
2.75276 6.00474 26174.3 -2.72364e-08 -2.41943e-08 1.25468e-08 1.00763e-09 
2.75336 6.0015 26180 -2.79343e-08 -2.34679e-08 1.22963e-08 -1.01365e-09 
2.75396 5.99826 26185.7 -2.50256e-08 -2.63171e-08 1.31984e-08 -2.74652e-09 
2.75456 5.99503 26191.4 -2.13132e-08 -2.97736e-08 1.91101e-08 -2.03811e-09 
2.75516 5.99179 26197.1 -2.37022e-08 -2.70972e-08 1.90482e-08 1.9011e-09 
2.75576 5.98856 26202.8 -2.54369e-08 -2.51984e-08 1.36486e-08 2.53052e-09 
2.75636 5.98533 26208.6 -2.25687e-08 -2.78551e-08 1.12303e-08 2.81929e-09 
2.75696 5.98211 26214.3 -2.35435e-08 -2.65828e-08 8.93811e-09 2.46555e-09 
2.75756 5.97888 26220 -3.13898e-08 -1.86515e-08 2.18826e-09 2.63576e-10 
2.75816 5.97566 26225.7 -3.6949e-08 -1.33295e-08 -1.4676e-09 7.61763e-10 
2.75876 5.97244 26231.4 -3.68166e-08 -1.3792e-08 3.05508e-09 2.12945e-09 
2.75936 5.96922 26237.1 -3.23834e-08 -1.84366e-08 8.36253e-09 4.64688e-09 
2.75996 5.96601 26242.8 -2.17382e-08 -2.89407e-08 1.16722e-08 7.55739e-09 
2.76056 5.96279 26248.5 -9.81953e-09 -4.01732e-08 1.4733e-08 8.76735e-09 
2.76116 5.95958 26254.2 -3.94514e-09 -4.49556e-08 1.58253e-08 1.04715e-08 
2.76176 5.95637 26259.9 -2.78212e-09 -4.49045e-08 1.74288e-08 1.05093e-08 
2.76236 5.95317 26265.6 4.24789e-10 -4.6838e-08 2.39762e-08 6.36062e-09 
2.76296 5.94996 26271.3 7.26707e-09 -5.21927e-08 3.33041e-08 3.00436e-09 
2.76356 5.94676 26277 1.71209e-08 -6.02243e-08 3.66316e-08 7.59326e-10 
2.76416 5.94356 26282.7 3.21625e-08 -7.2909e-08 3.38765e-08 -7.19171e-10 
2.76476 5.94036 26288.4 4.07806e-08 -7.86358e-08 2.73294e-08 -1.92403e-09 
2.76536 5.93716 26294.1 3.85338e-08 -7.3443e-08 1.54543e-08 -4.53837e-09 
2.76596 5.93397 26299.9 3.3585e-08 -6.57958e-08 9.58632e-09 -7.69113e-09 
2.76656 5.93077 26305.6 3.21146e-08 -6.18539e-08 1.24642e-08 -7.574e-09 
2.76716 5.92758 26311.3 3.7594e-08 -6.48179e-08 1.85596e-08 -3.82937e-09 
2.76776 5.92439 26317 4.48869e-08 -6.93556e-08 1.95377e-08 -2.64312e-09 
2.76836 5.92121 26322.7 5.22108e-08 -7.36586e-08 1.36199e-08 -6.91805e-09 
2.76896 5.91802 26328.4 5.79102e-08 -7.61216e-08 6.66065e-09 -9.93695e-09 
2.76956 5.91484 26334.1 6.2834e-08 -7.76521e-08 3.67802e-09 -9.65297e-09 
2.77016 5.91166 26339.8 6.42975e-08 -7.5655e-08 5.33821e-09 -7.66624e-09 
2.77076 5.90849 26345.5 6.42491e-08 -7.22214e-08 7.74826e-09 -4.56568e-09 
2.77136 5.90531 26351.2 6.4995e-08 -6.96449e-08 1.16626e-08 -6.75849e-09 
2.77196 5.90214 26356.9 6.27109e-08 -6.41445e-08 1.34213e-08 -1.11351e-08 
2.77256 5.89897 26362.6 5.75912e-08 -5.60729e-08 1.02003e-08 -9.571e-09 
2.77316 5.8958 26368.3 5.6918e-08 -5.26789e-08 6.63828e-09 -4.57648e-09 
2.77376 5.89263 26374 5.99345e-08 -5.2963e-08 7.12914e-09 -4.09566e-09 
2.77436 5.88947 26379.7 5.88442e-08 -4.91554e-08 5.99652e-09 -5.03237e-09 
2.77496 5.88631 26385.4 5.28808e-08 -4.07022e-08 4.18249e-09 -4.22837e-09 
2.77556 5.88315 26391.1 4.25217e-08 -2.82911e-08 6.77766e-09 2.42681e-09 
2.77616 5.87999 26396.9 3.46141e-08 -1.88211e-08 1.46199e-08 1.15954e-08 
2.77676 5.87684 26402.6 3.37314e-08 -1.66113e-08 2.66897e-08 1.65728e-08 
2.77736 5.87368 26408.3 3.76585e-08 -1.91664e-08 3.5893e-08 1.66672e-08 
2.77796 5.87053 26414 4.29499e-08 -2.29076e-08 3.79361e-08 1.02074e-08 
2.77856 5.86739 26419.7 4.82815e-08 -2.64922e-08 3.52185e-08 6.90223e-09 
2.77916 5.86424 26425.4 5.43871e-08 -3.06456e-08 3.26852e-08 2.87996e-09 
2.77976 5.8611 26431.1 6.14723e-08 -3.55272e-08 3.27655e-08 -3.13766e-09 
2.78036 5.85796 26436.8 6.64299e-08 -3.80571e-08 3.29634e-08 -3.29442e-09 
2.78096 5.85482 26442.5 6.93786e-08 -3.84654e-08 3.03289e-08 -7.73063e-10 
2.78156 5.85168 26448.2 6.93979e-08 -3.59264e-08 2.60569e-08 8.89403e-10 
2.78216 5.84855 26453.9 6.63669e-08 -3.04777e-08 1.85798e-08 3.2986e-09 
2.78276 5.84541 26459.6 6.58336e-08 -2.76795e-08 9.90141e-09 5.4968e-09 
2.78336 5.84229 26465.3 7.05316e-08 -3.00722e-08 2.07337e-09 5.9228e-09 
2.78396 5.83916 26471 7.65148e-08 -3.35398e-08 -6.22516e-09 4.29778e-09 
2.78456 5.83603 26476.7 7.68113e-08 -3.12261e-08 -1.71169e-08 4.50652e-10 
2.78516 5.83291 26482.4 7.25227e-08 -2.44953e-08 -2.71778e-08 -3.12846e-09 
2.78576 5.82979 26488.2 6.86522e-08 -1.84349e-08 -2.97185e-08 -2.80226e-09 
2.78636 5.82667 26493.9 6.59968e-08 -1.37806e-08 -2.58601e-08 3.5817e-10 
2.78696 5.82356 26499.6 6.25604e-08 -8.52342e-09 -2.27702e-08 1.20458e-09 
2.78756 5.82045 26505.3 5.8381e-08 -2.74602e-09 -2.4062e-08 -1.61478e-09 
2.78816 5.81734 26511 5.74828e-08 -4.22008e-10 -2.78944e-08 -4.56865e-09 
2.78876 5.81423 26516.7 5.94429e-08 -9.52529e-10 -3.09966e-08 -1.70603e-09 
2.78936 5.81112 26522.4 6.02975e-08 -3.6108e-10 -3.66796e-08 3.48499e-09 
2.78996 5.80802 26528.1 6.22622e-08 -8.61285e-10 -4.27233e-08 6.82446e-09 
2.79056 5.80492 26533.8 6.10011e-08 1.85403e-09 -4.61829e-08 8.75917e-09 
2.79116 5.80182 26539.5 5.5513e-08 8.59459e-09 -4.93209e-08 9.22952e-09 
2.79176 5.79873 26545.2 4.76837e-08 1.73323e-08 -5.01312e-08 3.5592e-09 
2.79236 5.79563 26550.9 3.96634e-08 2.58755e-08 -4.8546e-08 -4.84762e-09 
2.79296 5.79254 26556.6 2.84294e-08 3.71947e-08 -4.70932e-08 -6.9896e-09 
2.79356 5.78945 26562.3 1.72215e-08 4.79487e-08 -4.91479e-08 -5.36262e-09 
2.79416 5.78637 26568 8.58171e-09 5.5708e-08 -4.94977e-08 -4.98863e-09 
2.79476 5.78328 26573.7 2.06651e-09 6.10005e-08 -5.03616e-08 -6.65394e-09 
2.79536 5.7802 26579.4 1.46777e-09 6.02378e-08 -4.98636e-08 -8.44124e-09 
2.79596 5.77712 26585.2 4.76584e-10 5.98828e-08 -4.71982e-08 -9.96753e-09 
2.79656 5.77404 26590.9 -6.33513e-09 6.51927e-08 -4.63285e-08 -8.99285e-09 
2.79716 5.77097 26596.6 -1.30742e-08 7.01185e-08 -4.42593e-08 -5.60179e-09 
2.79776 5.7679 26602.3 -1.44725e-08 6.95608e-08 -3.5699e-08 -2.00078e-09 
2.79836 5.76483 26608 -1.47676e-08 6.79124e-08 -2.71223e-08 -8.468e-10 
2.79896 5.76176 26613.7 -1.5847e-08 6.70557e-08 -2.4998e-08 6.67523e-10 
2.79956 5.75869 26619.4 -1.68701e-08 6.61183e-08 -2.76119e-08 6.85737e-11 
2.80017 5.75563 26625.1 -1.32159e-08 6.05898e-08 -3.0008e-08 -1.9845e-09 
2.80077 5.75257 26630.8 -7.74461e-09 5.35029e-08 -3.00934e-08 1.71471e-09 
2.80137 5.74951 26636.5 -2.0468e-09 4.646e-08 -3.16278e-08 3.89388e-09 
2.80197 5.74645 26642.2 4.21373e-09 3.91588e-08 -3.1096e-08 4.42062e-09 
2.80257 5.7434 26647.9 6.39249e-09 3.6159e-08 -2.78903e-08 2.20973e-09 
2.80317 5.74035 26653.6 4.79965e-09 3.69476e-08 -2.31943e-08 3.76124e-10 
2.80377 5.7373 26659.3 2.39125e-09 3.84777e-08 -1.4807e-08 5.58919e-10 
2.80437 5.73425 26665 -1.2957e-09 4.1176e-08 -4.49723e-09 -1.82816e-09 
2.80497 5.7312 26670.7 -6.10449e-09 4.48321e-08 4.03997e-09 -3.589e-09 
2.80557 5.72816 26676.5 -1.21008e-08 4.94657e-08 1.00611e-08 -2.14918e-09 
2.80617 5.72512 26682.2 -1.47604e-08 5.05817e-08 1.39531e-08 -1.47046e-09 
2.80677 5.72208 26687.9 -1.19278e-08 4.62655e-08 1.95699e-08 -5.43924e-10 
2.80737 5.71904 26693.6 -9.69205e-09 4.27121e-08 2.34203e-08 4.68162e-09 
2.80797 5.71601 26699.3 -8.13206e-09 3.99484e-08 2.39499e-08 1.09427e-08 
2.80857 5.71298 26705 -6.34974e-09 3.70725e-08 2.58269e-08 1.52365e-08 
2.80917 5.70995 26710.7 -3.58524e-09 3.33481e-08 2.94937e-08 1.51449e-08 
2.80977 5.70692 26716.4 -1.73529e-09 3.06893e-08 3.32922e-08 1.12455e-08 
2.81037 5.70389 26722.1 -3.63054e-09 3.1807e-08 3.33827e-08 5.68371e-09 
2.81097 5.70087 26727.8 -7.96935e-09 3.52564e-08 3.01744e-08 1.31435e-09 
2.81157 5.69785 26733.5 -1.23795e-08 3.8606e-08 2.56149e-08 -9.49828e-10 
2.81217 5.69483 26739.2 -1.29308e-08 3.80237e-08 2.09703e-08 -8.33685e-10 
2.81277 5.69181 26744.9 -1.39161e-08 3.79112e-08 1.61016e-08 3.70229e-10 
2.81337 5.68879 26750.6 -1.69727e-08 3.98025e-08 7.38858e-09 7.78513e-10 
2.81397 5.68578 26756.3 -1.72659e-08 3.88975e-08 1.41197e-09 -3.29758e-09 
2.81457 5.68277 26762 -1.76164e-08 3.80925e-08 6.57057e-10 -9.23854e-09 
2.81517 5.67976 26767.7 -1.97842e-08 3.90953e-08 1.67794e-09 -1.09956e-08 
2.81577 5.67675 26773.5 -2.39578e-08 4.20033e-08 3.94113e-09 -1.09771e-08 
2.81637 5.67375 26779.2 -2.92172e-08 4.58426e-08 8.12494e-09 -1.18357e-08 
2.81697 5.67075 26784.9 -3.89242e-08 5.3854e-08 1.21401e-08 -9.13786e-09 
2.81757 5.66774 26790.6 -4.75253e-08 6.03776e-08 1.34149e-08 -5.00451e-09 
2.81817 5.66475 26796.3 -5.30957e-08 6.36395e-08 1.60895e-08 -3.78997e-09 
2.81877 5.66175 26802 -5.99785e-08 6.80008e-08 1.47565e-08 -1.7774e-09 
2.81937 5.65875 26807.7 -6.5674e-08 7.09492e-08 9.45712e-09 6.53615e-10 
2.81997 5.65576 26813.4 -6.73444e-08 6.97568e-08 4.62232e-09 2.28639e-09 
2.82057 5.65277 26819.1 -6.35311e-08 6.31914e-08 2.64305e-09 3.45732e-09 
2.82117 5.64978 26824.8 -5.94507e-08 5.65951e-08 1.65771e-09 1.79499e-09 
2.82177 5.6468 26830.5 -5.6607e-08 5.14152e-08 -4.19401e-10 5.07957e-10 
2.82237 5.64381 26836.2 -5.32171e-08 4.58407e-08 -2.24693e-10 2.09868e-09 
2.82297 5.64083 26841.9 -4.78087e-08 3.84608e-08 3.80472e-09 1.15473e-09 
2.82357 5.63785 26847.6 -4.4992e-08 3.38788e-08 8.79344e-09 3.07621e-09 
2.82417 5.63487 26853.3 -4.54365e-08 3.25959e-08 1.02042e-08 5.07879e-09 
2.82477 5.6319 26859 -4.67742e-08 3.2161e-08 1.11925e-08 4.21594e-09 
2.82537 5.62892 26864.8 -4.74551e-08 3.10093e-08 1.2217e-08 3.72497e-09 
2.82597 5.62595 26870.5 -4.66764e-08 2.8404e-08 1.33546e-08 2.44599e-10 
2.82657 5.62298 26876.2 -4.63246e-08 2.62459e-08 1.2679e-08 -1.08131e-09 
2.82717 5.62001 26881.9 -4.58433e-08 2.39745e-08 1.11277e-08 4.01382e-10 
2.82777 5.61705 26887.6 -4.49091e-08 2.12718e-08 1.04085e-08 4.17177e-10 
2.82837 5.61409 26893.3 -4.12212e-08 1.59207e-08 1.20523e-08 -3.59083e-10 
2.82897 5.61113 26899 -3.86741e-08 1.18683e-08 1.51546e-08 9.15979e-10 
2.82957 5.60817 26904.7 -3.80198e-08 9.7768e-09 1.59499e-08 -1.73103e-10 
2.83017 5.60521 26910.4 -3.78651e-08 8.21456e-09 1.65415e-08 -2.83936e-09 
2.83077 5.60226 26916.1 -3.82526e-08 7.20472e-09 1.66382e-08 -1.74148e-09 
2.83137 5.5993 26921.8 -3.87539e-08 6.31334e-09 1.48638e-08 7.19406e-10 
2.83197 5.59636 26927.5 -3.92606e-08 5.43664e-09 1.0572e-08 2.02513e-09 
2.83257 5.59341 26933.2 -4.0028e-08 4.83187e-09 4.06548e-09 2.61272e-09 
2.83317 5.59046 26938.9 -4.00158e-08 3.46752e-09 -3.77359e-09 2.67725e-09 
2.83377 5.58752 26944.6 -3.6166e-08 -1.61095e-09 -1.08048e-08 1.12561e-09 
2.83437 5.58458 26950.3 -2.85482e-08 -1.01349e-08 -1.4936e-08 -6.00353e-10 
2.83497 5.58164 26956 -2.44183e-08 -1.48448e-08 -1.87391e-08 2.53073e-10 
2.83557 5.5787 26961.8 -1.90628e-08 -2.05662e-08 -2.3552e-08 3.98035e-09 
2.83617 5.57577 26967.5 -8.44992e-09 -3.11197e-08 -2.02559e-08 7.48876e-09 
2.83677 5.57284 26973.2 -2.27239e-09 -3.68063e-08 -1.47391e-08 8.98833e-09 
2.83737 5.56991 26978.9 5.7482e-10 -3.89427e-08 -1.24491e-08 7.75269e-09 
2.83797 5.56698 26984.6 1.7185e-09 -3.92487e-08 -8.29568e-09 4.18096e-09 
2.83857 5.56406 26990.3 1.65516e-09 -3.82887e-08 -2.96708e-09 -1.07965e-09 
2.83917 5.56113 26996 -3.17606e-10 -3.54185e-08 1.67114e-09 -6.4043e-09 
2.83977 5.55821 27001.7 -4.61587e-09 -3.03186e-08 3.6401e-09 -8.72224e-09 
2.84037 5.5553 27007.4 -1.06529e-08 -2.36634e-08 3.6976e-09 -8.22725e-09 
2.84097 5.55238 27013.1 -1.56108e-08 -1.82837e-08 3.44464e-09 -8.62503e-09 
2.84157 5.54947 27018.8 -2.03698e-08 -1.32432e-08 4.49164e-09 -8.8302e-09 
2.84217 5.54656 27024.5 -2.51978e-08 -8.29338e-09 4.1724e-09 -8.15277e-09 
2.84277 5.54365 27030.2 -2.79758e-08 -5.48534e-09 4.89627e-09 -7.24021e-09 
2.84337 5.54074 27035.9 -3.10528e-08 -2.43585e-09 6.07631e-09 -5.61826e-09 
2.84397 5.53784 27041.6 -3.13198e-08 -2.20708e-09 6.85044e-09 -4.0231e-09 
2.84457 5.53494 27047.3 -3.13261e-08 -2.1464e-09 9.09046e-09 -6.53376e-10 
2.84517 5.53204 27053 -3.49497e-08 1.52366e-09 8.4318e-09 2.12684e-09 
2.84577 5.52914 27058.8 -3.96669e-08 6.17433e-09 6.16937e-09 1.43008e-09 
2.84637 5.52625 27064.5 -4.42245e-08 1.05416e-08 4.74993e-09 3.09349e-09 
2.84697 5.52335 27070.2 -4.67829e-08 1.28346e-08 3.00611e-09 4.31111e-09 
2.84757 5.52046 27075.9 -4.80658e-08 1.38636e-08 -7.92271e-11 1.83467e-09 
2.84817 5.51758 27081.6 -4.87175e-08 1.43069e-08 -5.73906e-09 1.62714e-09 
2.84877 5.51469 27087.3 -4.84642e-08 1.39226e-08 -1.20154e-08 2.3105e-09 
2.84937 5.51181 27093 -4.87075e-08 1.41238e-08 -1.6567e-08 3.48743e-09 
2.84997 5.50893 27098.7 -5.09738e-08 1.63538e-08 -1.97638e-08 4.20709e-09 
2.85057 5.50605 27104.4 -5.17665e-08 1.70791e-08 -2.08583e-08 5.41726e-09 
2.85117 5.50318 27110.1 -4.67995e-08 1.2157e-08 -1.90847e-08 6.71191e-09 
2.85177 5.50031 27115.8 -3.48418e-08 6.45045e-10 -1.59132e-08 8.9315e-09 
2.85237 5.49744 27121.5 -2.67158e-08 -6.55964e-09 -1.58055e-08 1.18099e-08 
2.85297 5.49457 27127.2 -2.74047e-08 -4.8358e-09 -2.36347e-08 1.13239e-08 
2.85357 5.4917 27132.9 -3.1452e-08 8.32458e-11 -3.02738e-08 7.20657e-09 
2.85417 5.48884 27138.6 -3.82045e-08 7.41148e-09 -3.16692e-08 -2.3765e-10 
2.85477 5.48598 27144.3 -4.47963e-08 1.42042e-08 -3.31579e-08 -5.48352e-09 
2.85537 5.48312 27150.1 -4.6951e-08 1.62851e-08 -3.7333e-08 -5.27968e-09 
2.85597 5.48026 27155.8 -4.58542e-08 1.50284e-08 -4.48917e-08 -2.82895e-09 
2.85657 5.47741 27161.5 -4.91512e-08 1.80473e-08 -5.75106e-08 -1.68317e-09 
2.85717 5.47456 27167.2 -5.85624e-08 2.6796e-08 -7.30809e-08 5.955e-10 
2.85778 5.47171 27172.9 -7.10221e-08 3.80135e-08 -8.30865e-08 5.48129e-09 
2.85838 5.46886 27178.6 -8.21337e-08 4.72584e-08 -8.52633e-08 8.45381e-09 
2.85898 5.46602 27184.3 -8.43721e-08 4.72463e-08 -8.15221e-08 7.01591e-09 
2.85958 5.46317 27190 -8.01952e-08 4.08227e-08 -7.58818e-08 9.61676e-10 
2.86018 5.46033 27195.7 -7.63767e-08 3.4872e-08 -7.65373e-08 -6.77117e-09 
2.86078 5.4575 27201.4 -7.30498e-08 2.95058e-08 -8.07197e-08 -1.04255e-08 
2.86138 5.45466 27207.1 -7.14376e-08 2.5905e-08 -8.18169e-08 -7.0604e-09 
2.86198 5.45183 27212.8 -6.88997e-08 2.14143e-08 -7.8064e-08 -3.7494e-09 
2.86258 5.44899 27218.5 -6.70048e-08 1.76485e-08 -6.96003e-08 -6.49359e-09 
2.86318 5.44617 27224.2 -6.62697e-08 1.50664e-08 -6.25839e-08 -1.02701e-08 
2.86378 5.44334 27229.9 -6.33439e-08 1.03726e-08 -5.64397e-08 -7.12007e-09 
2.86438 5.44051 27235.6 -5.9799e-08 5.22117e-09 -5.14641e-08 -6.43092e-10 
2.86498 5.43769 27241.3 -5.45014e-08 -1.46958e-09 -4.89154e-08 2.62255e-09 
2.86558 5.43487 27247.1 -4.47831e-08 -1.22189e-08 -4.61356e-08 5.20436e-09 
2.86618 5.43205 27252.8 -3.25831e-08 -2.48969e-08 -4.10567e-08 7.3347e-09 
2.86678 5.42923 27258.5 -2.446e-08 -3.29845e-08 -3.6535e-08 9.44132e-09 
2.86738 5.42642 27264.2 -1.95982e-08 -3.74728e-08 -3.22522e-08 1.19258e-08 
2.86798 5.42361 27269.9 -1.54114e-08 -4.10279e-08 -2.4439e-08 1.08583e-08 
2.86858 5.42079 27275.6 -5.5058e-09 -4.99332e-08 -1.40603e-08 8.93832e-09 
2.86918 5.41799 27281.3 8.68788e-09 -6.24893e-08 -3.13872e-09 8.62658e-09 
2.86978 5.41518 27287 2.15273e-08 -7.30245e-08 -6.56495e-11 5.62737e-09 
2.87038 5.41237 27292.7 3.35254e-08 -8.21048e-08 -3.16665e-09 4.18963e-09 
2.87098 5.40957 27298.4 4.28714e-08 -8.8002e-08 -7.23265e-09 4.5234e-09 
2.87158 5.40677 27304.1 4.96127e-08 -9.08891e-08 -1.01908e-08 4.34567e-09 
2.87218 5.40397 27309.8 5.30856e-08 -9.02387e-08 -1.14214e-08 3.63089e-09 
2.87278 5.40118 27315.5 5.44025e-08 -8.7288e-08 -1.1789e-08 2.56612e-10 
2.87338 5.39838 27321.2 5.13691e-08 -7.9977e-08 -1.18499e-08 -2.90418e-09 
2.87398 5.39559 27326.9 4.53057e-08 -6.9827e-08 -1.4215e-08 -3.0869e-09 
2.87458 5.3928 27332.6 4.39595e-08 -6.45514e-08 -1.53801e-08 2.57821e-09 
2.87518 5.39001 27338.4 4.665e-08 -6.32432e-08 -1.29895e-08 7.45603e-09 
2.87578 5.38722 27344.1 4.781e-08 -6.03153e-08 -1.29034e-08 9.08717e-09 
2.87638 5.38444 27349.8 4.92072e-08 -5.75942e-08 -1.4076e-08 9.96211e-09 
2.87698 5.38165 27355.5 4.87702e-08 -5.30307e-08 -1.05129e-08 1.00779e-08 
2.87758 5.37887 27361.2 4.49374e-08 -4.52258e-08 -4.55288e-09 1.02941e-08 
2.87818 5.37609 27366.9 4.32808e-08 -3.97915e-08 4.4119e-09 1.1014e-08 
2.87878 5.37332 27372.6 4.36439e-08 -3.64687e-08 1.58144e-08 1.14127e-08 
2.87938 5.37054 27378.3 4.27952e-08 -3.20288e-08 2.34886e-08 8.75976e-09 
2.87998 5.36777 27384 4.03192e-08 -2.61579e-08 2.50408e-08 5.41433e-09 
2.88058 5.365 27389.7 4.07566e-08 -2.33951e-08 2.38951e-08 2.47184e-09 
2.88118 5.36223 27395.4 4.44123e-08 -2.39035e-08 2.36213e-08 -3.86314e-11 
2.88178 5.35946 27401.1 4.70887e-08 -2.34534e-08 2.16418e-08 -1.0715e-11 
2.88238 5.35669 27406.8 4.44654e-08 -1.78786e-08 1.70151e-08 3.3939e-09 
2.88298 5.35393 27412.5 3.77223e-08 -8.60499e-09 1.13222e-08 5.83009e-09 
2.88358 5.35116 27418.2 3.18979e-08 -7.23654e-10 9.77024e-09 4.08999e-09 
2.88418 5.3484 27423.9 2.46474e-08 8.11117e-09 1.06329e-08 2.15094e-09 
2.88478 5.34564 27429.6 1.79647e-08 1.58642e-08 8.11858e-09 2.12758e-09 
2.88538 5.34289 27435.4 1.28317e-08 2.16311e-08 3.76119e-09 2.09965e-09 
2.88598 5.34013 27441.1 8.43208e-09 2.62621e-08 -4.07297e-09 1.41041e-09 
2.88658 5.33738 27446.8 7.52001e-09 2.71077e-08 -1.33779e-08 9.70114e-10 
2.88718 5.33463 27452.5 7.96296e-09 2.64185e-08 -2.26861e-08 2.55066e-09 
2.88778 5.33188 27458.2 9.72459e-09 2.42813e-08 -3.3222e-08 6.24305e-09 
2.88838 5.32913 27463.9 9.53601e-09 2.39811e-08 -4.32154e-08 7.83632e-09 
2.88898 5.32638 27469.6 3.93576e-09 2.88005e-08 -5.52195e-08 1.05848e-08 
2.88958 5.32364 27475.3 -2.02308e-09 3.35594e-08 -6.78547e-08 1.51579e-08 
2.89018 5.3209 27481 -5.73727e-09 3.57363e-08 -7.83711e-08 1.35368e-08 
2.89078 5.31816 27486.7 -1.04875e-08 3.86622e-08 -9.11655e-08 9.58e-09 
2.89138 5.31542 27492.4 -1.66914e-08 4.26967e-08 -1.10088e-07 8.9903e-09 
2.89198 5.31268 27498.1 -2.144e-08 4.49534e-08 -1.31193e-07 9.99434e-09 
2.89258 5.30995 27503.8 -2.39668e-08 4.47687e-08 -1.5141e-07 1.42171e-08 
2.89318 5.30722 27509.5 -2.2907e-08 4.0931e-08 -1.70045e-07 1.89451e-08 
2.89378 5.30449 27515.2 -2.21592e-08 3.74485e-08 -1.86639e-07 2.01913e-08 
2.89438 5.30176 27520.9 -2.41508e-08 3.66755e-08 -2.0349e-07 1.8655e-08 
2.89498 5.29903 27526.7 -2.47409e-08 3.44569e-08 -2.17827e-07 1.55099e-08 
2.89558 5.29631 27532.4 -2.02106e-08 2.72548e-08 -2.2714e-07 1.08182e-08 
2.89618 5.29358 27538.1 -1.34812e-08 1.81923e-08 -2.34252e-07 5.1112e-09 
2.89678 5.29086 27543.8 -5.96465e-09 8.72429e-09 -2.4584e-07 5.14951e-09 
2.89738 5.28814 27549.5 9.97293e-09 -8.56045e-09 -2.58492e-07 6.65291e-09 
2.89798 5.28543 27555.2 3.12887e-08 -3.02717e-08 -2.68356e-07 4.2442e-09 
2.89858 5.28271 27560.9 5.67036e-08 -5.49699e-08 -2.80919e-07 2.49958e-09 
2.89918 5.28 27566.6 8.98923e-08 -8.60559e-08 -2.9168e-07 2.50359e-09 
2.89978 5.27729 27572.3 1.25283e-07 -1.17731e-07 -2.98435e-07 1.53785e-09 
2.90038 5.27458 27578 1.59096e-07 -1.46252e-07 -3.04215e-07 -6.28906e-10 
2.90098 5.27187 27583.7 1.93863e-07 -1.74197e-07 -3.06133e-07 9.92633e-10 
2.90158 5.26917 27589.4 2.31132e-07 -2.03045e-07 -3.00751e-07 2.79887e-09 
2.90218 5.26646 27595.1 2.66825e-07 -2.2872e-07 -2.90656e-07 2.30204e-09 
2.90278 5.26376 27600.8 2.97972e-07 -2.48448e-07 -2.80213e-07 2.39414e-09 
2.90338 5.26106 27606.5 3.28593e-07 -2.66415e-07 -2.67771e-07 3.82785e-09 
2.90398 5.25837 27612.2 3.61674e-07 -2.85589e-07 -2.48644e-07 6.00454e-09 
2.90458 5.25567 27617.9 3.94313e-07 -3.03076e-07 -2.24471e-07 7.48905e-09 
2.90518 5.25298 27623.7 4.23915e-07 -3.16421e-07 -1.98207e-07 7.57461e-09 
2.90578 5.25028 27629.4 4.50312e-07 -3.25665e-07 -1.68302e-07 5.91692e-09 
2.90638 5.2476 27635.1 4.74375e-07 -3.31863e-07 -1.31917e-07 4.26088e-09 
2.90698 5.24491 27640.8 4.95517e-07 -3.34605e-07 -8.90969e-08 2.14252e-09 
2.90758 5.24222 27646.5 5.11896e-07 -3.32285e-07 -4.26605e-08 7.85938e-10 
2.90818 5.23954 27652.2 5.21256e-07 -3.22975e-07 4.8639e-09 1.45782e-09 
2.90878 5.23686 27657.9 5.25274e-07 -3.08701e-07 5.18044e-08 2.76583e-09 
2.90938 5.23418 27663.6 5.26545e-07 -2.92278e-07 9.93879e-08 4.49834e-09 
2.90998 5.2315 27669.3 5.24108e-07 -2.72939e-07 1.45424e-07 4.01735e-09 
2.91058 5.22882 27675 5.18808e-07 -2.51693e-07 1.87898e-07 3.67034e-09 
2.91118 5.22615 27680.7 5.08569e-07 -2.26653e-07 2.26703e-07 6.47946e-09 
2.91178 5.22348 27686.4 4.96458e-07 -2.01069e-07 2.62029e-07 7.9065e-09 
2.91238 5.22081 27692.1 4.81942e-07 -1.74451e-07 2.98193e-07 6.91076e-09 
2.91298 5.21814 27697.8 4.60652e-07 -1.4264e-07 3.30641e-07 6.54956e-09 
2.91358 5.21548 27703.5 4.3652e-07 -1.09761e-07 3.60131e-07 3.77457e-09 
2.91418 5.21281 27709.2 4.05877e-07 -7.22778e-08 3.89505e-07 -1.37924e-09 
2.91479 5.21015 27715 3.67301e-07 -2.9063e-08 4.12611e-07 -6.06846e-09 
2.91539 5.20749 27720.7 3.28147e-07 1.24009e-08 4.31083e-07 -7.63639e-09 
2.91599 5.20483 27726.4 2.87091e-07 5.35094e-08 4.47823e-07 -5.5631e-09 
2.91659 5.20217 27732.1 2.36817e-07 1.01395e-07 4.5471e-07 -5.06012e-09 
2.91719 5.19952 27737.8 1.87437e-07 1.45806e-07 4.51108e-07 -3.50953e-09 
2.91779 5.19687 27743.5 1.45048e-07 1.80989e-07 4.4907e-07 -1.39708e-09 
2.91839 5.19422 27749.2 9.90422e-08 2.17736e-07 4.4236e-07 -3.74541e-09 
2.91899 5.19157 27754.9 5.15892e-08 2.53813e-07 4.24381e-07 -8.13264e-09 
2.91959 5.18892 27760.6 1.03425e-08 2.81805e-07 4.06144e-07 -9.22048e-09 
2.92019 5.18627 27766.3 -3.01363e-08 3.07449e-07 3.89936e-07 -7.57756e-09 
2.92079 5.18363 27772 -7.0842e-08 3.31801e-07 3.67513e-07 -7.86174e-09 
2.92139 5.18099 27777.7 -1.05042e-07 3.48407e-07 3.44501e-07 -6.5945e-09 
2.92199 5.17835 27783.4 -1.42152e-07 3.66902e-07 3.21942e-07 -6.1769e-09 
2.92259 5.17571 27789.1 -1.78713e-07 3.83788e-07 2.9176e-07 -9.79218e-09 
2.92319 5.17307 27794.8 -2.04118e-07 3.88874e-07 2.65493e-07 -1.00741e-08 
2.92379 5.17044 27800.5 -2.28653e-07 3.92833e-07 2.42388e-07 -7.19427e-09 
2.92439 5.1678 27806.2 -2.53429e-07 3.96798e-07 2.12081e-07 -6.02869e-09 
2.92499 5.16517 27812 -2.68176e-07 3.90792e-07 1.83863e-07 -3.89183e-09 
2.92559 5.16254 27817.7 -2.76274e-07 3.78677e-07 1.64271e-07 1.65692e-11 
2.92619 5.15991 27823.4 -2.84519e-07 3.67387e-07 1.43993e-07 -1.55461e-09 
2.92679 5.15729 27829.1 -2.84314e-07 3.4851e-07 1.24446e-07 -4.52641e-09 
2.92739 5.15466 27834.8 -2.78273e-07 3.25063e-07 1.14226e-07 -3.84509e-09 
2.92799 5.15204 27840.5 -2.76239e-07 3.06888e-07 1.03416e-07 -8.59157e-09 
2.92859 5.14941 27846.2 -2.6759e-07 2.83357e-07 9.10847e-08 -1.46602e-08 
2.92919 5.14679 27851.9 -2.51633e-07 2.54156e-07 8.79178e-08 -1.28953e-08 
2.92979 5.14417 27857.6 -2.43932e-07 2.3477e-07 8.245e-08 -1.17273e-08 
2.93039 5.14156 27863.3 -2.35109e-07 2.15522e-07 6.82719e-08 -1.26649e-08 
2.93099 5.13894 27869 -2.14861e-07 1.86417e-07 6.17191e-08 -5.69101e-09 
2.93159 5.13633 27874.7 -1.98038e-07 1.62438e-07 5.73663e-08 1.5362e-09 
2.93219 5.13371 27880.4 -1.84095e-07 1.42724e-07 4.22468e-08 3.79412e-09 
2.93279 5.1311 27886.1 -1.61319e-07 1.15648e-07 2.97393e-08 9.81021e-09 
2.93339 5.12849 27891.8 -1.39996e-07 9.16243e-08 2.37823e-08 1.34025e-08 
2.93399 5.12589 27897.5 -1.21543e-07 7.17806e-08 1.22058e-08 9.8358e-09 
2.93459 5.12328 27903.2 -9.6107e-08 4.63001e-08 4.48671e-09 5.2434e-09 
2.93519 5.12067 27909 -7.47054e-08 2.62068e-08 2.58156e-09 1.11673e-09 
2.93579 5.11807 27914.7 -5.79777e-08 1.17706e-08 -4.23693e-09 -3.04462e-09 
2.93639 5.11547 27920.4 -3.73399e-08 -5.66296e-09 -7.55574e-09 -4.76573e-09 
2.93699 5.11287 27926.1 -2.11237e-08 -1.78116e-08 -5.5705e-09 -3.85378e-09 
2.93759 5.11027 27931.8 -1.58922e-08 -1.85805e-08 -8.3663e-09 -2.43277e-09 
2.93819 5.10767 27937.5 -1.03996e-08 -1.9551e-08 -1.23962e-08 -2.3988e-09 
2.93879 5.10507 27943.2 -1.92383e-09 -2.33528e-08 -7.71025e-09 -4.92218e-09 
2.93939 5.10248 27948.9 -3.90736e-10 -2.02252e-08 -4.33411e-09 -8.94436e-09 
2.93999 5.09988 27954.6 2.60747e-09 -1.87881e-08 -6.66853e-09 -8.31815e-09 
2.94059 5.09729 27960.3 8.20834e-09 -2.00307e-08 -3.06e-09 -5.15475e-09 
2.94119 5.0947 27966 5.60793e-09 -1.33143e-08 7.44294e-10 -5.51359e-09 
2.94179 5.09211 27971.7 2.45256e-09 -6.53152e-09 2.36465e-09 -2.22122e-09 
2.94239 5.08952 27977.4 4.42707e-09 -5.19583e-09 1.21669e-08 2.12463e-09 
2.94299 5.08694 27983.1 2.85065e-09 -5.87467e-10 2.44301e-08 2.8843e-09 
2.94359 5.08435 27988.8 3.06779e-09 1.84468e-09 3.11602e-08 5.18331e-09 
2.94419 5.08177 27994.5 1.1203e-08 -3.73862e-09 4.13777e-08 7.16499e-09 
2.94479 5.07918 28000.3 1.06777e-08 -7.29224e-10 5.15668e-08 4.82237e-09 
2.94539 5.0766 28006 -2.69706e-09 1.45189e-08 5.10018e-08 3.84357e-09 
2.94599 5.07402 28011.7 -1.28889e-08 2.57867e-08 5.17944e-08 9.44522e-09 
2.94659 5.07145 28017.4 -1.81219e-08 3.15615e-08 6.31464e-08 1.27225e-08 
2.94719 5.06887 28023.1 -2.27642e-08 3.62942e-08 7.15586e-08 1.2092e-08 
2.94779 5.0663 28028.8 -1.78301e-08 3.12283e-08 7.36284e-08 9.89578e-09 
2.94839 5.06372 28034.5 -1.20692e-08 2.54409e-08 7.5903e-08 5.75627e-09 
2.94899 5.06115 28040.2 -1.80696e-08 3.12108e-08 7.05992e-08 7.04467e-09 
2.94959 5.05858 28045.9 -2.37482e-08 3.61792e-08 6.57358e-08 1.32072e-08 
2.95019 5.05602 28051.6 -2.38934e-08 3.53347e-08 7.46848e-08 1.3386e-08 
2.95079 5.05345 28057.3 -2.19295e-08 3.22686e-08 8.80672e-08 7.46194e-09 
2.95139 5.05089 28063 -1.77391e-08 2.69647e-08 9.66753e-08 7.06086e-09 
2.95199 5.04833 28068.7 -1.37884e-08 2.19574e-08 9.99991e-08 8.45427e-09 
2.95259 5.04576 28074.4 -1.47964e-08 2.18459e-08 9.85421e-08 4.56734e-09 
2.95319 5.04321 28080.1 -1.67979e-08 2.25164e-08 9.45795e-08 1.76728e-09 
2.95379 5.04065 28085.8 -1.70362e-08 2.1303e-08 9.43213e-08 -1.45071e-09 
2.95439 5.03809 28091.5 -2.51791e-08 2.77719e-08 9.31767e-08 -7.31702e-09 
2.95499 5.03554 28097.3 -3.8027e-08 3.84036e-08 8.51226e-08 -4.31114e-09 
2.95559 5.03299 28103 -4.46388e-08 4.23443e-08 7.94729e-08 3.48735e-09 
2.95619 5.03044 28108.7 -4.83597e-08 4.3195e-08 7.71951e-08 7.48401e-10 
2.95679 5.02789 28114.4 -5.27398e-08 4.45463e-08 6.9131e-08 -2.99566e-09 
2.95739 5.02535 28120.1 -5.54656e-08 4.41362e-08 5.71844e-08 -3.94386e-10 
2.95799 5.02281 28125.8 -5.92738e-08 4.47461e-08 4.67969e-08 1.00729e-10 
2.95859 5.02026 28131.5 -6.30873e-08 4.52524e-08 3.80611e-08 -7.91061e-10 
2.95919 5.01773 28137.2 -6.1888e-08 4.07948e-08 3.4833e-08 1.31016e-10 
2.95979 5.01519 28142.9 -6.45369e-08 4.03168e-08 3.49856e-08 -9.48925e-10 
2.96039 5.01265 28148.6 -7.21683e-08 4.46987e-08 2.92864e-08 -3.84783e-09 
2.96099 5.01012 28154.3 -7.0939e-08 4.02031e-08 2.51496e-08 -3.41755e-09 
2.96159 5.00759 28160 -6.18999e-08 2.83049e-08 2.73177e-08 -2.10552e-09 
2.96219 5.00506 28165.7 -5.43691e-08 1.84448e-08 2.53779e-08 -3.85302e-09 
2.96279 5.00253 28171.4 -5.23373e-08 1.44441e-08 1.63373e-08 -3.88854e-09 
2.96339 5.00001 28177.1 -5.18441e-08 1.21741e-08 7.01373e-09 -1.96638e-09 
2.96399 4.99749 28182.8 -4.96443e-08 8.41248e-09 5.36671e-09 -2.15026e-09 
2.96459 4.99497 28188.6 -4.65748e-08 4.04292e-09 8.89485e-09 -2.50832e-09 
2.96519 4.99245 28194.3 -4.26266e-08 -9.06875e-10 1.26961e-08 -4.34691e-09 
2.96579 4.98993 28200 -3.95277e-08 -4.71914e-09 1.46296e-08 -7.95682e-09 
2.96639 4.98742 28205.7 -3.52383e-08 -9.45843e-09 1.46146e-08 -9.37541e-09 
2.96699 4.98491 28211.4 -2.59106e-08 -1.88485e-08 1.58132e-08 -4.6046e-09 
2.96759 4.9824 28217.1 -1.13556e-08 -3.28719e-08 1.86403e-08 3.61086e-09 
2.96819 4.97989 28222.8 3.80511e-09 -4.6795e-08 2.08582e-08 5.89424e-09 
2.96879 4.97739 28228.5 1.35632e-08 -5.47473e-08 1.9781e-08 4.7741e-10 
2.96939 4.97489 28234.2 1.83015e-08 -5.73802e-08 1.68612e-08 -6.01616e-09 
2.96999 4.97239 28239.9 2.25509e-08 -5.93628e-08 1.6788e-08 -5.70326e-09 
2.97059 4.96989 28245.6 2.89617e-08 -6.3311e-08 1.95804e-08 -8.65517e-10 
2.97119 4.96739 28251.3 3.48364e-08 -6.6491e-08 2.02556e-08 -1.48637e-09 
2.9718 4.9649 28257 3.68125e-08 -6.56631e-08 1.37621e-08 -8.68355e-09 
2.9724 4.96241 28262.7 3.76869e-08 -6.37532e-08 2.04929e-09 -1.34252e-08 
2.973 4.95992 28268.4 3.97445e-08 -6.30357e-08 -8.72926e-09 -8.78953e-09 
2.9736 4.95744 28274.1 4.23849e-08 -6.28797e-08 -1.76995e-08 -1.74205e-10 
2.9742 4.95495 28279.8 4.39547e-08 -6.16331e-08 -2.5165e-08 4.20361e-09 
2.9748 4.95247 28285.6 3.93608e-08 -5.43607e-08 -3.20364e-08 -7.79825e-10 
2.9754 4.94999 28291.3 3.23411e-08 -4.50229e-08 -3.86154e-08 -9.45972e-09 
2.976 4.94751 28297 2.96116e-08 -4.02602e-08 -3.87216e-08 -9.54871e-09 
2.9766 4.94504 28302.7 2.78739e-08 -3.66421e-08 -3.48024e-08 -3.07361e-09 
2.9772 4.94256 28308.4 2.63218e-08 -3.3358e-08 -3.40843e-08 3.68472e-09 
2.9778 4.94009 28314.1 2.70178e-08 -3.24143e-08 -3.53188e-08 6.51079e-09 
2.9784 4.93762 28319.8 3.09389e-08 -3.46665e-08 -3.60224e-08 2.48207e-09 
2.979 4.93515 28325.5 3.57612e-08 -3.76917e-08 -3.55973e-08 -1.89512e-09 
2.9796 4.93268 28331.2 3.95146e-08 -3.95412e-08 -3.58389e-08 -4.25659e-10 
2.9802 4.93022 28336.9 4.27992e-08 -4.08389e-08 -3.48983e-08 2.43889e-09 
2.9808 4.92775 28342.6 4.22579e-08 -3.83116e-08 -3.21556e-08 1.4903e-09 
2.9814 4.92529 28348.3 3.91696e-08 -3.33944e-08 -2.9953e-08 -2.44098e-09 
2.982 4.92283 28354 3.77547e-08 -3.03095e-08 -2.6176e-08 -4.45854e-09 
2.9826 4.92037 28359.7 3.73131e-08 -2.82813e-08 -2.14867e-08 4.39335e-10 
2.9832 4.91791 28365.4 3.60323e-08 -2.54977e-08 -1.97078e-08 7.36048e-09 
2.9838 4.91545 28371.1 3.54871e-08 -2.35412e-08 -2.0703e-08 8.92274e-09 
2.9844 4.91299 28376.9 3.73207e-08 -2.39788e-08 -2.09223e-08 6.18915e-09 
2.985 4.91054 28382.6 4.1571e-08 -2.67449e-08 -1.92196e-08 7.05403e-09 
2.9856 4.90808 28388.3 4.55399e-08 -2.90818e-08 -1.56773e-08 1.24038e-08 
2.9862 4.90563 28394 4.58702e-08 -2.77325e-08 -1.25063e-08 1.38357e-08 
2.9868 4.90318 28399.7 4.64505e-08 -2.66686e-08 -8.6667e-09 1.17371e-08 
2.9874 4.90073 28405.4 4.83858e-08 -2.69369e-08 -1.13258e-09 8.74414e-09 
2.988 4.89828 28411.1 5.01963e-08 -2.70387e-08 6.09579e-09 6.33297e-09 
2.9886 4.89583 28416.8 5.08159e-08 -2.59293e-08 1.04563e-08 6.89922e-09 
2.9892 4.89338 28422.5 5.06143e-08 -2.40367e-08 1.08331e-08 8.3994e-09 
2.9898 4.89093 28428.2 5.43735e-08 -2.60701e-08 9.90777e-09 7.55044e-09 
2.9904 4.88848 28433.9 6.01089e-08 -2.98966e-08 1.00447e-08 3.78061e-09 
2.991 4.88603 28439.6 6.35578e-08 -3.1278e-08 8.01515e-09 1.61158e-09 
2.9916 4.88359 28445.3 6.36009e-08 -2.92197e-08 4.59597e-09 2.77437e-10 
2.9922 4.88114 28451 6.07671e-08 -2.43842e-08 2.72345e-09 -2.0601e-09 
2.9928 4.8787 28456.7 5.7365e-08 -1.91464e-08 4.24999e-09 -3.4382e-09 
2.9934 4.87625 28462.4 5.3232e-08 -1.33546e-08 8.94697e-09 -7.28066e-09 
2.994 4.87381 28468.1 4.57459e-08 -4.47423e-09 1.34231e-08 -1.25683e-08 
2.9946 4.87137 28473.9 3.63637e-08 5.91486e-09 1.56037e-08 -1.30551e-08 
2.9952 4.86892 28479.6 2.84189e-08 1.4495e-08 1.78825e-08 -1.10189e-08 
2.9958 4.86648 28485.3 2.24053e-08 2.08538e-08 2.02689e-08 -1.03336e-08 
2.9964 4.86404 28491 1.99427e-08 2.34778e-08 2.16236e-08 -5.88175e-09 
2.997 4.86159 28496.7 2.10717e-08 2.24924e-08 2.33354e-08 1.74762e-09 
2.9976 4.85915 28502.4 1.94517e-08 2.42638e-08 2.42951e-08 5.08703e-09 
2.9982 4.85671 28508.1 1.60362e-08 2.76975e-08 2.18236e-08 5.5505e-09 
2.9988 4.85427 28513.8 1.78189e-08 2.59013e-08 2.25822e-08 4.61455e-09 
2.9994 4.85182 28519.5 1.86118e-08 2.51761e-08 2.70482e-08 4.04715e-09 
3 4.84938 28525.2 1.59775e-08 2.78138e-08 2.69451e-08 4.14658e-09 
